trade_date,close_price,portfolio_value_PPO_Paper,portfolio_value_TA_RSI,portfolio_value_TA_MACD,portfolio_value_TA_SMA_Crossover,portfolio_value_TA_Stochastic,portfolio_value_TA_All_Signals,portfolio_value_Buy_and_Hold,pnl_PPO_Paper
2022-10-14,138.380005,138.380005,138.380005,138.380005,138.380005,138.380005,138.380005,138.380005,0.0
2022-10-17,142.410004,142.410004,138.380005,138.380005,138.380005,138.380005,138.380005,142.410004,4.029998999999975
2022-10-18,143.75,143.75,138.380005,139.6820810337875,138.380005,138.380005,138.380005,143.75,5.369994999999989
2022-10-19,143.860001,143.860001,138.380005,139.78896916314957,138.380005,138.380005,138.380005,143.860001,5.479996
2022-10-20,143.389999,143.860001,138.380005,139.33226754610578,138.380005,137.92790658030088,138.380005,143.389999,5.479996
2022-10-21,147.270004,147.75272383334078,138.380005,143.10247396573362,138.380005,141.66011224947803,138.380005,147.270004,9.37271883334077
2022-10-24,149.449997,149.93986238796194,138.380005,145.22077628837079,138.380005,143.7570637310783,138.380005,149.449997,11.559857387961927
2022-10-25,152.339996,149.93986238796194,138.380005,148.02899245884427,138.380005,146.53697526513977,138.380005,152.339996,11.559857387961927
2022-10-26,149.350006,149.93986238796194,135.6640089253385,145.12361489035584,138.380005,143.66088164444008,138.380005,149.350006,11.559857387961927
2022-10-27,144.800003,145.37188919561527,135.6640089253385,145.12361489035584,138.380005,139.28419991558332,138.380005,144.800003,6.991884195615256
2022-10-28,155.740005,156.3550986265143,135.6640089253385,145.12361489035584,138.380005,149.80746921168188,138.380005,155.740005,17.97509362651428
2022-10-31,153.339996,156.3550986265143,133.57337818215282,142.8872082468002,138.380005,147.4988827031913,138.380005,153.339996,17.97509362651428
2022-11-01,150.649994,153.61220349812572,131.2301366024625,140.38057667001112,138.380005,144.9113497710178,138.380005,150.649994,15.232198498125712
2022-11-14,148.279999,151.19560762206123,131.2301366024625,140.38057667001112,138.380005,142.63163395237288,138.380005,148.279999,12.81560262206122
2022-11-15,150.039993,152.9902081348464,131.2301366024625,140.38057667001112,138.380005,144.32458527189894,138.380005,150.039993,14.610203134846387
2022-11-16,148.789993,151.7156295618618,131.2301366024625,139.21105035020176,138.380005,143.12220097433453,138.380005,148.789993,13.335624561861778
2022-11-17,150.720001,151.7156295618618,131.2301366024625,141.01680647295586,138.380005,144.97869002503347,138.380005,150.720001,13.335624561861778
2022-11-18,151.289993,152.28938682401326,131.72642194963623,141.5501029898205,138.380005,145.52696956946335,138.380005,151.289993,13.909381824013252
2022-11-21,148.009995,148.98772176144703,128.87056617243383,138.4812677978828,138.380005,142.37191509646922,138.380005,148.009995,10.607716761447023
2022-11-22,150.179993,151.17205436849088,128.87056617243383,138.4812677978828,138.380005,144.45925231322613,138.380005,150.179993,12.792049368490865
2022-11-23,151.070007,152.06794763702177,128.87056617243383,138.4812677978828,138.380005,145.31536339979613,138.380005,151.070007,13.687942637021763
2022-11-25,148.110001,152.06794763702177,126.34552724069009,138.4812677978828,135.66864188289875,142.468111611719,138.380005,148.110001,13.687942637021763
2022-11-28,144.220001,152.06794763702177,126.34552724069009,138.4812677978828,132.1054050092154,138.72629167769855,138.380005,144.220001,13.687942637021763
2023-01-06,129.619995,152.06794763702177,126.34552724069009,138.4812677978828,132.1054050092154,124.68243731070163,138.380005,129.619995,13.687942637021763
2023-01-09,130.149994,152.6897333436149,126.34552724069009,138.4812677978828,132.1054050092154,124.68243731070163,138.380005,130.149994,14.309728343614893
2023-01-10,130.729996,153.37018170935792,126.34552724069009,139.0983973867271,132.1054050092154,124.68243731070163,138.380005,130.729996,14.990176709357911
2023-01-11,133.490005,156.608176774006,126.34552724069009,142.03508246604846,132.1054050092154,124.68243731070163,138.380005,133.490005,18.228171774006
2023-01-12,133.410004,156.51432097746078,126.34552724069009,141.94996037295718,132.1054050092154,124.68243731070163,138.380005,133.410004,18.134315977460773
2023-01-13,134.759995,158.09810718805628,126.34552724069009,143.3863681625398,132.1054050092154,125.94411307099554,138.380005,134.759995,19.718102188056264
2023-01-17,135.940002,158.09810718805628,126.34552724069009,144.6419107895366,132.1054050092154,127.04692503705836,138.380005,135.940002,19.718102188056264
2023-01-18,135.210007,158.09810718805628,126.34552724069009,143.8651867192603,132.1054050092154,126.36468567647319,138.380005,135.210007,19.718102188056264
2023-01-19,135.270004,158.09810718805628,126.34552724069009,143.92902429903054,132.1054050092154,126.42075772479822,138.380005,135.270004,19.718102188056264
2023-01-20,137.869995,161.1368714643254,126.34552724069009,143.92902429903054,132.1054050092154,128.85065956983442,138.380005,137.869995,22.756866464325384
2023-01-23,141.110001,164.92365937539805,129.31470313957223,147.31142017351365,132.1054050092154,131.87870718897173,138.380005,141.110001,26.543654375398035
2023-01-24,142.529999,164.92365937539805,130.6160043834776,148.79382340887008,132.1054050092154,133.20581015207728,138.380005,142.529999,26.543654375398035
2023-01-25,141.860001,164.92365937539802,130.00201110263205,148.0943807315689,132.1054050092154,132.57964283981713,138.380005,141.860001,26.543654375398006
2023-01-26,143.960007,167.3650852303879,131.92647889766323,148.0943807315689,132.1054050092154,134.54226826966942,138.380005,143.960007,28.985080230387894
2023-01-27,145.929993,169.65535237932372,133.7317949842184,150.12094257189904,132.1054050092154,136.38337949509116,138.380005,145.929993,31.275347379323705
2023-01-30,143.0,166.24899989026446,131.04671829007236,147.1068033819584,132.1054050092154,133.64506409452125,138.380005,143.0,27.868994890264446
2023-01-31,144.289993,166.24899989026446,132.22888157166093,147.1068033819584,132.1054050092154,134.85066687190925,138.380005,144.289993,27.868994890264446
2023-02-02,150.820007,166.24899989026446,138.21305573311707,147.1068033819584,132.1054050092154,140.95349302273527,138.380005,150.820007,27.868994890264446
2023-02-03,154.5,170.3054587648034,141.58544039032293,150.69619458718478,132.1054050092154,144.39274407415058,138.380005,154.5,31.925453764803393
2023-02-06,151.729996,170.3054587648034,139.0469793144462,147.99438836199852,129.73690986166105,141.80395133203814,135.89901362543677,151.729996,31.925453764803393
2023-02-07,154.649994,170.3054587648034,141.7228964844712,147.99438836199852,132.23365755367462,144.53292559683445,135.89901362543677,154.649994,31.925453764803393
2023-02-08,151.919998,167.29910092940588,139.22109916457592,147.99438836199852,129.89937129313392,141.98152356608068,135.89901362543677,151.919998,28.91909592940587
2023-02-09,150.869995,166.14280445635578,138.2588652670603,147.99438836199852,129.00156500461682,141.00021085115452,135.89901362543677,150.869995,27.762799456355765
2023-02-10,151.009995,166.2969768789365,138.38716275349816,147.99438836199852,129.12127216773197,141.1310521726457,135.89901362543677,151.009995,27.916971878936494
2023-02-13,153.850006,169.42448670769272,140.98977898746813,147.99438836199852,131.54962688220206,143.78527211756978,135.89901362543677,153.850006,31.04448170769271
2023-02-14,153.199997,169.42448670769272,140.39410383845404,147.99438836199852,130.99383592942124,143.17778614227595,135.89901362543677,153.199997,31.04448170769271
2023-02-15,155.330002,169.42448670769272,142.34606303559704,147.99438836199852,132.81509918635751,145.16844806358122,135.89901362543677,155.330002,31.04448170769271
2023-02-16,153.710007,169.42448670769272,140.8614824174409,147.99438836199852,131.42992057413807,143.6544317306595,135.89901362543677,153.710007,31.04448170769271
2023-02-17,152.550003,168.14589017312312,139.79844243559924,147.99438836199852,130.4380578024079,142.57031418569517,135.89901362543677,152.550003,29.76588517312311
2023-02-21,148.479996,168.14589017312312,136.06864480785364,147.99438836199852,126.95799357505942,138.76656351170809,135.89901362543677,148.479996,29.76588517312311
2023-03-06,153.830002,174.20449433217462,136.06864480785364,147.99438836199852,131.53252243869525,143.76657676189043,135.89901362543677,153.830002,35.82448933217461
2023-03-07,151.600006,174.20449433217462,134.09612625034276,147.99438836199852,129.62576176070863,143.76657676189043,135.89901362543677,151.600006,35.82448933217461
2023-03-08,152.869995,175.66384646143786,135.21948112198137,147.99438836199852,130.7116673348332,144.97094327791322,135.89901362543677,152.869995,37.283841461437845
2023-03-09,150.589996,173.043885662275,133.2027329580357,147.99438836199852,128.76215153343773,142.8087556903314,135.89901362543677,150.589996,34.66388066227498
2023-03-10,148.5,170.64225847278615,133.2027329580357,147.99438836199852,126.97509801856626,140.82675332572697,135.89901362543677,148.5,32.26225347278614
2023-03-13,150.470001,170.64225847278615,133.2027329580357,147.99438836199852,128.65954966888054,140.82675332572697,135.89901362543677,150.470001,32.26225347278614
2023-03-14,152.589996,173.04646351264003,133.2027329580357,147.99438836199852,130.4722538636541,140.82675332572697,135.89901362543677,152.589996,34.66645851264002
2023-03-15,152.990005,173.04646351264003,133.55191896894436,147.99438836199852,130.81428202515784,140.82675332572697,135.89901362543677,152.990005,34.66645851264002
2023-03-16,155.850006,176.28140071453512,136.04854364585123,147.99438836199852,133.25972921241845,143.45937403410812,135.89901362543677,155.850006,37.90139571453511
2023-03-17,155.0,175.3199618789424,135.30653483007845,147.1872269039872,132.53293059176949,142.67694654619876,135.1578203464599,155.0,36.93995687894238
2023-03-20,157.399994,175.3199618789424,137.40159851880736,149.46624923589823,134.58504825772215,144.88613245361293,137.2505813650701,157.399994,36.93995687894238
2023-03-21,159.279999,177.4140051921348,139.04274020921525,151.25149260696682,136.19254872338138,146.61667034323608,138.8899192879117,159.279999,39.03400019213478
2023-03-22,157.830002,175.7989262311751,137.77697201835068,149.87458268794038,134.952727099128,145.2819532821964,137.62554229417682,157.830002,37.41892123117509
2023-03-23,158.929993,177.02415105670576,138.73720408644274,149.87458268794038,135.8932756852865,146.2944910699919,137.62554229417682,158.929993,38.64414605670575
2023-03-24,160.25,178.49444067387017,139.88949810658113,151.11937918315044,137.02194920858747,147.50955280018292,138.76860330977198,160.25,40.11443567387016
2023-03-27,158.279999,178.49444067387017,138.16979482321474,149.2616236255206,135.33749755827318,145.69617391390577,137.06267952013795,158.279999,40.11443567387016
2023-03-28,157.649994,178.49444067387017,137.61983486530747,149.2616236255206,134.7988110489992,145.11625656094552,137.06267952013795,157.649994,40.11443567387016
2023-03-29,160.770004,178.49444067387017,140.34343319908294,149.2616236255206,137.4665792346484,147.9882146254204,137.06267952013795,160.770004,40.11443567387016
2023-03-30,162.360001,180.25973033069033,141.7314137439876,150.73780405641557,138.82610802201694,149.4518011865663,138.41821378540413,162.360001,41.87972533069032
2023-03-31,164.899994,180.25973033069033,143.94868891381114,153.09597703486156,140.99793199603357,151.7898556735903,140.5836565787152,164.899994,41.87972533069032
2023-04-03,166.169998,181.64802982668,145.05733304581332,154.27507048721296,142.08385039592562,152.9588898208255,141.66638436941236,166.169998,43.26802482667998
2023-04-04,165.630005,181.05773876481095,144.5859486479908,153.7737317429133,141.62212875212538,152.46182819246218,141.20601934073377,165.630005,42.67773376481094
2023-04-05,163.759995,179.01354525006954,142.95353204671596,153.7737317429133,140.0231745228614,150.74049066465017,141.20601934073377,163.759995,40.63354025006953
2023-04-14,165.210007,179.01354525006954,144.21931333176133,153.7737317429133,141.26300897288226,152.07522153313627,141.20601934073377,165.210007,40.63354025006953
2023-04-17,165.229996,179.01354525006954,144.2367626370821,153.7737317429133,141.2801005906216,152.09362133626217,141.20601934073377,165.229996,40.63354025006953
2023-04-18,166.470001,179.01354525006954,145.31921928044966,153.7737317429133,142.34036831061158,153.2350415111139,141.20601934073377,166.470001,40.63354025006953
2023-04-19,167.630005,179.01354525006954,146.33183941999178,153.7737317429133,143.33223108234176,154.3028210511228,141.20601934073377,167.630005,40.63354025006953
2023-04-20,166.649994,179.01354525006954,145.47634333931202,152.87472831796498,142.4942715349729,153.40072442491834,140.3804902105513,166.649994,40.63354025006953
2023-04-21,165.020004,179.01354525006954,144.05345108958508,152.87472831796498,141.1005466863582,151.90032445007424,140.3804902105513,165.020004,40.63354025006953
2023-04-24,165.330002,179.34983078912717,144.32406241335445,152.87472831796498,141.36561083743942,152.18567650217378,140.3804902105513,165.330002,40.96982578912716
2023-04-25,163.770004,179.34983078912717,142.96226935708444,152.87472831796498,140.031732729973,150.74970391341134,140.3804902105513,163.770004,40.96982578912716
2023-04-26,163.759995,179.34983078912717,142.96226935708444,152.87472831796498,140.0231745228614,150.74970391341134,140.3804902105513,163.759995,40.96982578912716
2023-04-27,168.410004,179.34983078912717,142.96226935708444,152.87472831796498,143.99917013607498,150.74970391341134,140.3804902105513,168.410004,40.96982578912716
2023-04-28,169.679993,179.34983078912717,144.04035560603754,152.87472831796498,145.08507571019956,151.886515629913,140.3804902105513,169.679993,40.96982578912716
2023-05-01,169.589996,179.34983078912717,143.96395767806573,152.87472831796498,145.00812367049335,151.80595615731127,140.3804902105513,169.589996,40.96982578912716
2023-05-02,168.539993,179.34983078912717,143.07261626041603,151.92821657113973,144.11031738197624,150.86606162849105,139.51133554730956,168.539993,40.96982578912716
2023-05-03,167.449997,178.18992449815664,142.14732501851245,151.92821657113973,143.17831503221296,149.89036796205775,139.51133554730956,167.449997,39.80991949815663
2023-05-05,173.570007,178.18992449815664,147.34256578394852,151.92821657113973,148.41123671318672,155.36860365788445,139.51133554730956,173.570007,39.80991949815663
2023-05-08,173.5,178.11805411997346,147.28313725029156,151.86693848029137,148.351377146271,155.30593793571117,139.45506562927204,173.5,39.738049119973454
2023-05-09,171.770004,178.11805411997346,145.81455374417945,150.3526491655758,146.8721420508385,153.75735781233925,138.06453706605373,171.770004,39.738049119973454
2023-05-10,173.559998,179.97420036636015,147.33406920227281,150.3526491655758,148.40267850607518,155.35964425077898,138.06453706605373,173.559998,41.59419536636014
2023-05-11,173.75,180.17122421063337,147.49536079099803,150.51724529588202,148.56513993754805,155.52972170795283,138.21568098443302,173.75,41.79121921063336
2023-05-12,172.570007,178.947622579727,146.49367162112264,149.49503352132996,147.55618554807856,154.4734685689178,137.277013151041,172.570007,40.567617579727
2023-05-15,172.070007,178.42914423667483,146.0692245397097,149.49503352132996,147.12865996552446,154.02590102443452,137.277013151041,172.070007,40.04913923667482
2023-05-16,172.070007,178.42914423667483,146.0692245397097,149.49503352132996,147.12865996552446,154.02590102443452,137.277013151041,172.070007,40.04913923667482
2023-05-17,172.690002,178.42914423667483,146.59553467619094,149.49503352132996,147.6587874126357,154.58088030391835,137.277013151041,172.690002,40.04913923667482
2023-05-18,175.050003,178.42914423667483,148.59892574935418,149.49503352132996,149.6767090173422,156.6934000090147,137.277013151041,175.050003,40.04913923667482
2023-05-19,175.160004,178.42914423667483,148.69230495615918,149.49503352132996,149.77076550055526,156.79186576393613,137.277013151041,175.160004,40.04913923667482
2023-05-22,174.199997,178.42914423667483,147.87736061758721,148.6756896336368,148.94991039669324,155.93252981258254,136.5246330953515,174.199997,40.04913923667482
2023-05-23,171.559998,175.72505255775434,145.63628087662104,148.6756896336368,146.6925761758588,153.56937407284573,136.5246330953515,171.559998,37.34504755775433
2023-05-24,171.839996,175.72505255775434,145.63628087662104,148.6756896336368,146.93198879198675,153.8200101074862,136.5246330953515,171.839996,37.34504755775433
2023-05-25,172.990005,175.72505255775434,146.61092611424453,148.6756896336368,147.91530532732165,153.8200101074862,136.5246330953515,172.990005,37.34504755775433
2023-05-26,175.429993,175.72505255775434,148.67884269929604,148.6756896336368,150.00161990957164,153.8200101074862,136.5246330953515,175.429993,37.34504755775433
2023-05-30,177.300003,177.59820776863967,150.26369667940256,148.6756896336368,151.60057413883564,153.8200101074862,136.5246330953515,177.300003,39.21820276863966
2023-05-31,177.25,177.54812066749588,150.22131858860772,148.6756896336368,151.55781901542673,153.77662904806567,136.5246330953515,177.25,39.16811566749587
2023-06-01,180.089996,180.39289331913596,152.62824633984255,151.05785247627023,153.98616090412932,156.24052191909524,138.71210509474372,180.089996,42.01288831913595
2023-06-02,180.949997,180.39289331913596,153.357106617459,151.77921350171798,154.72150576117352,156.9866322421303,139.3745102907191,180.949997,42.01288831913595
2023-06-05,179.580002,180.39289331913596,152.19602083263646,150.6300741425099,153.55008994023115,155.79806686603607,138.3192884869534,179.580002,42.01288831913595
2023-06-06,179.210007,180.02122349053434,151.88244601305286,150.6300741425099,153.2337252843969,155.47707062420452,138.3192884869534,179.210007,41.64121849053433
2023-06-14,183.949997,180.02122349053434,155.89963951317594,150.6300741425099,157.2866592564981,159.58933964491845,138.3192884869534,183.949997,41.64121849053433
2023-06-15,186.009995,182.03722439510653,157.6455104065463,152.31693283527423,159.04806294651866,161.37653032636138,139.8682825738875,186.009995,43.65721939510652
2023-06-16,184.919998,182.03722439510653,156.7217259969687,151.42437327233432,158.1160597417042,160.4308825727224,139.0486706578682,184.919998,43.65721939510652
2023-06-20,185.009995,182.03722439510653,156.79799944130733,151.42437327233432,158.19301178141046,160.50896119209867,139.0486706578682,185.009995,43.65721939510652
2023-06-21,183.960007,181.00410777257935,155.90812309793796,151.42437327233432,157.29521831866083,159.59802401195242,139.0486706578682,183.960007,42.624102772579334
2023-06-22,187.0,183.99525367202418,158.48455049968769,151.42437327233432,159.8945678752316,162.23542810712712,139.0486706578682,187.0,45.615248672024165
2023-06-23,186.679993,183.68038859639944,158.21334105823448,151.16524568186503,159.6209455170388,161.9577999111791,138.81072120358365,186.679993,45.30038359639943
2023-06-26,185.270004,183.68038859639944,157.01835991986815,151.16524568186503,158.41533277979906,160.73453697512917,138.81072120358365,185.270004,45.30038359639943
2023-06-27,188.059998,186.4464444664129,159.38291042781907,151.16524568186503,160.80092040014392,163.15504965430733,138.81072120358365,188.059998,48.0664394664129
2023-06-28,189.25,186.4464444664129,160.39145017147538,152.1217858637484,161.818432996725,164.1874586592182,139.68908469188756,189.25,48.0664394664129
2023-06-29,189.589996,186.4464444664129,160.67960050961278,152.3950793839943,162.10914697265713,164.48242869459102,139.940042314286,189.589996,48.0664394664129
2023-06-30,193.970001,186.4464444664129,164.39170277491428,155.91578840746666,165.8542753510868,168.28238584050735,143.17300870475304,193.970001,48.0664394664129
2023-07-03,192.460007,184.99501893146322,163.11196630246923,154.70203419915202,164.56315322208044,166.97236165318546,142.05845293328545,192.460007,46.61501393146321
2023-07-05,191.330002,183.90884368068686,162.15427467419437,153.7937204415036,163.59694113025236,165.99200419362293,141.22437439089572,191.330002,45.528838680686846
2023-07-17,193.990005,183.90884368068686,164.40865638426294,153.7937204415036,165.87137979459365,168.29974069346915,141.22437439089572,193.990005,45.528838680686846
2023-07-18,193.729996,183.66234667927398,164.18829590570212,153.7937204415036,165.64905879620503,168.07416491043864,141.22437439089572,193.729996,45.28234167927397
2023-07-19,195.100006,183.66234667927398,165.34939440318917,153.7937204415036,166.82048744291492,169.2627433000699,141.22437439089572,195.100006,45.28234167927397
2023-07-20,193.130005,183.66234667927398,163.67979695415744,153.7937204415036,165.1360357926006,167.55363123800322,141.22437439089572,193.130005,45.28234167927397
2023-07-21,191.940002,182.53068024797358,162.67125636299014,153.7937204415036,164.11852234096835,166.5212213655232,141.22437439089572,191.940002,44.15067524797357
2023-07-24,192.75,183.3009703615451,163.35773854981178,153.7937204415036,164.81111207460367,166.5212213655232,141.22437439089572,192.75,44.920965361545086
2023-07-25,193.619995,184.12831629000004,164.09506885201486,153.7937204415036,165.55500231299195,166.5212213655232,141.22437439089572,193.619995,45.74831129000003
2023-07-26,194.5,184.96518150620244,164.84088273897999,153.7937204415036,166.307451613543,166.5212213655232,141.22437439089572,194.5,46.58517650620243
2023-07-27,193.220001,184.96518150620244,163.75606955098505,153.7937204415036,165.21298697725567,165.42534991654298,141.22437439089572,193.220001,46.58517650620243
2023-07-28,195.830002,187.46367703563976,165.96807401776974,153.7937204415036,167.44467137323923,167.65990289487326,141.22437439089572,195.830002,49.08367203563975
2023-07-31,196.449997,188.05718436984134,166.49352657866308,153.7937204415036,167.9747988203505,168.1907117619196,141.22437439089572,196.449997,49.677179369841326
2023-08-01,195.610001,188.05718436984134,165.7816207579062,153.7937204415036,167.25655926186425,167.47154898627872,141.22437439089572,195.610001,49.677179369841326
2023-08-23,181.119995,174.1266607977766,153.5011817865277,153.7937204415036,154.86686274913959,155.0659268952054,141.22437439089572,181.119995,35.74665579777658
2023-08-24,176.380005,169.5696894323851,153.5011817865277,153.7937204415036,154.86686274913959,155.0659268952054,141.22437439089572,176.380005,31.189684432385093
2023-08-25,178.610001,169.5696894323851,153.5011817865277,153.7937204415036,154.86686274913959,155.0659268952054,141.22437439089572,178.610001,31.189684432385093
2023-08-28,180.190002,171.0697189792908,153.5011817865277,155.15419427124897,154.86686274913959,155.0659268952054,141.22437439089572,180.190002,32.68971397929079
2023-08-29,184.119995,171.0697189792908,153.5011817865277,158.5381494887346,154.86686274913959,158.4479569771889,141.22437439089572,184.119995,32.68971397929079
2023-08-30,187.649994,174.3495145111513,153.5011817865277,161.57768633619696,154.86686274913959,161.48576462910373,141.22437439089572,187.649994,35.9695095111513
2023-08-31,187.869995,174.3495145111513,153.68114669233108,161.7671201422628,154.86686274913959,161.67509066608815,141.22437439089572,187.869995,35.9695095111513
2023-09-01,189.460007,175.82509777428444,154.98180605208978,163.13621403206483,154.86686274913959,163.04340567700922,141.22437439089572,189.460007,37.44509277428443
2023-09-05,189.699997,176.04781636214375,155.1781223313056,163.3428595433022,154.86686274913959,163.24993362740895,141.22437439089572,189.699997,37.66781136214374
2023-09-06,182.910004,176.04781636214375,149.62378189353157,157.49627604072575,154.86686274913959,157.40667625202494,141.22437439089572,182.910004,37.66781136214374
2023-10-06,177.490005,176.04781636214375,149.62378189353157,157.49627604072575,154.86686274913959,152.74239322090492,141.22437439089572,177.490005,37.66781136214374
2023-10-09,178.990005,177.53562816621246,149.62378189353157,157.49627604072575,154.86686274913959,154.0332466964646,141.22437439089572,178.990005,39.15562316621245
2023-10-10,178.389999,176.94049749333774,149.12221664200362,156.9683208032135,154.86686274913959,153.5169001428268,141.22437439089572,178.389999,38.56049249333773
2023-10-11,179.800003,178.3390445566605,149.12221664200362,158.20900672420964,154.86686274913959,154.73030585212888,141.22437439089572,179.800003,39.959039556660485
2023-10-12,180.710007,178.3390445566605,149.87695419132996,159.00973434686188,154.86686274913959,155.5134270695777,141.22437439089572,180.710007,39.959039556660485
2023-10-13,178.850006,178.3390445566605,148.3343097672565,157.37308859710606,154.86686274913959,153.9127678993147,141.22437439089572,178.850006,39.959039556660485
2023-10-16,178.720001,178.20941097147855,148.3343097672565,157.37308859710606,154.86686274913959,153.80088962858792,141.22437439089572,178.720001,39.829405971478536
2023-10-17,177.149994,176.6438893671501,148.3343097672565,157.37308859710606,154.86686274913959,152.4497903001859,141.22437439089572,177.149994,38.2638843671501
2023-10-18,175.839996,176.6438893671501,148.3343097672565,157.37308859710606,154.86686274913959,151.32244665266842,141.22437439089572,175.839996,38.2638843671501
2023-10-19,175.460007,176.26216315921312,148.3343097672565,157.37308859710606,154.86686274913959,150.99543990511876,141.22437439089572,175.460007,37.882158159213105
2023-11-02,177.570007,176.26216315921312,148.3343097672565,157.37308859710606,154.86686274913959,150.99543990511876,141.22437439089572,177.570007,37.882158159213105
2023-11-03,176.649994,176.26216315921312,147.56577066745288,157.37308859710606,154.86686274913959,150.99543990511876,141.22437439089572,176.649994,37.882158159213105
2023-11-06,179.229996,178.8365008264711,147.56577066745288,159.67154824679454,154.86686274913959,153.200752954527,141.22437439089572,179.229996,40.4564958264711
2023-11-07,181.820007,178.8365008264711,149.6982093093205,161.9789246657854,154.86686274913959,155.41462141525335,141.22437439089572,181.820007,40.4564958264711
2023-11-08,182.889999,178.8365008264711,150.57916784088243,162.93215394137877,154.86686274913959,156.3292204428364,141.22437439089572,182.889999,40.4564958264711
2023-11-09,182.410004,178.3671442368076,150.18397265217348,162.50453832730088,154.86686274913959,155.91893423486033,141.22437439089572,182.410004,39.98713923680759
2023-11-10,186.399994,178.3671442368076,153.46905864472927,166.05912123757014,154.86686274913959,159.32946531739762,141.22437439089572,186.399994,39.98713923680759
2023-11-13,184.800003,176.83610435128813,152.15173503682166,164.63372902726772,154.86686274913959,157.96183807089326,141.22437439089572,184.800003,38.45609935128812
2023-11-14,187.440002,179.36233341553384,154.32533039301583,164.63372902726772,154.86686274913959,160.2184348662154,141.22437439089572,187.440002,40.98232841553383
2023-11-15,188.009995,179.90776274449064,154.7946238048176,165.13436961683325,155.33780292603402,160.70564882999193,141.65382863744546,188.009995,41.52775774449063
2023-11-16,189.710007,179.90776274449064,156.19429789131323,165.13436961683325,156.7423885121774,162.15877121042053,141.65382863744546,189.710007,41.52775774449063
2023-11-17,189.690002,179.90776274449064,156.17782713693012,165.13436961683325,156.72585996140788,162.14167149981822,141.65382863744546,189.690002,41.52775774449063
2023-11-20,191.449997,181.57699549030235,157.62688713995476,165.13436961683325,158.1800047607884,163.646065659355,141.65382863744546,191.449997,43.19699049030234
2023-11-21,190.639999,181.57699549030235,156.9599899588094,165.13436961683325,157.51076741681376,162.95370218080166,141.65382863744546,190.639999,43.19699049030234
2023-11-22,191.309998,182.21514281531105,157.51162149922087,165.13436961683325,158.06433464935714,163.5263984569249,141.65382863744546,191.309998,43.83513781531104
2023-11-24,189.970001,180.9388491177538,156.40835924172978,165.13436961683325,156.95720101049142,162.3810067594503,141.65382863744546,189.970001,42.55884411775378
2023-11-27,189.789993,180.9388491177538,156.26015291556158,165.13436961683325,156.8084746237421,162.22714099058737,141.65382863744546,189.789993,42.55884411775378
2023-11-28,190.399994,181.52040179688095,156.76238618946576,165.13436961683325,157.31247024973356,162.74855266602484,141.65382863744546,190.399994,43.140396796880935
2023-12-05,193.419998,184.39956333460762,159.24885177906935,165.13436961683325,159.80766092397317,165.32996703332574,141.65382863744546,193.419998,46.01955833460761
2023-12-06,192.320007,184.39956333460762,158.3431941142538,165.13436961683325,158.89882527840865,164.3897257053998,141.65382863744546,192.320007,46.01955833460761
2023-12-07,194.270004,184.39956333460762,159.9486888223172,165.13436961683325,160.50995371704488,166.05652822354006,141.65382863744546,194.270004,46.01955833460761
2023-12-08,195.710007,185.76640288231528,161.13428920841798,165.13436961683325,161.69971441155954,167.28740223336138,141.65382863744546,195.710007,47.386397882315265
2023-12-11,193.179993,185.76640288231528,159.05124800972575,162.99961793286974,159.60936375689298,165.12481751854892,139.8226183937795,193.179993,47.386397882315265
2023-12-12,194.710007,185.76640288231528,160.31095732223386,162.99961793286974,160.8734934283292,166.43263039620456,139.8226183937795,194.710007,47.386397882315265
2023-12-13,197.960007,185.76640288231528,162.98678595233224,162.99961793286974,163.55871162382783,169.2106388669642,139.8226183937795,197.960007,47.386397882315265
2023-12-14,198.110001,185.76640288231528,163.11028079526858,163.12312249857843,163.6826398139865,169.3388495139067,139.92856178174551,198.110001,47.386397882315265
2023-12-15,197.570007,185.26005417477054,162.66568651672046,162.67849321703855,163.236485440368,168.87727785047304,139.54715456651476,197.570007,46.880049174770534
2023-12-18,195.889999,185.26005417477054,161.28248236127604,162.67849321703855,161.84842757877314,167.4412543258749,139.54715456651476,195.889999,46.880049174770534
2023-12-19,196.940002,186.2530789011818,162.146983311765,162.67849321703855,162.71596208982797,168.33876731920506,139.54715456651476,196.940002,47.87307390118178
2023-12-20,194.830002,184.25757777144435,160.40975303191652,162.67849321703855,160.97263581521193,166.5351987428042,139.54715456651476,194.830002,45.877572771444335
2024-01-11,185.589996,175.5189794720222,152.80216146358393,162.67849321703855,153.33834897283757,158.6371018388443,139.54715456651476,185.589996,37.1389744720222
2024-01-12,185.919998,175.83107395724286,152.80216146358393,162.67849321703855,153.61100354974553,158.6371018388443,139.54715456651476,185.919998,37.45106895724285
2024-01-16,183.630005,175.83107395724286,152.80216146358393,162.67849321703855,151.7189632816949,158.6371018388443,139.54715456651476,183.630005,37.45106895724285
2024-01-18,188.630005,180.6187194718537,152.80216146358393,162.67849321703855,155.85006819784667,158.6371018388443,139.54715456651476,188.630005,42.23871447185368
2024-01-19,191.559998,180.6187194718537,152.80216146358393,162.67849321703855,155.85006819784667,158.6371018388443,139.54715456651476,191.559998,42.23871447185368
2024-01-22,193.889999,182.81563846006614,154.66073941685949,164.6571999190202,155.85006819784667,158.6371018388443,139.54715456651476,193.889999,44.43563346006613
2024-01-23,195.179993,182.81563846006614,155.68973228349677,165.75270149748138,155.85006819784667,159.69255034369215,139.54715456651476,195.179993,44.43563346006613
2024-01-24,194.5,182.17872197834777,155.14732049990454,165.17523105588046,155.85006819784667,159.13619303105583,139.54715456651476,194.5,43.798716978347755
2024-01-25,194.169998,181.869625101174,154.88408694689883,164.8949834641123,155.85006819784667,158.8661916841528,139.54715456651476,194.169998,43.48962010117398
2024-01-26,192.419998,181.869625101174,153.48815989869917,163.40883099959925,155.85006819784667,157.4343750373438,139.54715456651476,192.419998,43.48962010117398
2024-01-29,191.729996,181.869625101174,152.93776421006382,163.40883099959925,155.85006819784667,156.8698285516687,139.54715456651476,191.729996,43.48962010117398
2024-01-30,188.039993,181.869625101174,152.93776421006382,163.40883099959925,155.85006819784667,153.8507384247115,139.54715456651476,188.039993,43.48962010117398
2024-03-14,173.0,167.323156316556,152.93776421006382,163.40883099959925,155.85006819784667,141.54530279883113,139.54715456651476,173.0,28.943151316555998
2024-03-15,172.619995,167.323156316556,152.93776421006382,163.40883099959925,155.85006819784667,141.54530279883113,139.54715456651476,172.619995,28.943151316555998
2024-03-18,173.720001,168.38940866980832,152.93776421006382,163.40883099959925,155.85006819784667,141.54530279883113,139.54715456651476,173.720001,30.009403669808307
2024-03-19,176.080002,168.38940866980832,152.93776421006382,165.62875387749452,155.85006819784667,141.54530279883113,139.54715456651476,176.080002,30.009403669808307
2024-03-20,178.669998,168.38940866980832,152.93776421006382,168.06502037655835,155.85006819784667,141.54530279883113,139.54715456651476,178.669998,30.009403669808307
2024-03-21,171.369995,168.38940866980832,152.93776421006382,161.1983098673662,155.85006819784667,141.54530279883113,139.54715456651476,171.369995,30.009403669808307
2024-04-11,175.039993,171.99557550805432,152.93776421006382,161.1983098673662,155.85006819784667,141.54530279883113,139.54715456651476,175.039993,33.615570508054304
2024-04-12,176.550003,171.99557550805432,152.93776421006382,161.1983098673662,155.85006819784667,141.54530279883113,139.54715456651476,176.550003,33.615570508054304
2024-04-15,172.690002,168.2351502337672,149.59400939410602,157.67395061098972,155.85006819784667,138.450627063545,139.54715456651476,172.690002,29.85514523376719
2024-04-16,169.380005,165.01054060889547,149.59400939410602,157.67395061098972,155.85006819784667,135.79690562674492,139.54715456651476,169.380005,26.630535608895457
2024-04-29,173.5,165.01054060889547,149.59400939410602,157.67395061098972,155.85006819784667,135.79690562674492,139.54715456651476,173.5,26.630535608895457
2024-04-30,170.330002,165.01054060889547,146.8607949238392,157.67395061098972,155.85006819784667,135.79690562674492,139.54715456651476,170.330002,26.630535608895457
2024-05-01,169.300003,164.01270881284688,146.8607949238392,157.67395061098972,155.85006819784667,135.79690562674492,139.54715456651476,169.300003,25.63270381284687
2024-05-02,173.029999,164.01270881284688,146.8607949238392,157.67395061098972,155.85006819784667,135.79690562674492,139.54715456651476,173.029999,25.63270381284687
2024-05-03,183.380005,164.01270881284688,146.8607949238392,167.1054153529357,155.85006819784667,135.79690562674492,139.54715456651476,183.380005,25.63270381284687
2024-05-06,181.710007,162.51908416335448,145.52336866626425,165.58362616207722,155.85006819784667,134.56023557210696,139.54715456651476,181.710007,24.139079163354467
2024-05-07,182.399994,162.51908416335448,146.07594820898547,166.21237826742876,155.85006819784667,135.07118604090363,139.54715456651476,182.399994,24.139079163354467
2024-05-08,182.740005,162.51908416335448,146.34824772028088,166.5222140064973,155.85006819784667,135.32297162504653,139.54715456651476,182.740005,24.139079163354467
2024-05-09,184.570007,164.14658903869423,147.8138139821654,168.18980717897378,157.4107879565125,136.67812814219656,140.94461305925714,184.570007,25.76658403869422
2024-05-10,183.050003,164.14658903869423,146.59651117029443,166.8047003361742,156.11445042461304,135.55253192607543,139.78388072191413,183.050003,25.76658403869422
2024-05-13,186.279999,167.04302617236982,149.1832696348327,166.8047003361742,158.86915701925702,137.94441462880937,139.78388072191413,186.279999,28.66302117236981
2024-05-14,187.429993,167.04302617236982,150.10424808609648,166.8047003361742,159.84993100646966,138.79601034497986,139.78388072191413,187.429993,28.66302117236981
2024-05-15,189.720001,169.0839474793398,151.93821245566858,166.8047003361742,161.8029675239723,140.49181136898184,139.78388072191413,189.720001,30.703942479339787
2024-05-16,189.839996,169.0839474793398,152.03431105206073,166.91020175885677,161.90530542712276,140.58067029169092,139.8722918893125,189.839996,30.703942479339787
2024-05-17,189.869995,169.0839474793398,152.05833590137252,166.91020175885677,161.9308901161232,140.60288520749862,139.8722918893125,189.869995,30.703942479339787
2024-05-20,191.039993,170.1258597645481,152.99533465616753,166.91020175885677,162.9287245426427,141.46929432330973,139.8722918893125,191.039993,31.745854764548085
2024-05-21,192.350006,171.29245888564276,154.044465124566,166.91020175885677,164.04597095724176,142.43938760982047,139.8722918893125,192.350006,32.91245388564275
2024-05-22,190.899994,171.29245888564276,152.88321575624414,166.91020175885677,162.80932620018544,141.36562200096006,139.8722918893125,190.899994,32.91245388564275
2024-05-23,186.880005,167.68536709860356,149.66378744329865,166.91020175885677,159.38087297340246,138.38873219853286,139.8722918893125,186.880005,29.305362098603553
2024-05-24,189.979996,167.68536709860356,152.1464307528391,166.91020175885677,162.02470462243141,140.68434335456243,139.8722918893125,189.979996,29.305362098603553
2024-05-28,189.990005,167.69420151735622,152.15444651058974,166.91020175885677,162.03324081204457,140.69175523803585,139.8722918893125,189.990005,29.31419651735621
2024-05-29,190.289993,167.9589851733427,152.39469340199764,166.91020175885677,162.2890859963464,140.91390291506946,139.8722918893125,190.289993,29.5789801733427
2024-05-30,191.289993,167.9589851733427,153.19554840755748,166.91020175885677,163.14193739140816,141.65442479272315,139.8722918893125,191.289993,29.5789801733427
2024-05-31,192.25,167.9589851733427,153.96437481887997,166.91020175885677,163.96068070062722,142.36533097892382,139.8722918893125,192.25,29.5789801733427
2024-06-03,194.029999,167.9589851733427,155.3898959279215,166.91020175885677,165.4787553309858,143.68345918062553,139.8722918893125,194.029999,29.5789801733427
2024-06-04,194.350006,168.2359941474466,155.64617513568567,166.91020175885677,165.75167374736534,143.92043136512788,139.8722918893125,194.350006,29.855989147446593
2024-06-05,195.869995,168.2359941474466,156.86346593473158,166.91020175885677,167.0479984864939,145.04601647342082,139.8722918893125,195.869995,29.855989147446593
2024-06-06,194.479996,167.04210090397686,155.7502782778584,165.72571705238292,165.86253590020942,144.01669180400407,138.8796827566383,194.479996,28.662095903976848
2024-06-07,196.889999,167.04210090397686,157.68034124382262,165.72571705238292,167.9179103208625,145.80135175071513,138.8796827566383,196.889999,28.662095903976848
2024-06-11,207.149994,175.74671327011487,165.8971095965916,174.36173227390194,176.66816136993938,153.39910251283268,146.1167433382918,207.149994,37.366708270114856
2024-06-12,213.070007,180.76927111419744,170.63818164062096,179.34470959305176,181.71705271577326,157.783001655327,150.29252439132117,213.070007,42.389266114197426
2024-06-13,214.240005,181.76190113586475,171.57518039541597,180.3295171428748,182.71488714229275,158.6494107711381,151.11780222102902,214.240005,43.381896135864736
2024-06-14,212.490005,180.27719557404512,170.17368413568624,178.85651187945527,181.22239720093464,157.3534974852441,149.8834101947275,212.490005,41.89719057404511
2024-06-17,216.669998,180.27719557404512,173.52125245294133,182.3748842737735,184.7873100623331,160.44887375018342,152.8318387828396,216.669998,41.89719057404511
2024-06-18,214.289993,180.27719557404512,171.6152135354339,180.37159290693643,182.7575194778291,158.68642797875825,151.1530621002352,214.289993,41.89719057404511
2024-06-20,209.679993,176.3989096122907,167.923271959803,180.37159290693643,178.8258745465943,155.27262212277466,151.1530621002352,209.679993,38.0189046122907
2024-06-21,207.490005,176.3989096122907,166.16940910788702,180.37159290693643,176.95814022562573,153.6508880969756,151.1530621002352,207.490005,38.0189046122907
2024-06-24,208.139999,176.95150602701696,166.68996005637086,180.37159290693643,177.5124885153075,154.13222287431924,151.1530621002352,208.139999,38.57150102701695
2024-06-25,209.070007,177.7421580737539,167.43476161838157,180.37159290693643,178.30564713552613,154.13222287431924,151.1530621002352,209.070007,39.36215307375389
2024-06-26,213.25,181.29580494646476,170.78232993563668,180.37159290693643,181.8705599969246,154.13222287431924,151.1530621002352,213.25,42.915799946464745
2024-06-27,214.100006,181.29580494646476,171.46306149549258,180.37159290693643,182.5954887998355,154.74658777109067,151.1530621002352,214.100006,42.915799946464745
2024-06-28,210.619995,181.29580494646476,168.67607726673927,180.37159290693643,179.62755656365513,152.23131540974444,151.1530621002352,210.619995,42.915799946464745
2024-07-01,216.75,186.57234191913372,173.58532245509613,180.37159290693643,184.85553987964084,156.66194282770783,151.1530621002352,216.75,48.19233691913371
2024-07-02,220.270004,186.57234191913372,176.40433527808682,180.37159290693643,187.8575802016639,159.20612121479573,151.1530621002352,220.270004,48.19233691913371
2024-07-03,221.550003,187.6565222739139,177.42942888434843,181.4197404275098,188.94922913449156,160.13127521782928,152.0314194109076,221.550003,49.276517273913896
2024-07-05,226.339996,187.6565222739139,181.26551875499504,185.34210230944393,193.03438134687775,163.59337260888407,155.31839492387255,226.339996,49.276517273913896
2024-07-08,227.820007,187.6565222739139,182.45079297262865,186.55403283444537,194.2966107929345,164.66309071115109,156.33400390616515,227.820007,49.276517273913896
2024-07-09,228.679993,187.6565222739139,183.13951706544003,187.25824603588364,195.0300510527681,165.28466892367533,156.92414107828475,228.679993,49.276517273913896
2024-07-10,232.979996,191.18513707821555,186.5831959919124,190.77937182028506,198.69731461008794,168.392612749027,159.87487703273726,232.979996,52.805132078215536
2024-07-11,227.570007,191.18513707821555,182.2505792212387,186.34931636189862,194.08339794416906,164.48239642876618,156.16244960989766,227.570007,52.805132078215536
2024-07-12,230.539993,193.6802689631936,184.62910737578136,186.34931636189862,196.61635464758302,166.629034384619,156.16244960989766,230.539993,55.3002639631936
2024-07-15,234.399994,196.92311642818072,187.72040849809736,186.34931636189862,199.90836188537287,169.41895482741896,156.16244960989766,234.399994,58.54311142818071
2024-07-16,234.820007,197.2759759461735,188.05677801154755,186.68322906418783,200.26657055836696,169.72253061792827,156.44227154089992,234.820007,58.89597094617349
2024-07-17,228.880005,192.2856869727462,183.2996976768121,186.68322906418783,195.2006315659972,165.42923302290882,156.44227154089992,228.880005,53.90568197274618
2024-08-12,217.529999,192.2856869727462,174.2099885585778,186.68322906418783,185.52076311493764,157.22570826597158,156.44227154089992,217.529999,53.90568197274618
2024-08-13,221.270004,195.59166515512325,174.2099885585778,186.68322906418783,188.71043159672567,159.92889834433532,156.44227154089992,221.270004,57.21166015512324
2024-08-14,221.720001,195.59166515512325,174.56427956415575,186.68322906418783,189.09421216594927,160.25414588429675,156.44227154089992,221.720001,57.21166015512324
2024-08-15,224.720001,198.23813364158772,176.92623534771388,186.68322906418783,191.6527663511346,162.42247727291556,156.44227154089992,224.720001,59.85812864158771
2024-08-16,226.050003,199.41140310156598,177.97337065306186,187.78811099244052,192.78706041226957,163.38377230075747,157.36817280962563,226.050003,61.03139810156597
2024-08-19,225.889999,199.41140310156598,177.84739652866438,187.65518974266183,192.6506007776541,163.26812506892261,157.25678357366868,225.889999,61.03139810156597
2024-08-20,226.509995,199.41140310156598,178.33553090799202,188.1702433861819,193.17936523118684,163.71624399812865,157.68840328777804,226.509995,61.03139810156597
2024-08-21,226.399994,199.3145621045381,178.2489250752763,188.07886148074888,193.17936523118684,163.63673779110218,157.68840328777804,226.399994,60.9345571045381
2024-08-22,224.529999,199.3145621045381,176.77664324011803,188.07886148074888,193.17936523118684,162.28514817274876,157.68840328777804,224.529999,60.9345571045381
2024-08-23,226.839996,201.36513905447077,178.595346831502,188.07886148074888,193.17936523118684,163.95476117365385,157.68840328777804,226.839996,62.98513405447076
2024-08-26,227.179993,201.36513905447077,178.86303279168283,188.07886148074888,193.17936523118684,164.20050322936592,157.68840328777804,227.179993,62.98513405447076
2024-08-27,228.029999,202.1185574084679,179.53225832093585,188.07886148074888,193.17936523118684,164.81486812613736,157.68840328777804,228.029999,63.73855240846788
2024-08-28,226.490005,202.1185574084679,178.31979240928757,188.07886148074888,193.17936523118684,163.70179568330917,157.68840328777804,226.490005,63.73855240846788
2024-08-29,229.789993,205.063450336636,180.9179343233784,188.07886148074888,193.17936523118684,166.08695153746427,157.68840328777804,229.789993,66.683445336636
2024-08-30,229.0,205.063450336636,180.29595814493825,187.432266813688,192.5152355870509,165.5159626645679,157.14628771019272,229.0,66.683445336636
2024-09-19,228.869995,205.063450336636,180.19360279105774,187.432266813688,192.40594325865575,165.4219980238421,157.14628771019272,228.869995,66.683445336636
2024-09-20,228.199997,205.063450336636,179.66610090736697,187.432266813688,191.84269075728957,165.4219980238421,157.14628771019272,228.199997,66.683445336636
2024-09-23,226.470001,203.50885369556516,178.3040428881228,186.01133308835313,190.38832137954,164.16792528652624,155.95495356151838,226.470001,65.12884869556515
2024-09-24,227.369995,203.50885369556516,179.01262489927868,186.75054394618112,191.14492643166633,164.8203302280104,156.5747200730028,227.369995,65.12884869556515
2024-09-25,226.369995,202.61379780353525,178.2253063047593,185.92919307292198,190.30424854700672,164.09543101592214,155.88608602490422,226.369995,64.23379280353524
2024-09-26,227.520004,202.61379780353525,179.13072977432395,185.92919307292198,191.27103568046624,164.92907163391655,155.88608602490422,227.520004,64.23379280353524
2024-09-27,227.789993,202.85423159262388,179.34329713433965,186.14982790074382,191.4980094618676,165.12478644728907,156.07106988452026,227.789993,64.47422659262386
2024-09-30,233.0,202.85423159262388,183.4452325230158,186.14982790074382,195.87794712568936,168.90151641656334,156.07106988452026,233.0,64.47422659262386
2024-10-01,226.210007,196.94273454312045,178.09934477745932,180.72512391620623,190.1697501735958,163.97945584077857,151.52290906040693,226.210007,58.56272954312044
2024-10-02,226.779999,196.94273454312045,178.09934477745932,180.72512391620623,190.6489298424287,164.3926425924752,151.52290906040693,226.779999,58.56272954312044
2024-10-03,225.669998,195.97877549360305,178.09934477745932,180.72512391620623,189.71577654977864,163.588003742158,151.52290906040693,225.669998,57.59877049360304
2024-10-04,226.800003,196.96010663271906,178.09934477745932,180.72512391620623,190.66574676283344,164.4071434763138,151.52290906040693,226.800003,58.58010163271905
2024-10-07,221.690002,196.96010663271906,178.09934477745932,180.72512391620623,186.36988193154494,160.7029077776436,151.52290906040693,221.690002,58.58010163271905
2024-10-08,225.770004,196.96010663271906,178.09934477745932,180.72512391620623,189.79984938231192,160.7029077776436,151.52290906040693,225.770004,58.58010163271905
2024-10-09,229.539993,196.96010663271906,178.09934477745932,180.72512391620623,192.96919576002193,160.7029077776436,151.52290906040693,229.539993,58.58010163271905
2024-10-10,229.039993,196.96010663271906,177.71139638021106,180.72512391620623,192.54885681769213,160.7029077776436,151.52290906040693,229.039993,58.58010163271905
2024-10-11,227.550003,196.96010663271906,176.55531791537913,179.54944003734798,191.29625517632815,160.7029077776436,151.52290906040693,227.550003,58.58010163271905
2024-10-14,231.300003,196.96010663271906,176.55531791537913,179.54944003734798,194.4487972438017,163.3512747133547,151.52290906040693,231.300003,58.58010163271905
2024-10-15,233.850006,199.13152408312763,178.50177958641584,181.5289108752431,196.59252837171735,165.1521663483318,153.19339703127292,233.850006,60.75151908312762
2024-10-16,231.779999,199.13152408312763,176.921707216196,179.922042769308,194.85231926572675,163.690262856201,151.83735086461806,231.779999,60.75151908312762
2024-10-17,232.149994,199.13152408312763,177.20413083921733,179.922042769308,195.16336587966137,163.9515648627019,151.83735086461806,232.149994,60.75151908312762
2024-10-18,235.0,199.13152408312763,179.37959002151027,179.922042769308,197.55930289500859,165.96432797122944,151.83735086461806,235.0,60.75151908312762
2024-10-21,236.479996,200.38562561128478,180.509296726674,181.05516576339485,198.80350280159328,167.00954729693203,152.7936005324063,236.479996,62.00562061128477
2024-10-22,235.860001,200.38562561128478,180.03604375256597,180.580481648898,198.28228671649376,166.57168749471705,152.3930116032603,235.860001,62.00562061128477
2024-10-23,230.759995,196.0526828121736,176.1431204104926,180.580481648898,193.99482446066241,162.96990422476284,152.3930116032603,230.759995,57.67267781217359
2024-10-24,230.570007,195.89126983804817,176.1431204104926,180.580481648898,193.8351057507117,162.83572877479435,152.3930116032603,230.570007,57.51126483804816
2024-10-25,231.410004,196.60492761657332,176.1431204104926,180.580481648898,194.54127265179213,163.42896084970008,152.3930116032603,231.410004,58.22492261657331
2024-10-28,233.399994,196.60492761657332,176.1431204104926,180.580481648898,196.2142132354859,163.42896084970008,152.3930116032603,233.399994,58.22492261657331
2024-10-29,233.669998,196.83236599806781,176.34688796964392,180.580481648898,196.44119962705554,163.61802029391438,152.3930116032603,233.669998,58.4523609980678
2024-10-30,230.100006,196.83236599806781,173.652673972704,180.580481648898,193.4399863042438,161.11827694429914,152.3930116032603,230.100006,58.4523609980678
2024-11-18,228.020004,195.0530887087803,173.652673972704,180.580481648898,191.69137462279605,161.11827694429914,152.3930116032603,228.020004,56.6730837087803
2024-11-19,228.279999,195.27549387898128,173.652673972704,180.580481648898,191.90994666941813,161.11827694429914,152.3930116032603,228.279999,56.89548887898127
2024-11-20,229.0,195.27549387898128,173.652673972704,181.150037141877,191.90994666941813,161.11827694429914,152.3930116032603,229.0,56.89548887898127
2024-11-21,228.520004,194.86618621103398,173.652673972704,180.77033717144926,191.90994666941813,160.78056459294473,152.3930116032603,228.520004,56.486181211033966
2024-11-22,229.869995,196.01736594578148,173.652673972704,181.83824511813572,191.90994666941813,161.7303821641688,152.3930116032603,229.869995,57.63736094578147
2024-11-25,232.869995,196.01736594578148,173.652673972704,184.211389709514,191.90994666941813,163.8411019494653,152.3930116032603,232.869995,57.63736094578147
2024-11-26,235.059998,196.01736594578148,175.28577349228036,185.94378763436478,191.90994666941813,165.38192950345154,152.3930116032603,235.059998,57.63736094578147
2024-11-27,234.929993,195.9089543152335,175.1888279159307,185.8409474134974,191.90994666941813,165.2904614615557,152.3930116032603,234.929993,57.52894931523349
2024-11-29,237.330002,197.9103303316928,176.9785302792968,187.73947020603381,191.90994666941813,166.97904362195226,152.3930116032603,237.330002,59.53032533169278
2024-12-02,239.589996,199.7949473431048,178.66382254403132,189.5272343852496,191.90994666941813,168.5691149721027,152.3930116032603,239.589996,61.4149423431048
2024-12-03,242.649994,202.3466905272401,180.94568300892774,191.94784028635908,191.90994666941813,170.7220477459586,152.3930116032603,242.649994,63.96668552724009
2024-12-04,243.009995,202.3466905272401,181.21413810243538,192.2326184283727,192.19466859160758,170.97533482376747,152.6191053099438,243.009995,63.96668552724009
2024-12-05,243.039993,202.37166890733693,181.23650780667242,192.25634829219007,192.21839377076498,170.9964406144739,152.6379451437584,243.039993,63.991663907336914
2024-12-06,242.839996,202.20513776912026,181.08736873945804,192.25634829219007,192.06021773716475,170.8557280728406,152.6379451437584,242.839996,63.825132769120245
2024-12-09,246.75,202.20513776912026,184.0030842220129,192.25634829219007,195.1526087434353,173.60670234063673,152.6379451437584,246.75,63.825132769120245
2024-12-10,247.770004,202.20513776912026,184.76370785694212,193.05108889718875,195.95932177901278,174.32434988193057,153.2689129840762,247.770004,63.825132769120245
2024-12-11,246.490005,201.16053039146797,183.80920425491135,193.05108889718875,194.94698076973623,173.423776810444,153.2689129840762,246.490005,62.78052539146796
2024-12-12,247.960007,202.36019924618083,184.90539433317892,193.05108889718875,196.1095936376514,174.4580309123858,153.2689129840762,247.960007,63.980194246180815
2024-12-13,248.130005,202.49893463971327,185.03216295044976,193.05108889718875,196.24404370120223,174.57763695973944,153.2689129840762,248.130005,64.11892963971326
2024-12-16,251.039993,202.49893463971327,187.2021599800305,193.05108889718875,198.5455300218186,176.6250267085979,153.2689129840762,251.039993,64.11892963971326
2024-12-17,253.479996,202.49893463971327,189.02168613002428,193.05108889718875,200.47530895106604,178.3417475780255,153.2689129840762,253.479996,64.11892963971326
2024-12-20,254.490005,203.30580598934247,189.7748564282694,193.82031463619325,201.27411702078984,179.05236290456799,153.87962382507737,254.490005,64.92580098934246
2024-12-23,255.270004,203.92892800690808,190.3565067694653,193.82031463619325,201.89101201437555,179.60114934517182,153.87962382507737,255.270004,65.54892300690807
2024-12-24,258.200012,203.92892800690808,192.54143284360987,196.04499855340964,204.2083319934602,181.66262463073085,155.64586553690995,258.200012,65.54892300690807
2024-12-26,259.019989,204.5765539667408,193.1528950401291,196.66758717582547,204.85684526867647,182.23953852319352,156.14015687677772,259.019989,66.19654896674078
2024-12-27,255.589996,201.8675115072029,190.59512689074745,194.06327679057574,202.14409113728146,179.8262871603507,154.0725185945977,255.589996,63.48750650720288
2024-12-30,252.199997,199.19005670516944,188.06718252799348,194.06327679057574,199.4629679417895,177.4411745065389,154.0725185945977,252.199997,60.81005170516943
2025-01-27,229.860001,181.54570649515236,171.4081018167172,194.06327679057574,181.79444312429038,161.72335065299072,154.0725185945977,229.860001,43.16570149515235
2025-01-28,238.259995,181.54570649515236,171.4081018167172,194.06327679057574,181.79444312429038,161.72335065299072,154.0725185945977,238.259995,43.16570149515235
2025-01-29,239.360001,182.38387224101712,171.4081018167172,194.06327679057574,181.79444312429038,161.72335065299072,154.0725185945977,239.360001,44.003867241017105
2025-01-30,237.589996,182.38387224101712,171.4081018167172,192.62822929391527,181.79444312429038,160.52744850527748,154.0725185945977,237.589996,44.003867241017105
2025-01-31,236.0,181.16332578615825,171.4081018167172,191.33912571539418,181.79444312429038,159.45316926241912,154.0725185945977,236.0,42.78332078615824
2025-02-03,228.009995,181.16332578615825,171.4081018167172,184.86115719352287,181.79444312429038,154.0547301960099,154.0725185945977,228.009995,42.78332078615824
2025-02-04,232.800003,184.96918429609903,171.4081018167172,184.86115719352287,181.79444312429038,154.0547301960099,154.0725185945977,232.800003,46.58917929609902
2025-02-05,232.470001,184.70698412440882,171.4081018167172,184.59911015396085,181.79444312429038,154.0547301960099,154.0725185945977,232.470001,46.32697912440881
2025-02-06,233.220001,185.3028899939722,171.4081018167172,185.19466799806938,181.79444312429038,154.0547301960099,154.0725185945977,233.220001,46.92288499397219
2025-02-14,244.600006,194.34477236085314,171.4081018167172,194.2312696563953,181.79444312429038,154.0547301960099,154.0725185945977,244.600006,55.96476736085313
2025-02-18,244.470001,194.34477236085314,171.31699834275943,194.12803565969753,181.79444312429038,153.97285004593692,154.0725185945977,244.470001,55.96476736085313
2025-02-19,244.869995,194.66275306424302,171.5973017384923,194.44566174542598,181.79444312429038,154.22477550071397,154.0725185945977,244.869995,56.28274806424301
2025-02-20,245.830002,194.66275306424302,172.27004488470777,195.2079813444248,181.79444312429038,154.82941007039295,154.0725185945977,245.830002,56.28274806424301
2025-02-21,245.550003,194.66275306424302,172.07383026523397,194.98564054336808,181.79444312429038,154.65306023661515,154.0725185945977,245.550003,56.28274806424301
2025-02-24,247.100006,195.89153680503506,173.16002431888504,194.98564054336808,181.79444312429038,155.62928790673223,154.0725185945977,247.100006,57.51153180503505
2025-02-25,247.039993,195.84396076896536,173.117969068836,194.98564054336808,181.79444312429038,155.5914903339748,154.0725185945977,247.039993,57.46395576896535
2025-02-26,240.360001,190.54831581974858,168.4368377491955,194.98564054336808,181.79444312429038,151.38427716950943,154.0725185945977,240.360001,52.16831081974857
2025-02-27,237.300003,188.12246516703618,168.4368377491955,194.98564054336808,181.79444312429038,149.4570197912315,154.0725185945977,237.300003,49.74246016703617
2025-03-24,220.729996,174.9863904714322,168.4368377491955,194.98564054336808,181.79444312429038,139.0208468758024,154.0725185945977,220.729996,36.60638547143219
2025-03-25,223.75,177.3805353939433,168.4368377491955,194.98564054336808,181.79444312429038,139.0208468758024,154.0725185945977,223.75,39.00053039394328
2025-03-26,221.529999,175.62060258520546,168.4368377491955,193.05103354005226,181.79444312429038,139.0208468758024,154.0725185945977,221.529999,37.24059758520545
2025-03-27,223.850006,177.45981636745213,168.4368377491955,195.07279019238788,181.79444312429038,139.0208468758024,154.0725185945977,223.850006,39.07981136745212
2025-03-28,217.899994,177.45981636745213,168.4368377491955,189.88768672396003,181.79444312429038,139.0208468758024,154.0725185945977,217.899994,39.07981136745212
2025-03-31,222.130005,180.90477734020143,168.4368377491955,189.88768672396003,181.79444312429038,139.0208468758024,154.0725185945977,222.130005,42.52477234020142
2025-04-01,223.190002,181.76804892418343,168.4368377491955,190.79382445291895,181.79444312429038,139.6842497358789,154.0725185945977,223.190002,43.38804392418342
2025-04-02,223.889999,181.76804892418343,168.4368377491955,191.39221642181892,181.79444312429038,140.12234532656922,154.0725185945977,223.889999,43.38804392418342
2025-04-14,202.520004,181.76804892418343,168.4368377491955,173.12409043923233,181.79444312429038,126.74785860366269,154.0725185945977,202.520004,43.38804392418342
2025-04-15,202.139999,181.42698253040913,168.4368377491955,173.12409043923233,181.79444312429038,126.74785860366269,154.0725185945977,202.139999,43.04697753040912
2025-04-16,194.270004,181.42698253040913,168.4368377491955,166.38378306376677,181.79444312429038,126.74785860366269,154.0725185945977,194.270004,43.04697753040912
2025-04-17,196.979996,181.42698253040913,168.4368377491955,168.70477298371623,181.79444312429038,126.74785860366269,154.0725185945977,196.979996,43.04697753040912
2025-04-21,193.160004,177.90860687844545,168.4368377491955,165.43311648942117,181.79444312429038,126.74785860366269,154.0725185945977,193.160004,39.52860187844544
2025-04-22,199.740005,177.90860687844545,168.4368377491955,165.43311648942117,181.79444312429038,126.74785860366269,154.0725185945977,199.740005,39.52860187844544
2025-04-23,204.600006,182.237414256506,168.4368377491955,169.45837478242913,181.79444312429038,126.74785860366269,154.0725185945977,204.600006,43.857409256506
2025-04-24,208.369995,182.237414256506,168.4368377491955,172.58083905492595,181.79444312429038,126.74785860366269,154.0725185945977,208.369995,43.857409256506
2025-04-25,209.279999,182.237414256506,168.4368377491955,173.33454283969274,181.79444312429038,127.30139827390538,154.0725185945977,209.279999,43.857409256506
2025-04-28,210.139999,182.98628742646713,168.4368377491955,174.0468311976554,181.79444312429038,127.82452137711007,154.0725185945977,210.139999,44.60628242646712
2025-04-29,211.210007,182.98628742646713,168.4368377491955,174.93305705966344,181.79444312429038,128.47538870898666,154.0725185945977,211.210007,44.60628242646712
2025-04-30,212.5,184.1039003333032,168.4368377491955,176.00148379891147,181.79444312429038,129.26006910581498,154.0725185945977,212.5,45.723895333303176
2025-05-01,213.320007,184.81433086036486,168.4368377491955,176.68064826350204,181.79444312429038,129.75886515987264,154.0725185945977,213.320007,46.43432586036485
2025-05-02,205.350006,177.90935076737512,168.4368377491955,176.68064826350204,181.79444312429038,124.91085160677423,154.0725185945977,205.350006,39.529345767375105
2025-05-05,198.889999,172.31258613264362,168.4368377491955,176.68064826350204,181.79444312429038,120.98134124797869,154.0725185945977,198.889999,33.932581132643605
2025-05-06,198.509995,172.31258613264362,168.4368377491955,176.68064826350204,181.79444312429038,120.75019139715288,154.0725185945977,198.509995,33.932581132643605
2025-05-07,196.25,172.31258613264362,168.4368377491955,176.68064826350204,181.79444312429038,120.75019139715288,154.0725185945977,196.25,33.932581132643605
2025-05-08,197.490005,172.31258613264362,168.4368377491955,176.68064826350204,181.79444312429038,120.75019139715288,154.0725185945977,197.490005,33.932581132643605
2025-05-09,198.529999,172.31258613264362,168.4368377491955,176.68064826350204,181.79444312429038,120.75019139715288,154.0725185945977,198.529999,33.932581132643605
2025-05-12,210.789993,182.95355365771118,168.4368377491955,176.68064826350204,181.79444312429038,120.75019139715288,154.0725185945977,210.789993,44.57354865771117
2025-05-13,212.929993,182.95355365771118,168.4368377491955,178.47436048818003,181.79444312429038,120.75019139715289,154.0725185945977,212.929993,44.57354865771117
2025-05-14,212.330002,182.43802982724432,167.9622189071333,177.9714580622937,181.79444312429038,120.40994328524613,154.0725185945977,212.330002,44.05802482724431
2025-05-15,211.449997,182.43802982724432,167.26609687512118,177.23385258272464,181.79444312429038,119.910902400102,154.0725185945977,211.449997,44.05802482724431
2025-05-16,211.259995,182.27409702499776,167.1157970719083,177.0745960826717,181.79444312429038,119.8031544142847,154.0725185945977,211.259995,43.89409202499775
2025-05-19,208.779999,182.27409702499776,167.1157970719083,177.0745960826717,181.79444312429038,118.39677672439217,154.0725185945977,208.779999,43.89409202499775
2025-05-20,206.860001,182.27409702499776,167.1157970719083,177.0745960826717,181.79444312429038,117.30796756831359,154.0725185945977,206.860001,43.89409202499775
2025-05-21,202.089996,178.0710207899758,167.1157970719083,177.0745960826717,181.79444312429038,114.60295166801542,154.0725185945977,202.089996,39.69101578997578
2025-06-24,200.300003,176.49377358810582,167.1157970719083,177.0745960826717,181.79444312429038,114.60295166801542,154.0725185945977,200.300003,38.11376858810581
2025-06-25,201.559998,177.60401457123822,167.1157970719083,177.0745960826717,181.79444312429038,114.60295166801542,154.0725185945977,201.559998,39.22400957123821
2025-06-26,201.0,177.11057393848,167.1157970719083,176.58262634343254,181.79444312429038,114.60295166801542,154.0725185945977,201.0,38.73056893847999
2025-06-27,201.080002,177.18106747149608,167.1157970719083,176.65290974279935,181.79444312429038,114.60295166801542,154.0725185945977,201.080002,38.80106247149607
2025-06-30,205.169998,180.7849557250587,167.1157970719083,180.2460551926209,181.79444312429038,114.60295166801544,154.0725185945977,205.169998,42.40495072505868
2025-07-01,207.820007,180.7849557250587,169.2742918352739,182.57414250134593,181.79444312429038,116.08318199558413,154.0725185945977,207.820007,42.40495072505868
2025-07-02,212.440002,180.7849557250587,173.03738660750875,186.63290295305504,181.79444312429038,118.66379840564751,154.0725185945977,212.440002,42.40495072505868
2025-07-03,213.550003,181.72955881181528,173.94150857306832,187.60806161884526,181.79444312429038,119.28381786363107,154.0725185945977,213.550003,43.34955381181527
2025-07-07,209.949997,181.72955881181528,171.00921887175608,184.44538244306358,181.79444312429038,117.27294240598953,154.0725185945977,209.949997,43.34955381181527
2025-07-08,210.009995,181.72955881181528,171.05808865627847,184.44538244306358,181.79444312429038,117.30645582394149,154.0725185945977,210.009995,43.34955381181527
2025-07-09,211.139999,181.72955881181528,171.97850353659857,184.44538244306358,181.79444312429038,117.93764846935285,154.0725185945977,211.139999,43.34955381181527
2025-07-10,212.410004,181.72955881181528,173.0129525297711,184.44538244306358,181.79444312429038,118.6470422552471,154.0725185945977,212.410004,43.34955381181527
2025-07-11,211.160004,180.66010848350226,171.9947980804062,184.44538244306358,181.79444312429038,117.94882277393181,154.0725185945977,211.160004,42.280103483502245
2025-07-21,212.479996,180.66010848350226,173.06996266274706,184.44538244306358,182.93086671788208,118.68613807759608,154.0725185945977,212.479996,42.280103483502245
2025-07-22,214.399994,180.66010848350226,174.6338462679244,184.44538244306358,184.58385478663467,119.7586020837452,154.0725185945977,214.399994,42.280103483502245
2025-07-23,214.149994,180.66010848350226,174.43021537805143,184.2303108623677,184.36862174098144,119.61895818748214,153.89286313411924,214.149994,42.280103483502245
2025-07-24,213.759995,180.33109954760448,174.11255200437316,183.89480005676847,184.03285905069455,119.40111426788737,153.6126013343947,213.759995,41.95109454760447
2025-07-25,213.880005,180.43234176206425,174.21030297674778,183.89480005676847,184.13617952192996,119.46814892384948,153.6126013343947,213.880005,42.05233676206424
2025-07-28,214.050003,180.43234176206425,174.34877035281428,183.89480005676847,184.2825362711098,119.56310565615719,153.6126013343947,214.050003,42.05233676206424
2025-07-29,211.270004,178.08895599875643,172.08439567195032,183.89480005676847,181.88914566437782,118.01026608828757,153.6126013343947,211.270004,39.70895099875642
2025-08-06,213.25,178.08895599875643,172.08439567195032,183.89480005676847,183.59378794222283,119.11624351238865,153.6126013343947,213.25,39.70895099875642
2025-08-07,220.029999,183.75105655482963,177.55558925024542,183.89480005676847,189.43090727940682,119.11624351238865,153.6126013343947,220.029999,45.37105155482962
2025-08-08,229.350006,191.534364018047,185.0764697766386,191.68419619175953,197.45480124788529,124.16175652604443,160.1193073573528,229.350006,53.15435901804699
2025-08-11,227.179993,189.72214666904944,183.32535429853647,189.87056119394455,195.5865672194967,122.98699036639431,158.60432602128756,227.179993,51.342141669049425
2025-08-12,229.649994,189.72214666904944,185.31854834024392,191.9349176094305,197.71307057148297,124.3241591248773,160.32874214923817,229.649994,51.342141669049425
2025-08-13,233.330002,189.72214666904944,188.28817062745586,195.01056337793005,200.8813078909563,126.31638169019912,162.89791728163175,233.330002,51.342141669049425
2025-08-14,232.779999,189.72214666904944,187.84433975349214,194.55088655124598,200.4077926077226,126.0186300582476,162.5139360429111,232.779999,51.342141669049425
2025-08-15,231.589996,189.72214666904944,186.88405395230666,193.5563159711136,199.38328072761658,125.37440568987648,161.6831427090179,231.589996,51.342141669049425
2025-08-18,230.889999,189.72214666904944,186.31918379654027,193.5563159711136,198.780630782584,124.99545275850849,161.6831427090179,230.889999,51.342141669049425
2025-08-19,230.559998,189.72214666904944,186.05288591773072,193.5563159711136,198.49652230138955,124.8168022124285,161.6831427090179,230.559998,51.342141669049425
2025-08-20,226.009995,189.72214666904944,182.3812117486308,193.5563159711136,194.57927828770383,122.35359597785455,161.6831427090179,226.009995,51.342141669049425
2025-08-21,224.899994,188.79036587535137,181.48548442726965,193.5563159711136,193.62364270407122,121.75268178426317,161.6831427090179,224.899994,50.41036087535136
2025-08-22,227.759995,188.79036587535137,183.79339319025289,193.5563159711136,196.0859096072766,123.30098236650186,161.6831427090179,227.759995,50.41036087535136
2025-08-25,227.160004,188.29303305616196,183.30922395862984,193.5563159711136,195.56935804609842,122.97616904838135,161.6831427090179,227.160004,49.91302805616195
2025-08-26,229.309998,190.07516408356128,185.04418488800064,193.5563159711136,197.4203570731233,124.140097649109,161.6831427090179,229.309998,51.695159083561265
2025-08-27,230.490005,191.05327243514196,185.9964043087916,193.5563159711136,198.4362630751319,124.77891054642816,161.6831427090179,230.490005,52.67326743514195
2025-08-28,232.559998,192.76909059640164,187.66680756529883,193.5563159711136,200.21838666661557,125.89952951373971,161.6831427090179,232.559998,54.38908559640163
2025-08-29,232.139999,192.42095322979657,187.32788482627035,193.5563159711136,199.85679601085027,125.672157321828,161.6831427090179,232.139999,54.040948229796555
2025-09-02,229.720001,190.4150157611133,185.37504124663457,193.5563159711136,197.77334185079118,124.36205836996874,161.6831427090179,229.720001,52.035010761113284
2025-09-03,238.470001,190.4150157611133,192.43594845474507,193.5563159711136,205.30649844865493,129.09899031320526,161.6831427090179,238.470001,52.035010761113284
2025-09-04,239.779999,191.46103114573617,193.49306551998055,194.61958760170134,206.43431788601362,129.8081756128368,162.57132400098058,239.779999,53.08102614573616
2025-09-05,239.690002,191.38916977910054,193.42044146672245,194.546540729158,206.356836572375,129.75945450836875,162.51030585306526,239.690002,53.00916477910053
2025-09-08,237.880005,191.38916977910054,191.95984479655579,193.07744042400572,204.798551904642,128.77958792477307,161.28312422843027,237.880005,53.00916477910053
2025-09-09,234.350006,191.38916977910054,189.1112738955589,193.07744042400572,201.7594621609503,126.86857477932244,161.28312422843027,234.350006,53.00916477910053
2025-09-16,238.149994,194.4925473334862,192.17771534240842,193.07744042400572,205.0309941236935,128.92575015544992,161.28312422843027,238.149994,56.112542333486175
2025-09-17,238.990005,195.1785682585094,192.85557131095607,193.07744042400572,205.75418662734245,129.38050157700079,161.28312422843027,238.990005,56.798563258509375
2025-09-18,237.880005,194.27205247862588,191.95984479655579,193.07744042400572,204.798551904642,128.77958792477307,161.28312422843027,237.880005,55.89204747862587
2025-09-19,245.5,194.27205247862588,198.10888223898618,193.07744042400572,211.35885083149216,132.9047762359505,161.28312422843027,245.5,55.89204747862587
2025-09-22,256.079987,202.64433675433742,206.6465172641308,201.3982420927603,220.4675021314194,138.63239662215935,168.2337285366021,256.079987,64.2643317543374
