trade_date,close_price,portfolio_value_DQN_Advanced,portfolio_value_TA_RSI,portfolio_value_TA_MACD,portfolio_value_TA_SMA_Crossover,portfolio_value_TA_Stochastic,portfolio_value_TA_All_Signals,portfolio_value_Buy_and_Hold,pnl_DQN_Advanced
2022-10-14,138.380005,138.380005,138.380005,138.380005,138.380005,138.380005,138.380005,138.380005,0.0
2022-10-17,142.410004,138.380005,138.380005,138.380005,138.380005,138.380005,138.380005,142.410004,0.0
2022-10-18,143.75,139.6820810337875,138.380005,139.6820810337875,138.380005,138.380005,138.380005,143.75,1.3020760337875004
2022-10-19,143.860001,139.6820810337875,138.380005,139.78896916314957,138.380005,138.380005,138.380005,143.860001,1.3020760337875004
2022-10-20,143.389999,139.22572862871527,138.380005,139.33226754610578,138.380005,137.92790658030088,138.380005,143.389999,0.8457236287152625
2022-10-21,147.270004,139.22572862871527,138.380005,143.10247396573362,138.380005,141.66011224947803,138.380005,147.270004,0.8457236287152625
2022-10-24,149.449997,141.28664467126865,138.380005,145.22077628837079,138.380005,143.7570637310783,138.380005,149.449997,2.9066396712686355
2022-10-25,152.339996,144.01878431670016,138.380005,148.02899245884427,138.380005,146.53697526513977,138.380005,152.339996,5.638779316700152
2022-10-26,149.350006,141.19211544295877,135.6640089253385,145.12361489035584,138.380005,143.66088164444008,138.380005,149.350006,2.8121104429587547
2022-10-27,144.800003,141.19211544295877,135.6640089253385,145.12361489035584,138.380005,139.28419991558332,138.380005,144.800003,2.8121104429587547
2022-10-28,155.740005,141.19211544295877,135.6640089253385,145.12361489035584,138.380005,149.80746921168188,138.380005,155.740005,2.8121104429587547
2022-10-31,153.339996,139.01629460750846,133.57337818215282,142.8872082468002,138.380005,147.4988827031913,138.380005,153.339996,0.636289607508445
2022-11-01,150.649994,136.57756941980992,131.2301366024625,140.38057667001112,138.380005,144.9113497710178,138.380005,150.649994,-1.8024355801900924
2022-11-14,148.279999,136.57756941980992,131.2301366024625,140.38057667001112,138.380005,142.63163395237288,138.380005,148.279999,-1.8024355801900924
2022-11-15,150.039993,136.57756941980992,131.2301366024625,140.38057667001112,138.380005,144.32458527189894,138.380005,150.039993,-1.8024355801900924
2022-11-16,148.789993,136.57756941980992,131.2301366024625,139.21105035020176,138.380005,143.12220097433453,138.380005,148.789993,-1.8024355801900924
2022-11-17,150.720001,136.57756941980992,131.2301366024625,141.01680647295586,138.380005,144.97869002503347,138.380005,150.720001,-1.8024355801900924
2022-11-18,151.289993,137.09407765648874,131.72642194963623,141.5501029898205,138.380005,145.52696956946335,138.380005,151.289993,-1.2859273435112755
2022-11-21,148.009995,137.09407765648874,128.87056617243383,138.4812677978828,138.380005,142.37191509646922,138.380005,148.009995,-1.2859273435112755
2022-11-22,150.179993,137.09407765648874,128.87056617243383,138.4812677978828,138.380005,144.45925231322613,138.380005,150.179993,-1.2859273435112755
2022-11-23,151.070007,137.90654039532615,128.87056617243383,138.4812677978828,138.380005,145.31536339979613,138.380005,151.070007,-0.47346460467386464
2022-11-25,148.110001,135.20445415653086,126.34552724069009,138.4812677978828,135.66864188289875,142.468111611719,138.380005,148.110001,-3.1755508434691535
2022-11-28,144.220001,135.20445415653086,126.34552724069009,138.4812677978828,132.1054050092154,138.72629167769855,138.380005,144.220001,-3.1755508434691535
2023-01-06,129.619995,135.20445415653086,126.34552724069009,138.4812677978828,132.1054050092154,124.68243731070163,138.380005,129.619995,-3.1755508434691535
2023-01-09,130.149994,135.20445415653086,126.34552724069009,138.4812677978828,132.1054050092154,124.68243731070163,138.380005,130.149994,-3.1755508434691535
2023-01-10,130.729996,135.20445415653086,126.34552724069009,139.0983973867271,132.1054050092154,124.68243731070163,138.380005,130.729996,-3.1755508434691535
2023-01-11,133.490005,135.20445415653086,126.34552724069009,142.03508246604846,132.1054050092154,124.68243731070163,138.380005,133.490005,-3.1755508434691535
2023-01-12,133.410004,135.12342568150027,126.34552724069009,141.94996037295718,132.1054050092154,124.68243731070163,138.380005,133.410004,-3.256579318499746
2023-01-13,134.759995,135.12342568150027,126.34552724069009,143.3863681625398,132.1054050092154,125.94411307099554,138.380005,134.759995,-3.256579318499746
2023-01-17,135.940002,136.30661501130209,126.34552724069009,144.6419107895366,132.1054050092154,127.04692503705836,138.380005,135.940002,-2.073389988697926
2023-01-18,135.210007,135.5746513070116,126.34552724069009,143.8651867192603,132.1054050092154,126.36468567647319,138.380005,135.210007,-2.8053536929884046
2023-01-19,135.270004,135.5746513070116,126.34552724069009,143.92902429903054,132.1054050092154,126.42075772479822,138.380005,135.270004,-2.8053536929884046
2023-01-20,137.869995,138.18049785689686,126.34552724069009,143.92902429903054,132.1054050092154,128.85065956983442,138.380005,137.869995,-0.19950714310314765
2023-01-23,141.110001,141.42780081167928,129.31470313957223,147.31142017351365,132.1054050092154,131.87870718897173,138.380005,141.110001,3.047795811679265
2023-01-24,142.529999,142.85099684933633,130.6160043834776,148.79382340887008,132.1054050092154,133.20581015207728,138.380005,142.529999,4.470991849336315
2023-01-25,141.860001,142.17948991845464,130.00201110263205,148.0943807315689,132.1054050092154,132.57964283981713,138.380005,141.860001,3.799484918454624
2023-01-26,143.960007,144.28422543093845,131.92647889766323,148.0943807315689,132.1054050092154,134.54226826966942,138.380005,143.960007,5.904220430938437
2023-01-27,145.929993,146.25864811987174,133.7317949842184,150.12094257189904,132.1054050092154,136.38337949509116,138.380005,145.929993,7.878643119871725
2023-01-30,143.0,143.32205635850102,131.04671829007236,147.1068033819584,132.1054050092154,133.64506409452125,138.380005,143.0,4.942051358501004
2023-01-31,144.289993,143.32205635850102,132.22888157166093,147.1068033819584,132.1054050092154,134.85066687190925,138.380005,144.289993,4.942051358501004
2023-02-02,150.820007,149.8082652429231,138.21305573311707,147.1068033819584,132.1054050092154,140.95349302273527,138.380005,150.820007,11.428260242923102
2023-02-03,154.5,153.4635718458203,141.58544039032293,150.69619458718478,132.1054050092154,144.39274407415058,138.380005,154.5,15.083566845820286
2023-02-06,151.729996,150.71214978842735,139.0469793144462,147.99438836199852,129.73690986166105,141.80395133203814,135.89901362543677,151.729996,12.332144788427343
2023-02-07,154.649994,150.71214978842735,141.7228964844712,147.99438836199852,132.23365755367462,144.53292559683445,135.89901362543677,154.649994,12.332144788427343
2023-02-08,151.919998,148.05166752501512,139.22109916457592,147.99438836199852,129.89937129313392,141.98152356608068,135.89901362543677,151.919998,9.671662525015108
2023-02-09,150.869995,148.05166752501512,138.2588652670603,147.99438836199852,129.00156500461682,141.00021085115452,135.89901362543677,150.869995,9.671662525015108
2023-02-10,151.009995,148.05166752501512,138.38716275349816,147.99438836199852,129.12127216773197,141.1310521726457,135.89901362543677,151.009995,9.671662525015108
2023-02-13,153.850006,150.83604192579162,140.98977898746813,147.99438836199852,131.54962688220206,143.78527211756978,135.89901362543677,153.850006,12.456036925791608
2023-02-14,153.199997,150.198766781479,140.39410383845404,147.99438836199852,130.99383592942124,143.17778614227595,135.89901362543677,153.199997,11.818761781478997
2023-02-15,155.330002,152.2870443957298,142.34606303559704,147.99438836199852,132.81509918635751,145.16844806358122,135.89901362543677,155.330002,13.907039395729782
2023-02-16,153.710007,150.6987855448359,140.8614824174409,147.99438836199852,131.42992057413807,143.6544317306595,135.89901362543677,153.710007,12.318780544835903
2023-02-17,152.550003,150.6987855448359,139.79844243559924,147.99438836199852,130.4380578024079,142.57031418569517,135.89901362543677,152.550003,12.318780544835903
2023-02-21,148.479996,150.6987855448359,136.06864480785364,147.99438836199852,126.95799357505942,138.76656351170809,135.89901362543677,148.479996,12.318780544835903
2023-03-06,153.830002,150.6987855448359,136.06864480785364,147.99438836199852,131.53252243869525,143.76657676189043,135.89901362543677,153.830002,12.318780544835903
2023-03-07,151.600006,148.5141812114768,134.09612625034276,147.99438836199852,129.62576176070863,143.76657676189043,135.89901362543677,151.600006,10.134176211476785
2023-03-08,152.869995,148.5141812114768,135.21948112198137,147.99438836199852,130.7116673348332,144.97094327791322,135.89901362543677,152.869995,10.134176211476785
2023-03-09,150.589996,146.29914755069868,133.2027329580357,147.99438836199852,128.76215153343773,142.8087556903314,135.89901362543677,150.589996,7.919142550698666
2023-03-10,148.5,146.29914755069868,133.2027329580357,147.99438836199852,126.97509801856626,140.82675332572697,135.89901362543677,148.5,7.919142550698666
2023-03-13,150.470001,146.29914755069868,133.2027329580357,147.99438836199852,128.65954966888054,140.82675332572697,135.89901362543677,150.470001,7.919142550698666
2023-03-14,152.589996,148.36037875459655,133.2027329580357,147.99438836199852,130.4722538636541,140.82675332572697,135.89901362543677,152.589996,9.980373754596542
2023-03-15,152.990005,148.74929997027866,133.55191896894436,147.99438836199852,130.81428202515784,140.82675332572697,135.89901362543677,152.990005,10.369294970278645
2023-03-16,155.850006,151.53002506839402,136.04854364585123,147.99438836199852,133.25972921241845,143.45937403410812,135.89901362543677,155.850006,13.150020068394014
2023-03-17,155.0,150.70358024625983,135.30653483007845,147.1872269039872,132.53293059176949,142.67694654619876,135.1578203464599,155.0,12.323575246259821
2023-03-20,157.399994,150.70358024625983,137.40159851880736,149.46624923589823,134.58504825772215,144.88613245361293,137.2505813650701,157.399994,12.323575246259821
2023-03-21,159.279999,152.50360245198414,139.04274020921525,151.25149260696682,136.19254872338138,146.61667034323608,138.8899192879117,159.279999,14.123597451984125
2023-03-22,157.830002,151.1152940175738,137.77697201835068,149.87458268794038,134.952727099128,145.2819532821964,137.62554229417682,157.830002,12.735289017573791
2023-03-23,158.929993,151.1152940175738,138.73720408644274,149.87458268794038,135.8932756852865,146.2944910699919,137.62554229417682,158.929993,12.735289017573791
2023-03-24,160.25,152.37039534958137,139.88949810658113,151.11937918315044,137.02194920858747,147.50955280018292,138.76860330977198,160.25,13.99039034958136
2023-03-27,158.279999,150.4972606774499,138.16979482321474,149.2616236255206,135.33749755827318,145.69617391390577,137.06267952013795,158.279999,12.11725567744989
2023-03-28,157.649994,150.4972606774499,137.61983486530747,149.2616236255206,134.7988110489992,145.11625656094552,137.06267952013795,157.649994,12.11725567744989
2023-03-29,160.770004,150.4972606774499,140.34343319908294,149.2616236255206,137.4665792346484,147.9882146254204,137.06267952013795,160.770004,12.11725567744989
2023-03-30,162.360001,151.9856614178353,141.7314137439876,150.73780405641557,138.82610802201694,149.4518011865663,138.41821378540413,162.360001,13.605656417835291
2023-03-31,164.899994,154.36335613158238,143.94868891381114,153.09597703486156,140.99793199603357,151.7898556735903,140.5836565787152,164.899994,15.983351131582367
2023-04-03,166.169998,155.5522105092274,145.05733304581332,154.27507048721296,142.08385039592562,152.9588898208255,141.66638436941236,166.169998,17.172205509227382
2023-04-04,165.630005,155.04672151710795,144.5859486479908,153.7737317429133,141.62212875212538,152.46182819246218,141.20601934073377,165.630005,16.666716517107943
2023-04-05,163.759995,155.04672151710795,142.95353204671596,153.7737317429133,140.0231745228614,150.74049066465017,141.20601934073377,163.759995,16.666716517107943
2023-04-14,165.210007,155.04672151710795,144.21931333176133,153.7737317429133,141.26300897288226,152.07522153313627,141.20601934073377,165.210007,16.666716517107943
2023-04-17,165.229996,155.06548084635614,144.2367626370821,153.7737317429133,141.2801005906216,152.09362133626217,141.20601934073377,165.229996,16.685475846356127
2023-04-18,166.470001,155.06548084635614,145.31921928044966,153.7737317429133,142.34036831061158,153.2350415111139,141.20601934073377,166.470001,16.685475846356127
2023-04-19,167.630005,156.14601533883624,146.33183941999178,153.7737317429133,143.33223108234176,154.3028210511228,141.20601934073377,167.630005,17.766010338836224
2023-04-20,166.649994,155.2331428931292,145.47634333931202,152.87472831796498,142.4942715349729,153.40072442491834,140.3804902105513,166.649994,16.8531378931292
2023-04-21,165.020004,153.71482018269234,144.05345108958508,152.87472831796498,141.1005466863582,151.90032445007424,140.3804902105513,165.020004,15.334815182692324
2023-04-24,165.330002,154.00358085213819,144.32406241335445,152.87472831796498,141.36561083743942,152.18567650217378,140.3804902105513,165.330002,15.623575852138174
2023-04-25,163.770004,152.5504551325717,142.96226935708444,152.87472831796498,140.031732729973,150.74970391341134,140.3804902105513,163.770004,14.170450132571688
2023-04-26,163.759995,152.5504551325717,142.96226935708444,152.87472831796498,140.0231745228614,150.74970391341134,140.3804902105513,163.759995,14.170450132571688
2023-04-27,168.410004,156.88216624016275,142.96226935708444,152.87472831796498,143.99917013607498,150.74970391341134,140.3804902105513,168.410004,18.502161240162735
2023-04-28,169.679993,158.06522318861562,144.04035560603754,152.87472831796498,145.08507571019956,151.886515629913,140.3804902105513,169.679993,19.685218188615607
2023-05-01,169.589996,157.98138657570806,143.96395767806573,152.87472831796498,145.00812367049335,151.80595615731127,140.3804902105513,169.589996,19.601381575708047
2023-05-02,168.539993,157.00325735959171,143.07261626041603,151.92821657113973,144.11031738197624,150.86606162849105,139.51133554730956,168.539993,18.623252359591703
2023-05-03,167.449997,155.98787270540504,142.14732501851245,151.92821657113973,143.17831503221296,149.89036796205775,139.51133554730956,167.449997,17.607867705405027
2023-05-05,173.570007,161.68896173460226,147.34256578394852,151.92821657113973,148.41123671318672,155.36860365788445,139.51133554730956,173.570007,23.308956734602248
2023-05-08,173.5,161.6237467856615,147.28313725029156,151.86693848029137,148.351377146271,155.30593793571117,139.45506562927204,173.5,23.243741785661484
2023-05-09,171.770004,160.0121707888649,145.81455374417945,150.3526491655758,146.8721420508385,153.75735781233925,138.06453706605373,171.770004,21.63216578886488
2023-05-10,173.559998,161.6796378609332,147.33406920227281,150.3526491655758,148.40267850607518,155.35964425077898,138.06453706605373,173.559998,23.2996328609332
2023-05-11,173.75,161.85663402886848,147.49536079099803,150.51724529588202,148.56513993754805,155.52972170795283,138.21568098443302,173.75,23.476629028868473
2023-05-12,172.570007,160.75741276177425,146.49367162112264,149.49503352132996,147.55618554807856,154.4734685689178,137.277013151041,172.570007,22.377407761774236
2023-05-15,172.070007,160.2916382753602,146.0692245397097,149.49503352132996,147.12865996552446,154.02590102443452,137.277013151041,172.070007,21.911633275360202
2023-05-16,172.070007,160.2916382753602,146.0692245397097,149.49503352132996,147.12865996552446,154.02590102443452,137.277013151041,172.070007,21.911633275360202
2023-05-17,172.690002,160.2916382753602,146.59553467619094,149.49503352132996,147.6587874126357,154.58088030391835,137.277013151041,172.690002,21.911633275360202
2023-05-18,175.050003,162.48220184152134,148.59892574935418,149.49503352132996,149.6767090173422,156.6934000090147,137.277013151041,175.050003,24.102196841521334
2023-05-19,175.160004,162.5843052655628,148.69230495615918,149.49503352132996,149.77076550055526,156.79186576393613,137.277013151041,175.160004,24.20430026556278
2023-05-22,174.199997,161.69322244082687,147.87736061758721,148.6756896336368,148.94991039669324,155.93252981258254,136.5246330953515,174.199997,23.31321744082686
2023-05-23,171.559998,159.24276346894433,145.63628087662104,148.6756896336368,146.6925761758588,153.56937407284573,136.5246330953515,171.559998,20.86275846894432
2023-05-24,171.839996,159.50265887466577,145.63628087662104,148.6756896336368,146.93198879198675,153.8200101074862,136.5246330953515,171.839996,21.122653874665758
2023-05-25,172.990005,159.50265887466577,146.61092611424453,148.6756896336368,147.91530532732165,153.8200101074862,136.5246330953515,172.990005,21.122653874665758
2023-05-26,175.429993,161.75241066594572,148.67884269929604,148.6756896336368,150.00161990957164,153.8200101074862,136.5246330953515,175.429993,23.372405665945706
2023-05-30,177.300003,163.47662338634083,150.26369667940256,148.6756896336368,151.60057413883564,153.8200101074862,136.5246330953515,177.300003,25.096618386340822
2023-05-31,177.25,163.43051892237654,150.22131858860772,148.6756896336368,151.55781901542673,153.77662904806567,136.5246330953515,177.25,25.050513922376524
2023-06-01,180.089996,166.04909167282773,152.62824633984255,151.05785247627023,153.98616090412932,156.24052191909524,138.71210509474372,180.089996,27.669086672827717
2023-06-02,180.949997,166.84204179809578,153.357106617459,151.77921350171798,154.72150576117352,156.9866322421303,139.3745102907191,180.949997,28.462036798095767
2023-06-05,179.580002,165.5788598868345,152.19602083263646,150.6300741425099,153.55008994023115,155.79806686603607,138.3192884869534,179.580002,27.198854886834482
2023-06-06,179.210007,165.23771193282215,151.88244601305286,150.6300741425099,153.2337252843969,155.47707062420452,138.3192884869534,179.210007,26.85770693282214
2023-06-14,183.949997,169.6081436698426,155.89963951317594,150.6300741425099,157.2866592564981,159.58933964491845,138.3192884869534,183.949997,31.228138669842593
2023-06-15,186.009995,171.50753177770756,157.6455104065463,152.31693283527423,159.04806294651866,161.37653032636138,139.8682825738875,186.009995,33.127526777707544
2023-06-16,184.919998,170.50251753040806,156.7217259969687,151.42437327233432,158.1160597417042,160.4308825727224,139.0486706578682,184.919998,32.122512530408045
2023-06-20,185.009995,170.58549782045858,156.79799944130733,151.42437327233432,158.19301178141046,160.50896119209867,139.0486706578682,185.009995,32.20549282045857
2023-06-21,183.960007,169.61737322975466,155.90812309793796,151.42437327233432,157.29521831866083,159.59802401195242,139.0486706578682,183.960007,31.23736822975465
2023-06-22,187.0,172.4203500055538,158.48455049968769,151.42437327233432,159.8945678752316,162.23542810712712,139.0486706578682,187.0,34.040345005553775
2023-06-23,186.679993,172.12529268499642,158.21334105823448,151.16524568186503,159.6209455170388,161.9577999111791,138.81072120358365,186.679993,33.74528768499641
2023-06-26,185.270004,170.82523494764894,157.01835991986815,151.16524568186503,158.41533277979906,160.73453697512917,138.81072120358365,185.270004,32.445229947648926
2023-06-27,188.059998,173.39770415616977,159.38291042781907,151.16524568186503,160.80092040014392,163.15504965430733,138.81072120358365,188.059998,35.017699156169755
2023-06-28,189.25,174.49492640936393,160.39145017147538,152.1217858637484,161.818432996725,164.1874586592182,139.68908469188756,189.25,36.114921409363916
2023-06-29,189.589996,174.80841426669275,160.67960050961278,152.3950793839943,162.10914697265713,164.48242869459102,139.940042314286,189.589996,36.42840926669274
2023-06-30,193.970001,178.84692760961295,164.39170277491428,155.91578840746666,165.8542753510868,168.28238584050735,143.17300870475304,193.970001,40.466922609612936
2023-07-03,192.460007,177.45466186637074,163.11196630246923,154.70203419915202,164.56315322208044,166.97236165318546,142.05845293328545,192.460007,39.07465686637073
2023-07-05,191.330002,176.41275888450969,162.15427467419437,153.7937204415036,163.59694113025236,165.99200419362293,141.22437439089572,191.330002,38.032753884509674
2023-07-17,193.990005,178.86537197689375,164.40865638426294,153.7937204415036,165.87137979459365,168.29974069346915,141.22437439089572,193.990005,40.485366976893744
2023-07-18,193.729996,178.6256348497034,164.18829590570212,153.7937204415036,165.64905879620503,168.07416491043864,141.22437439089572,193.729996,40.24562984970339
2023-07-19,195.100006,179.88883059147403,165.34939440318917,153.7937204415036,166.82048744291492,169.2627433000699,141.22437439089572,195.100006,41.50882559147402
2023-07-20,193.130005,178.07242277365967,163.67979695415744,153.7937204415036,165.1360357926006,167.55363123800322,141.22437439089572,193.130005,39.692417773659656
2023-07-21,191.940002,176.97519959843152,162.67125636299014,153.7937204415036,164.11852234096835,166.5212213655232,141.22437439089572,191.940002,38.595194598431505
2023-07-24,192.75,177.72204525973527,163.35773854981178,153.7937204415036,164.81111207460367,166.5212213655232,141.22437439089572,192.75,39.342040259735256
2023-07-25,193.619995,178.52421019237204,164.09506885201486,153.7937204415036,165.55500231299195,166.5212213655232,141.22437439089572,193.619995,40.14420519237203
2023-07-26,194.5,179.33560468492092,164.84088273897999,153.7937204415036,166.307451613543,166.5212213655232,141.22437439089572,194.5,40.95559968492091
2023-07-27,193.220001,178.15540214167623,163.75606955098505,153.7937204415036,165.21298697725567,165.42534991654298,141.22437439089572,193.220001,39.77539714167622
2023-07-28,195.830002,180.56191169212994,165.96807401776974,153.7937204415036,167.44467137323923,167.65990289487326,141.22437439089572,195.830002,42.18190669212993
2023-07-31,196.449997,181.1335681354545,166.49352657866308,153.7937204415036,167.9747988203505,168.1907117619196,141.22437439089572,196.449997,42.7535631354545
2023-08-01,195.610001,180.35906329950123,165.7816207579062,153.7937204415036,167.25655926186425,167.47154898627872,141.22437439089572,195.610001,41.97905829950122
2023-08-23,181.119995,166.99878572676016,153.5011817865277,153.7937204415036,154.86686274913959,155.0659268952054,141.22437439089572,181.119995,28.61878072676015
2023-08-24,176.380005,162.62835398973974,153.5011817865277,153.7937204415036,154.86686274913959,155.0659268952054,141.22437439089572,176.380005,24.248348989739725
2023-08-25,178.610001,164.68448602626907,153.5011817865277,153.7937204415036,154.86686274913959,155.0659268952054,141.22437439089572,178.610001,26.30448102626906
2023-08-28,180.190002,166.14130060075635,153.5011817865277,155.15419427124897,154.86686274913959,155.0659268952054,141.22437439089572,180.190002,27.76129560075634
2023-08-29,184.119995,169.76488759850702,153.5011817865277,158.5381494887346,154.86686274913959,158.4479569771889,141.22437439089572,184.119995,31.384882598507005
2023-08-30,187.649994,173.01966654556185,153.5011817865277,161.57768633619696,154.86686274913959,161.48576462910373,141.22437439089572,187.649994,34.639661545561836
2023-08-31,187.869995,173.22251493819059,153.68114669233108,161.7671201422628,154.86686274913959,161.67509066608815,141.22437439089572,187.869995,34.842509938190574
2023-09-01,189.460007,174.68855999462392,154.98180605208978,163.13621403206483,154.86686274913959,163.04340567700922,141.22437439089572,189.460007,36.308554994623904
2023-09-05,189.699997,174.68855999462392,155.1781223313056,163.3428595433022,154.86686274913959,163.24993362740895,141.22437439089572,189.699997,36.308554994623904
2023-09-06,182.910004,168.4358761870244,149.62378189353157,157.49627604072575,154.86686274913959,157.40667625202494,141.22437439089572,182.910004,30.055871187024394
2023-10-06,177.490005,168.4358761870244,149.62378189353157,157.49627604072575,154.86686274913959,152.74239322090492,141.22437439089572,177.490005,30.055871187024394
2023-10-09,178.990005,169.85935811368577,149.62378189353157,157.49627604072575,154.86686274913959,154.0332466964646,141.22437439089572,178.990005,31.47935311368576
2023-10-10,178.389999,169.28995964909353,149.12221664200362,156.9683208032135,154.86686274913959,153.5169001428268,141.22437439089572,178.389999,30.90995464909352
2023-10-11,179.800003,170.62803645610703,149.12221664200362,158.20900672420964,154.86686274913959,154.73030585212888,141.22437439089572,179.800003,32.248031456107014
2023-10-12,180.710007,171.49161928756672,149.87695419132996,159.00973434686188,154.86686274913959,155.5134270695777,141.22437439089572,180.710007,33.11161428756671
2023-10-13,178.850006,171.49161928756672,148.3343097672565,157.37308859710606,154.86686274913959,153.9127678993147,141.22437439089572,178.850006,33.11161428756671
2023-10-16,178.720001,171.49161928756672,148.3343097672565,157.37308859710606,154.86686274913959,153.80088962858792,141.22437439089572,178.720001,33.11161428756671
2023-10-17,177.149994,169.98511167109228,148.3343097672565,157.37308859710606,154.86686274913959,152.4497903001859,141.22437439089572,177.149994,31.605106671092273
2023-10-18,175.839996,169.98511167109228,148.3343097672565,157.37308859710606,154.86686274913959,151.32244665266842,141.22437439089572,175.839996,31.605106671092273
2023-10-19,175.460007,169.98511167109228,148.3343097672565,157.37308859710606,154.86686274913959,150.99543990511876,141.22437439089572,175.460007,31.605106671092273
2023-11-02,177.570007,169.98511167109228,148.3343097672565,157.37308859710606,154.86686274913959,150.99543990511876,141.22437439089572,177.570007,31.605106671092273
2023-11-03,176.649994,169.10439698742468,147.56577066745288,157.37308859710606,154.86686274913959,150.99543990511876,141.22437439089572,176.649994,30.724391987424667
2023-11-06,179.229996,171.57419431125788,147.56577066745288,159.67154824679454,154.86686274913959,153.200752954527,141.22437439089572,179.229996,33.19418931125787
2023-11-07,181.820007,174.05357310107996,149.6982093093205,161.9789246657854,154.86686274913959,155.41462141525335,141.22437439089572,181.820007,35.67356810107995
2023-11-08,182.889999,175.07786043811416,150.57916784088243,162.93215394137877,154.86686274913959,156.3292204428364,141.22437439089572,182.889999,36.697855438114146
2023-11-09,182.410004,174.61836840421137,150.18397265217348,162.50453832730088,154.86686274913959,155.91893423486033,141.22437439089572,182.410004,36.238363404211356
2023-11-10,186.399994,178.4379261503376,153.46905864472927,166.05912123757014,154.86686274913959,159.32946531739762,141.22437439089572,186.399994,40.05792115033759
2023-11-13,184.800003,176.90627869814293,152.15173503682166,164.63372902726772,154.86686274913959,157.96183807089326,141.22437439089572,184.800003,38.526273698142916
2023-11-14,187.440002,179.433510252662,154.32533039301583,164.63372902726772,154.86686274913959,160.2184348662154,141.22437439089572,187.440002,41.05350525266198
2023-11-15,188.009995,179.433510252662,154.7946238048176,165.13436961683325,155.33780292603402,160.70564882999193,141.65382863744546,188.009995,41.05350525266198
2023-11-16,189.710007,181.05597250862687,156.19429789131323,165.13436961683325,156.7423885121774,162.15877121042053,141.65382863744546,189.710007,42.675967508626854
2023-11-17,189.690002,181.03688008020248,156.17782713693012,165.13436961683325,156.72585996140788,162.14167149981822,141.65382863744546,189.690002,42.65687508020247
2023-11-20,191.449997,182.7165890811901,157.62688713995476,165.13436961683325,158.1800047607884,163.646065659355,141.65382863744546,191.449997,44.3365840811901
2023-11-21,190.639999,181.94354090129073,156.9599899588094,165.13436961683325,157.51076741681376,162.95370218080166,141.65382863744546,190.639999,43.56353590129072
2023-11-22,191.309998,182.5829764400012,157.51162149922087,165.13436961683325,158.06433464935714,163.5263984569249,141.65382863744546,191.309998,44.20297144000119
2023-11-24,189.970001,181.30410631696313,156.40835924172978,165.13436961683325,156.95720101049142,162.3810067594503,141.65382863744546,189.970001,42.92410131696312
2023-11-27,189.789993,181.13230977330832,156.26015291556158,165.13436961683325,156.8084746237421,162.22714099058737,141.65382863744546,189.789993,42.75230477330831
2023-11-28,190.399994,181.71448425125365,156.76238618946576,165.13436961683325,157.31247024973356,162.74855266602484,141.65382863744546,190.399994,43.33447925125364
2023-12-05,193.419998,184.59672420183225,159.24885177906935,165.13436961683325,159.80766092397317,165.32996703332574,141.65382863744546,193.419998,46.216719201832234
2023-12-06,192.320007,183.5469116832141,158.3431941142538,165.13436961683325,158.89882527840865,164.3897257053998,141.65382863744546,192.320007,45.16690668321408
2023-12-07,194.270004,185.40795532981468,159.9486888223172,165.13436961683325,160.50995371704488,166.05652822354006,141.65382863744546,194.270004,47.02795032981467
2023-12-08,195.710007,186.78226946170093,161.13428920841798,165.13436961683325,161.69971441155954,167.28740223336138,141.65382863744546,195.710007,48.40226446170092
2023-12-11,193.179993,184.36766755179517,159.05124800972575,162.99961793286974,159.60936375689298,165.12481751854892,139.8226183937795,193.179993,45.987662551795154
2023-12-12,194.710007,185.8278866361886,160.31095732223386,162.99961793286974,160.8734934283292,166.43263039620456,139.8226183937795,194.710007,47.44788163618858
2023-12-13,197.960007,188.92963081910372,162.98678595233224,162.99961793286974,163.55871162382783,169.2106388669642,139.8226183937795,197.960007,50.54962581910371
2023-12-14,198.110001,189.07278251663362,163.11028079526858,163.12312249857843,163.6826398139865,169.3388495139067,139.92856178174551,198.110001,50.69277751663361
2023-12-15,197.570007,188.55742151715393,162.66568651672046,162.67849321703855,163.236485440368,168.87727785047304,139.54715456651476,197.570007,50.177416517153915
2023-12-18,195.889999,186.95405073523057,161.28248236127604,162.67849321703855,161.84842757877314,167.4412543258749,139.54715456651476,195.889999,48.574045735230555
2023-12-19,196.940002,187.956155565167,162.146983311765,162.67849321703855,162.71596208982797,168.33876731920506,139.54715456651476,196.940002,49.576150565166984
2023-12-20,194.830002,185.94240780333595,160.40975303191652,162.67849321703855,160.97263581521193,166.5351987428042,139.54715456651476,194.830002,47.56240280333594
2024-01-11,185.589996,177.12390476930494,152.80216146358393,162.67849321703855,153.33834897283757,158.6371018388443,139.54715456651476,185.589996,38.74389976930493
2024-01-12,185.919998,177.43885301048965,152.80216146358393,162.67849321703855,153.61100354974553,158.6371018388443,139.54715456651476,185.919998,39.05884801048964
2024-01-16,183.630005,175.25332302074617,152.80216146358393,162.67849321703855,151.7189632816949,158.6371018388443,139.54715456651476,183.630005,36.873318020746154
2024-01-18,188.630005,180.0252371483079,152.80216146358393,162.67849321703855,155.85006819784667,158.6371018388443,139.54715456651476,188.630005,41.64523214830788
2024-01-19,191.559998,182.82157214637928,152.80216146358393,162.67849321703855,155.85006819784667,158.6371018388443,139.54715456651476,191.559998,44.44156714637927
2024-01-22,193.889999,185.04528508420586,154.66073941685949,164.6571999190202,155.85006819784667,158.6371018388443,139.54715456651476,193.889999,46.66528008420585
2024-01-23,195.179993,186.27643320281985,155.68973228349677,165.75270149748138,155.85006819784667,159.69255034369215,139.54715456651476,195.179993,47.896428202819834
2024-01-24,194.5,185.62745956215122,155.14732049990454,165.17523105588046,155.85006819784667,159.13619303105583,139.54715456651476,194.5,47.247454562151205
2024-01-25,194.169998,185.3125113209665,154.88408694689883,164.8949834641123,155.85006819784667,158.8661916841528,139.54715456651476,194.169998,46.932506320966496
2024-01-26,192.419998,183.6423413763199,153.48815989869917,163.40883099959925,155.85006819784667,157.4343750373438,139.54715456651476,192.419998,45.262336376319894
2024-01-29,191.729996,182.98381531795073,152.93776421006382,163.40883099959925,155.85006819784667,156.8698285516687,139.54715456651476,191.729996,44.60381031795072
2024-01-30,188.039993,179.46213982866172,152.93776421006382,163.40883099959925,155.85006819784667,153.8507384247115,139.54715456651476,188.039993,41.08213482866171
2024-03-14,173.0,165.1082288136358,152.93776421006382,163.40883099959925,155.85006819784667,141.54530279883113,139.54715456651476,173.0,26.728223813635793
2024-03-15,172.619995,165.1082288136358,152.93776421006382,163.40883099959925,155.85006819784667,141.54530279883113,139.54715456651476,172.619995,26.728223813635793
2024-03-18,173.720001,166.16036673279385,152.93776421006382,163.40883099959925,155.85006819784667,141.54530279883113,139.54715456651476,173.720001,27.780361732793835
2024-03-19,176.080002,168.41766945782527,152.93776421006382,165.62875387749452,155.85006819784667,141.54530279883113,139.54715456651476,176.080002,30.037664457825258
2024-03-20,178.669998,170.89495867449105,152.93776421006382,168.06502037655835,155.85006819784667,141.54530279883113,139.54715456651476,178.669998,32.51495367449104
2024-03-21,171.369995,163.91262406334576,152.93776421006382,161.1983098673662,155.85006819784667,141.54530279883113,139.54715456651476,171.369995,25.53261906334575
2024-04-11,175.039993,163.91262406334576,152.93776421006382,161.1983098673662,155.85006819784667,141.54530279883113,139.54715456651476,175.039993,25.53261906334575
2024-04-12,176.550003,165.32664206700218,152.93776421006382,161.1983098673662,155.85006819784667,141.54530279883113,139.54715456651476,176.550003,26.94663706700217
2024-04-15,172.690002,161.71202301935892,149.59400939410602,157.67395061098972,155.85006819784667,138.450627063545,139.54715456651476,172.690002,23.332018019358912
2024-04-16,169.380005,161.71202301935892,149.59400939410602,157.67395061098972,155.85006819784667,135.79690562674492,139.54715456651476,169.380005,23.332018019358912
2024-04-29,173.5,161.71202301935892,149.59400939410602,157.67395061098972,155.85006819784667,135.79690562674492,139.54715456651476,173.5,23.332018019358912
2024-04-30,170.330002,158.75740175395651,146.8607949238392,157.67395061098972,155.85006819784667,135.79690562674492,139.54715456651476,170.330002,20.377396753956504
2024-05-01,169.300003,158.75740175395651,146.8607949238392,157.67395061098972,155.85006819784667,135.79690562674492,139.54715456651476,169.300003,20.377396753956504
2024-05-02,173.029999,158.75740175395651,146.8607949238392,157.67395061098972,155.85006819784667,135.79690562674492,139.54715456651476,173.029999,20.377396753956504
2024-05-03,183.380005,168.25367448235122,146.8607949238392,167.1054153529357,155.85006819784667,135.79690562674492,139.54715456651476,183.380005,29.873669482351204
2024-05-06,181.710007,166.72142836926935,145.52336866626425,165.58362616207722,155.85006819784667,134.56023557210696,139.54715456651476,181.710007,28.341423369269336
2024-05-07,182.399994,167.35450092314488,146.07594820898547,166.21237826742876,155.85006819784667,135.07118604090363,139.54715456651476,182.399994,28.97449592314487
2024-05-08,182.740005,167.66646568786618,146.34824772028088,166.5222140064973,155.85006819784667,135.32297162504653,139.54715456651476,182.740005,29.286460687866168
2024-05-09,184.570007,169.34551766962426,147.8138139821654,168.18980717897378,157.4107879565125,136.67812814219656,140.94461305925714,184.570007,30.965512669624246
2024-05-10,183.050003,167.9508931126674,146.59651117029443,166.8047003361742,156.11445042461304,135.55253192607543,139.78388072191413,183.050003,29.570888112667376
2024-05-13,186.279999,167.9508931126674,149.1832696348327,166.8047003361742,158.86915701925702,137.94441462880937,139.78388072191413,186.279999,29.570888112667376
2024-05-14,187.429993,168.98773292591116,150.10424808609648,166.8047003361742,159.84993100646966,138.79601034497986,139.78388072191413,187.429993,30.60772792591115
2024-05-15,189.720001,171.05241453907325,151.93821245566858,166.8047003361742,161.8029675239723,140.49181136898184,139.78388072191413,189.720001,32.67240953907324
2024-05-16,189.839996,171.1606025760458,152.03431105206073,166.91020175885677,161.90530542712276,140.58067029169092,139.8722918893125,189.839996,32.78059757604578
2024-05-17,189.869995,171.18764981069003,152.05833590137252,166.91020175885677,161.9308901161232,140.60288520749862,139.8722918893125,189.869995,32.80764481069002
2024-05-20,191.039993,172.24252532118453,152.99533465616753,166.91020175885677,162.9287245426427,141.46929432330973,139.8722918893125,191.039993,33.86252032118452
2024-05-21,192.350006,173.4236389915749,154.044465124566,166.91020175885677,164.04597095724176,142.43938760982047,139.8722918893125,192.350006,35.04363399157489
2024-05-22,190.899994,172.11630158696127,152.88321575624414,166.91020175885677,162.80932620018544,141.36562200096006,139.8722918893125,190.899994,33.73629658696126
2024-05-23,186.880005,168.49186124727083,149.66378744329865,166.91020175885677,159.38087297340246,138.38873219853286,139.8722918893125,186.880005,30.111856247270822
2024-05-24,189.979996,171.28682721187354,152.1464307528391,166.91020175885677,162.02470462243141,140.68434335456243,139.8722918893125,189.979996,32.90682221187353
2024-05-28,189.990005,171.2958513717307,152.15444651058974,166.91020175885677,162.03324081204457,140.69175523803585,139.8722918893125,189.990005,32.91584637173068
2024-05-29,190.289993,171.5663219149643,152.39469340199764,166.91020175885677,162.2890859963464,140.91390291506946,139.8722918893125,190.289993,33.186316914964294
2024-05-30,191.289993,172.46792645659127,153.19554840755748,166.91020175885677,163.14193739140816,141.65442479272315,139.8722918893125,191.289993,34.08792145659126
2024-05-31,192.25,173.33347312778494,153.96437481887997,166.91020175885677,163.96068070062722,142.36533097892382,139.8722918893125,192.25,34.95346812778493
2024-06-03,194.029999,174.9383283102764,155.3898959279215,166.91020175885677,165.4787553309858,143.68345918062553,139.8722918893125,194.029999,36.55832331027639
2024-06-04,194.350006,175.22684807482884,155.64617513568567,166.91020175885677,165.75167374736534,143.92043136512788,139.8722918893125,194.350006,36.846843074828826
2024-06-05,195.869995,176.59727706045186,156.86346593473158,166.91020175885677,167.0479984864939,145.04601647342082,139.8722918893125,195.869995,38.21727206045185
2024-06-06,194.479996,175.34404764919492,155.7502782778584,165.72571705238292,165.86253590020942,144.01669180400407,138.8796827566383,194.479996,36.96404264919491
2024-06-07,196.889999,177.51691729932952,157.68034124382262,165.72571705238292,167.9179103208625,145.80135175071513,138.8796827566383,196.889999,39.13691229932951
2024-06-11,207.149994,186.76737538839953,165.8971095965916,174.36173227390194,176.66816136993938,153.39910251283268,146.1167433382918,207.149994,48.38737038839952
2024-06-12,213.070007,192.10488599569024,170.63818164062096,179.34470959305176,181.71705271577326,157.783001655327,150.29252439132117,213.070007,53.72488099569023
2024-06-13,214.240005,193.1597615061847,171.57518039541597,180.3295171428748,182.71488714229275,158.6494107711381,151.11780222102902,214.240005,54.7797565061847
2024-06-14,212.490005,191.58195355833752,170.17368413568624,178.85651187945527,181.22239720093464,157.3534974852441,149.8834101947275,212.490005,53.201948558337506
2024-06-17,216.669998,195.35065423110646,173.52125245294133,182.3748842737735,184.7873100623331,160.44887375018342,152.8318387828396,216.669998,56.97064923110645
2024-06-18,214.289993,193.20483091401158,171.6152135354339,180.37159290693643,182.7575194778291,158.68642797875825,151.1530621002352,214.289993,54.82482591401157
2024-06-20,209.679993,189.04843397711124,167.923271959803,180.37159290693643,178.8258745465943,155.27262212277466,151.1530621002352,209.679993,50.66842897711123
2024-06-21,207.490005,187.07393085020266,166.16940910788702,180.37159290693643,176.95814022562573,153.6508880969756,151.1530621002352,207.490005,48.693925850202646
2024-06-24,208.139999,187.65996839263295,166.68996005637086,180.37159290693643,177.5124885153075,154.13222287431924,151.1530621002352,208.139999,49.279963392632936
2024-06-25,209.070007,188.49846782918237,167.43476161838157,180.37159290693643,178.30564713552613,154.13222287431924,151.1530621002352,209.070007,50.11846282918236
2024-06-26,213.25,192.26716850195132,170.78232993563668,180.37159290693643,181.8705599969246,154.13222287431924,151.1530621002352,213.25,53.887163501951306
2024-06-27,214.100006,193.03353777196148,171.46306149549258,180.37159290693643,182.5954887998355,154.74658777109067,151.1530621002352,214.100006,54.653532771961466
2024-06-28,210.619995,189.89594404944967,168.67607726673927,180.37159290693643,179.62755656365513,152.23131540974444,151.1530621002352,210.619995,51.515939049449656
2024-07-01,216.75,195.4227843976457,173.58532245509613,180.37159290693643,184.85553987964084,156.66194282770783,151.1530621002352,216.75,57.04277939764569
2024-07-02,220.270004,198.5964359905908,176.40433527808682,180.37159290693643,187.8575802016639,159.20612121479573,151.1530621002352,220.270004,60.216430990590794
2024-07-03,221.550003,199.75048890226878,177.42942888434843,181.4197404275098,188.94922913449156,160.13127521782928,152.0314194109076,221.550003,61.370483902268774
2024-07-05,226.339996,204.0691683454302,181.26551875499504,185.34210230944393,193.03438134687775,163.59337260888407,155.31839492387255,226.339996,65.68916334543019
2024-07-08,227.820007,205.40355298468805,182.45079297262865,186.55403283444537,194.2966107929345,164.66309071115109,156.33400390616515,227.820007,67.02354798468804
2024-07-09,228.679993,206.17892026802366,183.13951706544003,187.25824603588364,195.0300510527681,165.28466892367533,156.92414107828475,228.679993,67.79891526802365
2024-07-10,232.979996,210.05582250183326,186.5831959919124,190.77937182028506,198.69731461008794,168.392612749027,159.87487703273726,232.979996,71.67581750183325
2024-07-11,227.570007,205.1781518492813,182.2505792212387,186.34931636189862,194.08339794416906,164.48239642876618,156.16244960989766,227.570007,66.7981468492813
2024-07-12,230.539993,207.85590471544984,184.62910737578136,186.34931636189862,196.61635464758302,166.629034384619,156.16244960989766,230.539993,69.47589971544983
2024-07-15,234.399994,211.33609914773447,187.72040849809736,186.34931636189862,199.90836188537287,169.41895482741896,156.16244960989766,234.399994,72.95609414773446
2024-07-16,234.820007,211.71478477607684,188.05677801154755,186.68322906418783,200.26657055836696,169.72253061792827,156.44227154089992,234.820007,73.33477977607683
2024-07-17,228.880005,206.35925199560356,183.2996976768121,186.68322906418783,195.2006315659972,165.42923302290882,156.44227154089992,228.880005,67.97924699560355
2024-08-12,217.529999,196.1260350385102,174.2099885585778,186.68322906418783,185.52076311493764,157.22570826597158,156.44227154089992,217.529999,57.746030038510185
2024-08-13,221.270004,199.49804053221777,174.2099885585778,186.68322906418783,188.71043159672567,159.92889834433532,156.44227154089992,221.270004,61.11803553221776
2024-08-14,221.720001,199.9037598711363,174.56427956415575,186.68322906418783,189.09421216594927,160.25414588429675,156.44227154089992,221.720001,61.523754871136276
2024-08-15,224.720001,202.6085734960172,176.92623534771388,186.68322906418783,191.6527663511346,162.42247727291556,156.44227154089992,224.720001,64.22856849601717
2024-08-16,226.050003,203.80770933959016,177.97337065306186,187.78811099244052,192.78706041226957,163.38377230075747,157.36817280962563,226.050003,65.42770433959015
2024-08-19,225.889999,203.66344900651166,177.84739652866438,187.65518974266183,192.6506007776541,163.26812506892261,157.25678357366868,225.889999,65.28344400651164
2024-08-20,226.509995,204.22244021590222,178.33553090799202,188.1702433861819,193.17936523118684,163.71624399812865,157.68840328777804,226.509995,65.84243521590221
2024-08-21,226.399994,204.12326281471871,178.2489250752763,188.07886148074888,193.17936523118684,163.63673779110218,157.68840328777804,226.399994,65.7432578147187
2024-08-22,224.529999,202.437266829899,176.77664324011803,188.07886148074888,193.17936523118684,162.28514817274876,157.68840328777804,224.529999,64.05726182989898
2024-08-23,226.839996,204.51997061624368,178.595346831502,188.07886148074888,193.17936523118684,163.95476117365385,157.68840328777804,226.839996,66.13996561624367
2024-08-26,227.179993,204.8265134555832,178.86303279168283,188.07886148074888,193.17936523118684,164.20050322936592,157.68840328777804,227.179993,66.4465084555832
2024-08-27,228.029999,205.59288272559337,179.53225832093585,188.07886148074888,193.17936523118684,164.81486812613736,157.68840328777804,228.029999,67.21287772559336
2024-08-28,226.490005,204.2044171411151,178.31979240928757,188.07886148074888,193.17936523118684,163.70179568330917,157.68840328777804,226.490005,65.82441214111509
2024-08-29,229.789993,207.1797013092296,180.9179343233784,188.07886148074888,193.17936523118684,166.08695153746427,157.68840328777804,229.789993,68.7996963092296
2024-08-30,229.0,206.4674400325761,180.29595814493825,187.432266813688,192.5152355870509,165.5159626645679,157.14628771019272,229.0,68.08743503257608
2024-09-19,228.869995,206.35022693414186,180.19360279105774,187.432266813688,192.40594325865575,165.4219980238421,157.14628771019272,228.869995,67.97022193414185
2024-09-20,228.199997,205.74615369446087,179.66610090736697,187.432266813688,191.84269075728957,165.4219980238421,157.14628771019272,228.199997,67.36614869446086
2024-09-23,226.470001,204.18638144386438,178.3040428881228,186.01133308835313,190.38832137954,164.16792528652624,155.95495356151838,226.470001,65.80637644386437
2024-09-24,227.369995,204.9978201217014,179.01262489927868,186.75054394618112,191.14492643166633,164.8203302280104,156.5747200730028,227.369995,66.6178151217014
2024-09-25,226.369995,204.09621558007444,178.2253063047593,185.92919307292198,190.30424854700672,164.09543101592214,155.88608602490422,226.369995,65.71621058007443
2024-09-26,227.520004,205.13306891738634,179.13072977432395,185.92919307292198,191.27103568046624,164.92907163391655,155.88608602490422,227.520004,66.75306391738633
2024-09-27,227.789993,205.37649222597565,179.34329713433965,186.14982790074382,191.4980094618676,165.12478644728907,156.07106988452026,227.789993,66.99648722597564
2024-09-30,233.0,210.07385819908396,183.4452325230158,186.14982790074382,195.87794712568936,168.90151641656334,156.07106988452026,233.0,71.69385319908395
2024-10-01,226.210007,203.9519696726686,178.09934477745932,180.72512391620623,190.1697501735958,163.97945584077857,151.52290906040693,226.210007,65.5719646726686
2024-10-02,226.779999,204.46587704855966,178.09934477745932,180.72512391620623,190.6489298424287,164.3926425924752,151.52290906040693,226.779999,66.08587204855965
2024-10-03,225.669998,203.46509510574919,178.09934477745932,180.72512391620623,189.71577654977864,163.588003742158,151.52290906040693,225.669998,65.08509010574917
2024-10-04,226.800003,204.4839127458104,178.09934477745932,180.72512391620623,190.66574676283344,164.4071434763138,151.52290906040693,226.800003,66.10390774581037
2024-10-07,221.690002,199.87671263649202,178.09934477745932,180.72512391620623,186.36988193154494,160.7029077776436,151.52290906040693,221.690002,61.496707636492005
2024-10-08,225.770004,203.55526096953915,178.09934477745932,180.72512391620623,189.79984938231192,160.7029077776436,151.52290906040693,225.770004,65.17525596953914
2024-10-09,229.539993,206.95430017382287,178.09934477745932,180.72512391620623,192.96919576002193,160.7029077776436,151.52290906040693,229.539993,68.57429517382286
2024-10-10,229.039993,206.5034979030094,177.71139638021106,180.72512391620623,192.54885681769213,160.7029077776436,151.52290906040693,229.039993,68.12349290300938
2024-10-11,227.550003,205.1601161520306,176.55531791537913,179.54944003734798,191.29625517632815,160.7029077776436,151.52290906040693,227.550003,66.7801111520306
2024-10-14,231.300003,208.54113318313173,176.55531791537913,179.54944003734798,194.4487972438017,163.3512747133547,151.52290906040693,231.300003,70.16112818313172
2024-10-15,233.850006,210.84022746909415,178.50177958641584,181.5289108752431,196.59252837171735,165.1521663483318,153.19339703127292,233.850006,72.46022246909413
2024-10-16,231.779999,208.97389975669452,176.921707216196,179.922042769308,194.85231926572675,163.690262856201,151.83735086461806,231.779999,70.59389475669451
2024-10-17,232.149994,209.30748892907377,177.20413083921733,179.922042769308,195.16336587966137,163.9515648627019,151.83735086461806,232.149994,70.92748392907376
2024-10-18,235.0,211.8770672823379,179.37959002151027,179.922042769308,197.55930289500859,165.96432797122944,151.83735086461806,235.0,73.49706228233788
2024-10-21,236.479996,213.21143839752764,180.509296726674,181.05516576339485,198.80350280159328,167.00954729693203,152.7936005324063,236.479996,74.83143339752763
2024-10-22,235.860001,212.65244808974165,180.03604375256597,180.580481648898,198.28228671649376,166.57168749471705,152.3930116032603,235.860001,74.27244308974164
2024-10-23,230.759995,208.05425951781683,176.1431204104926,180.580481648898,193.99482446066241,162.96990422476284,152.3930116032603,230.759995,69.67425451781682
2024-10-24,230.570007,207.88296547416223,176.1431204104926,180.580481648898,193.8351057507117,162.83572877479435,152.3930116032603,230.570007,69.50296047416222
2024-10-25,231.410004,208.64031058431524,176.1431204104926,180.580481648898,194.54127265179213,163.42896084970008,152.3930116032603,231.410004,70.26030558431523
2024-10-28,233.399994,210.4344946061075,176.1431204104926,180.580481648898,196.2142132354859,163.42896084970008,152.3930116032603,233.399994,72.0544896061075
2024-10-29,233.669998,210.67793143876494,176.34688796964392,180.580481648898,196.44119962705554,163.61802029391438,152.3930116032603,233.669998,72.29792643876493
2024-10-30,230.100006,207.459210437993,173.652673972704,180.580481648898,193.4399863042438,161.11827694429914,152.3930116032603,230.100006,69.07920543799298
2024-11-18,228.020004,205.58387118819982,173.652673972704,180.580481648898,191.69137462279605,161.11827694429914,152.3930116032603,228.020004,67.20386618819981
2024-11-19,228.279999,205.81828386100014,173.652673972704,180.580481648898,191.90994666941813,161.11827694429914,152.3930116032603,228.279999,67.43827886100013
2024-11-20,229.0,206.4674400325761,173.652673972704,181.150037141877,191.90994666941813,161.11827694429914,152.3930116032603,229.0,68.08743503257608
2024-11-21,228.520004,206.0346734590133,173.652673972704,180.77033717144926,191.90994666941813,160.78056459294473,152.3930116032603,228.520004,67.6546684590133
2024-11-22,229.869995,207.25183147576882,173.652673972704,181.83824511813572,191.90994666941813,161.7303821641688,152.3930116032603,229.869995,68.87182647576881
2024-11-25,232.869995,209.95664510064972,173.652673972704,184.211389709514,191.90994666941813,163.8411019494653,152.3930116032603,232.869995,71.57664010064971
2024-11-26,235.059998,211.93116175162643,175.28577349228036,185.94378763436478,191.90994666941813,165.38192950345154,152.3930116032603,235.059998,73.55115675162642
2024-11-27,234.929993,211.81394865319223,175.1888279159307,185.8409474134974,191.90994666941813,165.2904614615557,152.3930116032603,234.929993,73.43394365319222
2024-11-29,237.330002,213.97780766753783,176.9785302792968,187.73947020603381,191.90994666941813,166.97904362195226,152.3930116032603,237.330002,75.59780266753782
2024-12-02,239.589996,216.01542852198753,178.66382254403132,189.5272343852496,191.90994666941813,168.5691149721027,152.3930116032603,239.589996,77.63542352198752
2024-12-03,242.649994,218.77433661615697,180.94568300892774,191.94784028635908,191.90994666941813,170.7220477459586,152.3930116032603,242.649994,80.39433161615696
2024-12-04,243.009995,219.09891515274722,181.21413810243538,192.2326184283727,192.19466859160758,170.97533482376747,152.6191053099438,243.009995,80.71891015274721
2024-12-05,243.039993,219.12596148578695,181.23650780667242,192.25634829219007,192.21839377076498,170.9964406144739,152.6379451437584,243.039993,80.74595648578693
2024-12-06,242.839996,218.9456432822752,181.08736873945804,192.25634829219007,192.06021773716475,170.8557280728406,152.6379451437584,242.839996,80.56563828227519
2024-12-09,246.75,222.4709206464548,184.0030842220129,192.25634829219007,195.1526087434353,173.60670234063673,152.6379451437584,246.75,84.09091564645479
2024-12-10,247.770004,223.39056088533246,184.76370785694212,193.05108889718875,195.95932177901278,174.32434988193057,153.2689129840762,247.770004,85.01055588533245
2024-12-11,246.490005,222.23650797365448,183.80920425491135,193.05108889718875,194.94698076973623,173.423776810444,153.2689129840762,246.490005,83.85650297365447
2024-12-12,247.960007,223.5618684530552,184.90539433317892,193.05108889718875,196.1095936376514,174.4580309123858,153.2689129840762,247.960007,85.1818634530552
2024-12-13,248.130005,223.71513942192274,185.03216295044976,193.05108889718875,196.24404370120223,174.57763695973944,153.2689129840762,248.130005,85.33513442192273
2024-12-16,251.039993,226.3387978188027,187.2021599800305,193.05108889718875,198.5455300218186,176.6250267085979,153.2689129840762,251.039993,87.95879281880269
2024-12-17,253.479996,228.53871560518613,189.02168613002428,193.05108889718875,200.47530895106604,178.3417475780255,153.2689129840762,253.479996,90.15871060518612
2024-12-20,254.490005,229.44934430667024,189.7748564282694,193.82031463619325,201.27411702078984,179.05236290456799,153.87962382507737,254.490005,91.06933930667023
2024-12-23,255.270004,230.15259494753474,190.3565067694653,193.82031463619325,201.89101201437555,179.60114934517182,153.87962382507737,255.270004,91.77258994753473
2024-12-24,258.200012,232.79430346733812,192.54143284360987,196.04499855340964,204.2083319934602,181.66262463073085,155.64586553690995,258.200012,94.41429846733811
2024-12-26,259.019989,233.53359845456777,193.1528950401291,196.66758717582547,204.85684526867647,182.23953852319352,156.14015687677772,259.019989,95.15359345456775
2024-12-27,255.589996,230.44110118801905,190.59512689074745,194.06327679057574,202.14409113728146,179.8262871603507,154.0725185945977,255.589996,92.06109618801904
2024-12-30,252.199997,227.38466269350815,188.06718252799348,194.06327679057574,199.4629679417895,177.4411745065389,154.0725185945977,252.199997,89.00465769350814
2025-01-27,229.860001,207.24282083997983,171.4081018167172,194.06327679057574,181.79444312429038,161.72335065299072,154.0725185945977,229.860001,68.86281583997982
2025-01-28,238.259995,214.8162935800191,171.4081018167172,194.06327679057574,181.79444312429038,161.72335065299072,154.0725185945977,238.259995,76.4362885800191
2025-01-29,239.360001,215.80806398543604,171.4081018167172,194.06327679057574,181.79444312429038,161.72335065299072,154.0725185945977,239.360001,77.42805898543602
2025-01-30,237.589996,214.2122194387336,171.4081018167172,192.62822929391527,181.79444312429038,160.52744850527748,154.0725185945977,237.589996,75.83221443873359
2025-01-31,236.0,212.77867182396488,171.4081018167172,191.33912571539418,181.79444312429038,159.45316926241912,154.0725185945977,236.0,74.39866682396487
2025-02-03,228.009995,205.57484702834267,171.4081018167172,184.86115719352287,181.79444312429038,154.0547301960099,154.0725185945977,228.009995,67.19484202834266
2025-02-04,232.800003,209.89353999557218,171.4081018167172,184.86115719352287,181.79444312429038,154.0547301960099,154.0725185945977,232.800003,71.51353499557217
2025-02-05,232.470001,209.5960086936262,171.4081018167172,184.59911015396085,181.79444312429038,154.0547301960099,154.0725185945977,232.470001,71.21600369362619
2025-02-06,233.220001,210.27221209984643,171.4081018167172,185.19466799806938,181.79444312429038,154.0547301960099,154.0725185945977,233.220001,71.89220709984642
2025-02-14,244.600006,220.53247629158406,171.4081018167172,194.2312696563953,181.79444312429038,154.0547301960099,154.0725185945977,244.600006,82.15247129158405
2025-02-18,244.470001,220.41526319314985,171.31699834275943,194.12803565969753,181.79444312429038,153.97285004593692,154.0725185945977,244.470001,82.03525819314984
2025-02-19,244.869995,220.77589960017337,171.5973017384923,194.44566174542598,181.79444312429038,154.22477550071397,154.0725185945977,244.869995,82.39589460017336
2025-02-20,245.830002,221.64144627136707,172.27004488470777,195.2079813444248,181.79444312429038,154.82941007039295,154.0725185945977,245.830002,83.26144127136706
2025-02-21,245.550003,221.38899790131606,172.07383026523397,194.98564054336808,181.79444312429038,154.65306023661515,154.0725185945977,245.550003,83.00899290131605
2025-02-24,247.100006,222.7864876456515,173.16002431888504,194.98564054336808,181.79444312429038,155.62928790673223,154.0725185945977,247.100006,84.4064826456515
2025-02-25,247.039993,222.73237965229484,173.117969068836,194.98564054336808,181.79444312429038,155.5914903339748,154.0725185945977,247.039993,84.35237465229483
2025-02-26,240.360001,216.709668527063,168.4368377491955,194.98564054336808,181.79444312429038,151.38427716950943,154.0725185945977,240.360001,78.32966352706299
2025-02-27,237.300003,213.95076043289356,168.4368377491955,194.98564054336808,181.79444312429038,149.4570197912315,154.0725185945977,237.300003,75.57075543289355
2025-03-24,220.729996,199.01116686690287,168.4368377491955,194.98564054336808,181.79444312429038,139.0208468758024,154.0725185945977,220.729996,60.63116186690286
2025-03-25,223.75,201.7340161890345,168.4368377491955,194.98564054336808,181.79444312429038,139.0208468758024,154.0725185945977,223.75,63.35401118903448
2025-03-26,221.529999,199.7324532050181,168.4368377491955,193.05103354005226,181.79444312429038,139.0208468758024,154.0725185945977,221.529999,61.35244820501808
2025-03-27,223.850006,201.82418205282445,168.4368377491955,195.07279019238788,181.79444312429038,139.0208468758024,154.0725185945977,223.850006,63.44417705282444
2025-03-28,217.899994,196.45962421088947,168.4368377491955,189.88768672396003,181.79444312429038,139.0208468758024,154.0725185945977,217.899994,58.07961921088946
2025-03-31,222.130005,200.2734213396215,168.4368377491955,189.88768672396003,181.79444312429038,139.0208468758024,154.0725185945977,222.130005,61.893416339621496
2025-04-01,223.190002,201.22911944893247,168.4368377491955,190.79382445291895,181.79444312429038,139.6842497358789,154.0725185945977,223.190002,62.849114448932454
2025-04-02,223.889999,201.86023992325772,168.4368377491955,191.39221642181892,181.79444312429038,140.12234532656922,154.0725185945977,223.889999,63.48023492325771
2025-04-14,202.520004,182.5929553767121,168.4368377491955,173.12409043923233,181.79444312429038,126.74785860366269,154.0725185945977,202.520004,44.21295037671209
2025-04-15,202.139999,182.25034114287112,168.4368377491955,173.12409043923233,181.79444312429038,126.74785860366269,154.0725185945977,202.139999,43.87033614287111
2025-04-16,194.270004,175.1547179082896,168.4368377491955,166.38378306376677,181.79444312429038,126.74785860366269,154.0725185945977,194.270004,36.77471290828959
2025-04-17,196.979996,177.59805900326234,168.4368377491955,168.70477298371623,181.79444312429038,126.74785860366269,154.0725185945977,196.979996,39.218054003262324
2025-04-21,193.160004,174.15393686708364,168.4368377491955,165.43311648942117,181.79444312429038,126.74785860366269,154.0725185945977,193.160004,35.77393186708363
2025-04-22,199.740005,180.08649565259364,168.4368377491955,165.43311648942117,181.79444312429038,126.74785860366269,154.0725185945977,199.740005,41.70649065259363
2025-04-23,204.600006,184.46829462650527,168.4368377491955,169.45837478242913,181.79444312429038,126.74785860366269,154.0725185945977,204.600006,46.08828962650526
2025-04-24,208.369995,187.86733383078897,168.4368377491955,172.58083905492595,181.79444312429038,126.74785860366269,154.0725185945977,208.369995,49.487328830788954
2025-04-25,209.279999,188.6877975700877,168.4368377491955,173.33454283969274,181.79444312429038,127.30139827390538,154.0725185945977,209.279999,50.307792570087685
2025-04-28,210.139999,189.46317747588688,168.4368377491955,174.0468311976554,181.79444312429038,127.82452137711007,154.0725185945977,210.139999,51.08317247588687
2025-04-29,211.210007,189.46317747588688,168.4368377491955,174.93305705966344,181.79444312429038,128.47538870898666,154.0725185945977,211.210007,51.08317247588687
2025-04-30,212.5,190.62034884372673,168.4368377491955,176.00148379891147,181.79444312429038,129.26006910581498,154.0725185945977,212.5,52.24034384372672
2025-05-01,213.320007,191.35592541028814,168.4368377491955,176.68064826350204,181.79444312429038,129.75886515987264,154.0725185945977,213.320007,52.975920410288126
2025-05-02,205.350006,184.20654013544177,168.4368377491955,176.68064826350204,181.79444312429038,124.91085160677423,154.0725185945977,205.350006,45.82653513544176
2025-05-05,198.889999,178.41167525133392,168.4368377491955,176.68064826350204,181.79444312429038,120.98134124797869,154.0725185945977,198.889999,40.03167025133391
2025-05-06,198.509995,178.07079762760682,168.4368377491955,176.68064826350204,181.79444312429038,120.75019139715288,154.0725185945977,198.509995,39.69079262760681
2025-05-07,196.25,176.04349863802997,168.4368377491955,176.68064826350204,181.79444312429038,120.75019139715288,154.0725185945977,196.25,37.66349363802996
2025-05-08,197.490005,177.1558289235263,168.4368377491955,176.68064826350204,181.79444312429038,120.75019139715288,154.0725185945977,197.490005,38.775823923526275
2025-05-09,198.529999,178.08874195446927,168.4368377491955,176.68064826350204,181.79444312429038,120.75019139715288,154.0725185945977,198.529999,39.70873695446926
2025-05-12,210.789993,189.08640940436104,168.4368377491955,176.68064826350204,181.79444312429038,120.75019139715288,154.0725185945977,210.789993,50.706404404361024
2025-05-13,212.929993,191.00606844683432,168.4368377491955,178.47436048818003,181.79444312429038,120.75019139715289,154.0725185945977,212.929993,52.62606344683431
2025-05-14,212.330002,190.46785435872562,167.9622189071333,177.9714580622937,181.79444312429038,120.40994328524613,154.0725185945977,212.330002,52.087849358725606
2025-05-15,211.449997,189.67845737009398,167.26609687512118,177.23385258272464,181.79444312429038,119.910902400102,154.0725185945977,211.449997,51.29845237009397
2025-05-16,211.259995,189.50801855823042,167.1157970719083,177.0745960826717,181.79444312429038,119.8031544142847,154.0725185945977,211.259995,51.12801355823041
2025-05-19,208.779999,187.2833705457549,167.1157970719083,177.0745960826717,181.79444312429038,118.39677672439217,154.0725185945977,208.779999,48.903365545754895
2025-05-20,206.860001,185.56106142321724,167.1157970719083,177.0745960826717,181.79444312429038,117.30796756831359,154.0725185945977,206.860001,47.18105642321723
2025-05-21,202.089996,181.28219075457574,167.1157970719083,177.0745960826717,181.79444312429038,114.60295166801542,154.0725185945977,202.089996,42.902185754575726
2025-06-24,200.300003,179.6765009188683,167.1157970719083,177.0745960826717,181.79444312429038,114.60295166801542,154.0725185945977,200.300003,41.29649591886829
2025-06-25,201.559998,180.80676297270995,167.1157970719083,177.0745960826717,181.79444312429038,114.60295166801542,154.0725185945977,201.559998,42.426757972709936
2025-06-26,201.0,180.3044240827721,167.1157970719083,176.58262634343254,181.79444312429038,114.60295166801542,154.0725185945977,201.0,41.92441908277209
2025-06-27,201.080002,180.3761888317048,167.1157970719083,176.65290974279935,181.79444312429038,114.60295166801542,154.0725185945977,201.080002,41.9961838317048
2025-06-30,205.169998,184.04506631071396,167.1157970719083,180.2460551926209,181.79444312429038,114.60295166801544,154.0725185945977,205.169998,45.66506131071395
2025-07-01,207.820007,186.42222226374463,169.2742918352739,182.57414250134593,181.79444312429038,116.08318199558413,154.0725185945977,207.820007,48.04221726374462
2025-07-02,212.440002,190.56652842165647,173.03738660750875,186.63290295305504,181.79444312429038,118.66379840564751,154.0725185945977,212.440002,52.18652342165646
2025-07-03,213.550003,191.56224031735948,173.94150857306832,187.60806161884526,181.79444312429038,119.28381786363107,154.0725185945977,213.550003,53.18223531735947
2025-07-07,209.949997,188.3329019664912,171.00921887175608,184.44538244306358,181.79444312429038,117.27294240598953,154.0725185945977,209.949997,49.95289696649118
2025-07-08,210.009995,188.38672238856145,171.05808865627847,184.44538244306358,181.79444312429038,117.30645582394149,154.0725185945977,210.009995,50.00671738856144
2025-07-09,211.139999,189.40037771408993,171.97850353659857,184.44538244306358,181.79444312429038,117.93764846935285,154.0725185945977,211.139999,51.020372714089916
2025-07-10,212.410004,190.5396191076583,173.0129525297711,184.44538244306358,181.79444312429038,118.6470422552471,154.0725185945977,212.410004,52.159614107658285
2025-07-11,211.160004,189.4183229379893,171.9947980804062,184.44538244306358,181.79444312429038,117.94882277393181,154.0725185945977,211.160004,51.03831793798929
2025-07-21,212.479996,190.60240451686428,173.06996266274706,184.44538244306358,182.93086671788208,118.68613807759608,154.0725185945977,212.479996,52.22239951686427
2025-07-22,214.399994,192.32471363940195,174.6338462679244,184.44538244306358,184.58385478663467,119.7586020837452,154.0725185945977,214.399994,53.94470863940194
2025-07-23,214.149994,192.10045440546816,174.43021537805143,184.2303108623677,184.36862174098144,119.61895818748214,153.89286313411924,214.149994,53.720449405468145
2025-07-24,213.759995,191.75061089756838,174.11255200437316,183.89480005676847,184.03285905069455,119.40111426788737,153.6126013343947,213.759995,53.37060589756837
2025-07-25,213.880005,191.85826430022598,174.21030297674778,183.89480005676847,184.13617952192996,119.46814892384948,153.6126013343947,213.880005,53.47825930022597
2025-07-28,214.050003,192.01075878522707,174.34877035281428,183.89480005676847,184.2825362711098,119.56310565615719,153.6126013343947,214.050003,53.63075378522706
2025-07-29,211.270004,189.51699700092018,172.08439567195032,183.89480005676847,181.88914566437782,118.01026608828757,153.6126013343947,211.270004,51.13699200092017
2025-08-06,213.25,191.2931265455281,172.08439567195032,183.89480005676847,183.59378794222283,119.11624351238865,153.6126013343947,213.25,52.9131215455281
2025-08-07,220.029999,197.37503607277574,177.55558925024542,183.89480005676847,189.43090727940682,119.11624351238865,153.6126013343947,220.029999,58.99503107277573
2025-08-08,229.350006,205.7354265930862,185.0764697766386,191.68419619175953,197.45480124788529,124.16175652604443,160.1193073573528,229.350006,67.35542159308619
2025-08-11,227.179993,203.78884478106067,183.32535429853647,189.87056119394455,195.5865672194967,122.98699036639431,158.60432602128756,227.179993,65.40883978106066
2025-08-12,229.649994,206.00452690936353,185.31854834024392,191.9349176094305,197.71307057148297,124.3241591248773,160.32874214923817,229.649994,67.62452190936352
2025-08-13,233.330002,209.3056300091645,188.28817062745586,195.01056337793005,200.8813078909563,126.31638169019912,162.89791728163175,233.330002,70.92562500916449
2025-08-14,232.779999,208.81225700339934,187.84433975349214,194.55088655124598,200.4077926077226,126.0186300582476,162.5139360429111,232.779999,70.43225200339933
2025-08-15,231.589996,207.74478035876368,186.88405395230666,193.5563159711136,199.38328072761658,125.37440568987648,161.6831427090179,231.589996,69.36477535876367
2025-08-18,230.889999,207.11685719485982,186.31918379654027,193.5563159711136,198.780630782584,124.99545275850849,161.6831427090179,230.889999,68.73685219485981
2025-08-19,230.559998,206.8208341090303,186.05288591773072,193.5563159711136,198.49652230138955,124.8168022124285,161.6831427090179,230.559998,68.44082910903029
2025-08-20,226.009995,202.7393133603244,182.3812117486308,193.5563159711136,194.57927828770383,122.35359597785455,161.6831427090179,226.009995,64.35930836032438
2025-08-21,224.899994,201.7436014646214,181.48548442726965,193.5563159711136,193.62364270407122,121.75268178426317,161.6831427090179,224.899994,63.363596464621395
2025-08-22,227.759995,204.30912799786097,183.79339319025289,193.5563159711136,196.0859096072766,123.30098236650186,161.6831427090179,227.759995,65.92912299786096
2025-08-25,227.160004,203.77091390975227,183.30922395862984,193.5563159711136,195.56935804609842,122.97616904838135,161.6831427090179,227.160004,65.39090890975226
2025-08-26,229.309998,205.6995379393613,185.04418488800064,193.5563159711136,197.4203570731233,124.140097649109,161.6831427090179,229.309998,67.3195329393613
2025-08-27,230.490005,206.7580478027874,185.9964043087916,193.5563159711136,198.4362630751319,124.77891054642816,161.6831427090179,230.490005,68.37804280278738
2025-08-28,232.559998,208.61490798050067,187.66680756529883,193.5563159711136,200.21838666661557,125.89952951373971,161.6831427090179,232.559998,70.23490298050066
2025-08-29,232.139999,208.2381533645288,187.32788482627035,193.5563159711136,199.85679601085027,125.672157321828,161.6831427090179,232.139999,69.8581483645288
2025-09-02,229.720001,206.06732577412353,185.37504124663457,193.5563159711136,197.77334185079118,124.36205836996874,161.6831427090179,229.720001,67.68732077412352
2025-09-03,238.470001,213.9163989618064,192.43594845474507,193.5563159711136,205.30649844865493,129.09899031320526,161.6831427090179,238.470001,75.5363939618064
2025-09-04,239.779999,215.09151555354563,193.49306551998055,194.61958760170134,206.43431788601362,129.8081756128368,162.57132400098058,239.779999,76.71151055354562
2025-09-05,239.690002,215.01078492044027,193.42044146672245,194.546540729158,206.356836572375,129.75945450836875,162.51030585306526,239.690002,76.63077992044026
2025-09-08,237.880005,213.38715075787042,191.95984479655579,193.07744042400572,204.798551904642,128.77958792477307,161.28312422843027,237.880005,75.0071457578704
2025-09-09,234.350006,210.22061127176212,189.1112738955589,193.07744042400572,201.7594621609503,126.86857477932244,161.28312422843027,234.350006,71.84060627176211
2025-09-16,238.149994,213.6293408631126,192.17771534240842,193.07744042400572,205.0309941236935,128.92575015544992,161.28312422843027,238.149994,75.24933586311258
2025-09-17,238.990005,214.38286175653644,192.85557131095607,193.07744042400572,205.75418662734245,129.38050157700079,161.28312422843027,238.990005,76.00285675653643
2025-09-18,237.880005,213.38715075787042,191.95984479655579,193.07744042400572,204.798551904642,128.77958792477307,161.28312422843027,237.880005,75.0071457578704
2025-09-19,245.5,220.22256772298783,198.10888223898618,193.07744042400572,211.35885083149216,132.9047762359505,161.28312422843027,245.5,81.84256272298782
2025-09-22,256.079987,229.71320684158593,206.6465172641308,201.3982420927603,220.4675021314194,138.63239662215935,168.2337285366021,256.079987,91.33320184158592
