trade_date,close_price,portfolio_value_DQN_RawPrice,portfolio_value_TA_RSI,portfolio_value_TA_MACD,portfolio_value_TA_SMA_Crossover,portfolio_value_TA_Stochastic,portfolio_value_TA_All_Signals,portfolio_value_Buy_and_Hold,pnl_DQN_RawPrice
2022-10-18,143.75,143.75,143.75,143.75,143.75,143.75,143.75,143.75,0.0
2022-10-19,143.860001,143.860001,143.75,143.75,143.75,143.75,143.75,143.860001,0.11000100000001112
2022-10-20,143.389999,143.389999,143.75,143.28035738196607,143.75,143.28035738196607,143.75,143.389999,-0.3600010000000111
2022-10-21,147.270004,147.270004,143.75,147.1573955779411,143.75,147.1573955779411,143.75,147.270004,3.520004
2022-10-24,149.449997,149.449997,143.75,149.3357216697781,143.75,149.3357216697781,143.75,149.449997,5.699996999999996
2022-10-25,152.339996,152.339996,143.75,152.22351086317593,143.75,152.22351086317593,143.75,152.339996,8.589996000000014
2022-10-26,149.350006,149.350006,140.9286065788002,149.23580712681908,143.75,149.23580712681908,143.75,149.350006,5.600006000000008
2022-10-27,144.800003,144.800003,140.9286065788002,149.23580712681908,143.75,144.6892832375971,143.75,144.800003,1.0500030000000038
2022-10-28,155.740005,155.740005,140.9286065788002,149.23580712681908,143.75,155.62092008292143,143.75,155.740005,11.990004999999996
2022-10-31,153.339996,153.339996,138.75684650889025,146.93603013485978,143.75,153.22274622394866,143.75,153.339996,9.589996000000014
2022-11-01,150.649994,150.649994,136.32267274888434,144.35837117277896,143.75,150.53480110499927,143.75,150.649994,6.899993999999992
2022-11-14,148.279999,148.279999,136.32267274888434,144.35837117277896,143.75,148.16661829614475,143.75,148.279999,4.529999000000004
2022-11-15,150.039993,150.039993,136.32267274888434,144.35837117277896,143.75,149.92526653569257,143.75,150.039993,6.28999300000001
2022-11-16,148.789993,148.789993,136.32267274888434,143.15570540108718,143.75,148.67622233472667,143.75,148.789993,5.03999300000001
2022-11-17,150.720001,150.720001,136.32267274888434,145.01262904964022,143.75,150.6047545749009,143.75,150.720001,6.970000999999996
2022-11-18,151.289993,150.720001,136.83821701885475,145.56103694447074,143.75,151.1743107366585,143.75,151.289993,6.970000999999996
2022-11-21,148.009995,150.720001,133.8715364787518,142.40524388381675,143.75,147.89682075179465,143.75,148.009995,6.970000999999996
2022-11-22,150.179993,150.720001,133.8715364787518,142.40524388381675,143.75,150.06515948620074,143.75,150.179993,6.970000999999996
2022-11-23,151.070007,150.720001,133.8715364787518,142.40524388381675,143.75,150.95449294658354,143.75,151.070007,6.970000999999996
2022-11-25,148.110001,150.720001,131.24851051168264,142.40524388381675,140.93341932359877,147.99675028328411,143.75,148.110001,6.970000999999996
2022-11-28,144.220001,146.76145127390822,131.24851051168264,142.40524388381675,137.23190695125868,144.10972472987817,143.75,144.220001,3.0114512739082215
2023-01-06,129.619995,146.76145127390822,131.24851051168264,142.40524388381675,137.23190695125868,129.52088246718418,143.75,129.619995,3.0114512739082215
2023-01-09,130.149994,146.76145127390822,131.24851051168264,142.40524388381675,137.23190695125868,129.52088246718418,143.75,130.149994,3.0114512739082215
2023-01-10,130.729996,147.41548077207148,131.24851051168264,143.03986032692703,137.23190695125868,129.52088246718418,143.75,130.729996,3.6654807720714757
2023-01-11,133.490005,150.52775849041734,131.24851051168264,146.05975869716076,137.23190695125868,129.52088246718418,143.75,133.490005,6.777758490417341
2023-01-12,133.410004,150.43754670859147,131.24851051168264,145.9722246023382,137.23190695125868,129.52088246718418,143.75,133.410004,6.687546708591469
2023-01-13,134.759995,151.95984134939428,131.24851051168264,147.4493341410137,137.23190695125868,130.831519004177,143.75,134.759995,8.209841349394281
2023-01-17,135.940002,153.29045639216844,131.24851051168264,148.74045355988676,137.23190695125868,131.97712685497547,143.75,135.940002,9.540456392168437
2023-01-18,135.210007,152.46728981082617,131.24851051168264,147.94172039967648,137.23190695125868,131.26841241256653,143.75,135.210007,8.717289810826173
2023-01-19,135.270004,152.53494441857117,131.24851051168264,148.007366867684,137.23190695125868,131.32666040111607,143.75,135.270004,8.784944418571172
2023-01-20,137.869995,155.46678053113448,131.24851051168264,148.007366867684,137.23190695125868,133.85085737757922,143.75,137.869995,11.716780531134475
2023-01-23,141.110001,159.12031879173688,134.33290869091604,151.48560560045178,137.23190695125868,136.99641186177647,143.75,141.110001,15.370318791736878
2023-01-24,142.529999,160.72155564839048,135.684708423915,153.01001390218107,137.23190695125868,138.37501457931808,143.75,142.529999,16.971555648390478
2023-01-25,141.860001,159.9660436747932,135.04688842873907,152.29075196424736,137.23190695125868,137.72454812545868,143.75,141.860001,16.216043674793212
2023-01-26,143.960007,162.33408011314995,137.04603740648142,152.29075196424736,137.23190695125868,139.76333548885893,143.75,143.960007,18.584080113149952
2023-01-27,145.929993,164.5555016857801,138.92141085687481,154.37473803476095,137.23190695125868,141.6758931495873,143.75,145.929993,20.805501685780087
2023-01-30,143.0,161.25154436940562,136.13213667825707,151.27519083051567,137.23190695125868,138.83131427540727,143.75,143.0,17.50154436940562
2023-01-31,144.289993,162.70618327483027,137.3601751635018,151.27519083051567,137.23190695125868,140.0837018530022,143.75,144.289993,18.956183274830266
2023-02-02,150.820007,170.0696437101718,143.57657207510272,151.27519083051567,137.23190695125868,146.4233551806722,143.75,150.820007,26.31964371017179
2023-02-03,154.5,174.2193259096026,147.0798259915435,154.96629027019387,137.23190695125868,149.99607031853444,143.75,154.5,30.46932590960259
2023-02-06,151.729996,174.2193259096026,144.44285701862518,152.18792623191814,134.77149962968835,147.30681650127474,141.17273090614887,151.729996,30.46932590960259
2023-02-07,154.649994,174.2193259096026,147.22261622727018,152.18792623191814,137.36513648298194,150.14169174618075,141.17273090614887,154.649994,30.46932590960259
2023-02-08,151.919998,174.2193259096026,144.6237337894863,152.18792623191814,134.94026556356894,147.49127962977093,141.17273090614887,151.919998,30.46932590960259
2023-02-09,150.869995,174.2193259096026,143.6241593006151,152.18792623191814,134.00761887104764,146.47188594807076,141.17273090614887,150.869995,30.46932590960259
2023-02-10,151.009995,174.2193259096026,143.75743551834208,152.18792623191814,134.13197140809086,146.60780471729146,141.17273090614887,151.009995,30.46932590960259
2023-02-13,153.850006,174.2193259096026,146.46104926393477,152.18792623191814,136.65456121580965,149.36502471509996,141.17273090614887,153.850006,30.46932590960259
2023-02-14,153.199997,174.2193259096026,145.84225825673127,152.18792623191814,136.07720215687448,148.7339645489402,141.17273090614887,153.199997,30.46932590960259
2023-02-15,155.330002,174.2193259096026,147.8699654720136,152.18792623191814,137.96914162590824,150.80187639203945,141.17273090614887,155.330002,30.46932590960259
2023-02-16,153.710007,172.40232704754806,146.32777399818076,152.18792623191814,136.53020956699882,149.22910691672763,141.17273090614887,153.710007,28.652327047548056
2023-02-17,152.550003,172.40232704754806,145.22348152912258,152.18792623191814,135.49985642142545,148.10291894550573,141.17273090614887,152.550003,28.652327047548056
2023-02-21,148.479996,172.40232704754806,141.34894482139205,152.18792623191814,131.88474430547095,144.15155935865184,141.17273090614887,148.479996,28.652327047548056
2023-03-06,153.830002,172.40232704754806,141.34894482139205,152.18792623191814,136.63679301473098,149.34560386467504,141.17273090614887,153.830002,28.652327047548056
2023-03-07,151.600006,172.40232704754806,139.29988041615383,152.18792623191814,134.65603829904373,149.34560386467504,141.17273090614887,151.600006,28.652327047548056
2023-03-08,152.869995,172.40232704754806,140.466828363569,152.18792623191814,135.78408368595066,150.59670720636285,141.17273090614887,152.869995,28.652327047548056
2023-03-09,150.589996,172.40232704754806,138.37181797122807,152.18792623191814,133.75891468519364,148.35061344653906,141.17273090614887,150.589996,28.652327047548056
2023-03-10,148.5,172.40232704754806,138.37181797122807,152.18792623191814,131.90251250654958,146.29169720418244,141.17273090614887,148.5,28.652327047548056
2023-03-13,150.470001,174.68941631816082,138.37181797122807,152.18792623191814,133.65233123746148,146.29169720418244,141.17273090614887,150.470001,30.939416318160823
2023-03-14,152.589996,177.1506423877175,138.37181797122807,152.18792623191814,135.53537950009667,146.29169720418244,141.17273090614887,152.589996,33.40064238771751
2023-03-15,152.990005,177.61503620886202,138.73455454627097,152.18792623191814,135.8906804571689,146.29169720418244,141.17273090614887,152.990005,33.86503620886202
2023-03-16,155.850006,180.9353784833288,141.32806361071533,152.18792623191814,138.43102603071267,149.02647978227085,141.17273090614887,155.850006,37.185378483328805
2023-03-17,155.0,179.94855685097608,140.55726029077522,151.35789321655406,137.67602315498442,148.21368929720788,140.4027747708465,155.0,36.198556850976075
2023-03-20,157.399994,182.73485012033737,142.73362533177067,153.70149344605323,139.8077756034736,150.50860520063472,142.5767477839651,157.399994,38.98485012033737
2023-03-21,159.279999,184.9174577759672,144.43845341004783,155.53732309790217,141.4776569706445,152.30629860029407,144.27970209740423,159.279999,41.16745777596719
2023-03-22,157.830002,183.23407153346238,143.1235656310166,154.12139734893236,140.18972264453703,150.9197863110045,142.96625950250487,157.830002,39.484071533462384
2023-03-23,158.929993,184.5111153592628,144.1210606071747,154.12139734893236,141.166770298642,151.97161679038337,142.96625950250487,158.929993,40.76111535926279
2023-03-24,160.25,186.04358861528334,145.3180707199789,155.40146613588797,142.33924329410488,153.23383038630683,144.15367831342198,160.25,42.29358861528334
2023-03-27,158.279999,183.75649934467057,143.5316323759138,153.49106960740644,140.58942456319298,151.3500812499895,142.38155419216696,158.279999,40.00649934467057
2023-03-28,157.649994,183.02508972816153,142.96033059030418,153.49106960740644,140.02983370533647,150.74765953821085,142.38155419216696,157.649994,39.27508972816153
2023-03-29,160.770004,186.6472916433913,145.78962128501271,153.49106960740644,142.80112769890928,153.7310672333346,142.38155419216696,160.770004,42.8972916433913
2023-03-30,162.360001,188.49321206627766,147.23146400882274,155.00907877659554,144.21341456205997,155.25144995166684,143.78969152119808,162.360001,44.743212066277664
2023-03-31,164.899994,191.44203835506204,149.53478308777593,157.43407244870693,146.46951865935995,157.68023532791898,146.03916680874752,164.899994,47.69203835506204
2023-04-03,166.169998,192.91646020664245,150.6864494284103,158.64657644519676,147.597577369753,158.89463518767516,147.16391109469197,166.169998,49.166460206642455
2023-04-04,165.630005,192.28955078045132,150.19677241772516,158.13103187165487,147.11793808735607,158.37828451203217,146.68568107242433,165.630005,48.53955078045132
2023-04-05,163.759995,190.1185469043423,148.50100801568416,158.13103187165487,145.45693460309764,156.5901485047891,146.68568107242433,163.759995,46.36854690434231
2023-04-14,165.210007,191.80195056122358,149.8159093970309,158.13103187165487,146.7448822526912,157.97667513733893,146.68568107242433,165.210007,48.05195056122358
2023-04-17,165.229996,191.82515695930678,149.83403584268223,158.13103187165487,146.76263713028376,157.99578896595418,146.68568107242433,165.229996,48.07515695930678
2023-04-18,166.470001,193.26475121890675,150.9584984591136,158.13103187165487,147.8640497566857,159.18150326141858,146.68568107242433,166.470001,49.51475121890675
2023-04-19,167.630005,194.61146764304456,152.01041448599324,158.13103187165487,148.8944029022591,160.2907192126413,146.68568107242433,167.630005,50.86146764304456
2023-04-20,166.649994,193.47371560983112,151.12171989751047,157.2065544746902,148.0239253724001,159.35361569095195,145.82811633636487,166.649994,49.72371560983112
2023-04-21,165.020004,191.58136497640194,149.64361068008236,157.2065544746902,146.5761154305782,157.79499097212903,145.82811633636487,165.020004,47.83136497640194
2023-04-24,165.330002,191.58136497640194,149.92472338702186,157.2065544746902,146.85146570042338,158.09141643828875,145.82811633636487,165.330002,47.83136497640194
2023-04-25,163.770004,191.58136497640194,148.51008438741482,157.2065544746902,145.46582492126382,156.59971928424832,145.82811633636487,163.770004,47.83136497640194
2023-04-26,163.759995,191.58136497640194,148.51008438741482,157.2065544746902,145.45693460309764,156.59971928424832,145.82811633636487,163.759995,47.83136497640194
2023-04-27,168.410004,191.58136497640194,148.51008438741482,157.2065544746902,149.58722329183882,156.59971928424832,145.82811633636487,168.410004,47.83136497640194
2023-04-28,169.679993,191.58136497640194,149.63000701125782,157.2065544746902,150.7152686787458,157.78064628484435,145.82811633636487,169.679993,47.83136497640194
2023-05-01,169.589996,191.58136497640194,149.55064437396098,157.2065544746902,150.63533042677238,157.69696060939944,145.82811633636487,169.589996,47.83136497640194
2023-05-02,168.539993,191.58136497640194,148.6247134290449,156.23322257002943,149.70268373425105,156.7205923940788,144.92523312833924,168.539993,47.83136497640194
2023-05-03,167.449997,190.34235388009307,147.66351519795913,156.23322257002943,148.73451396305853,155.7070358145008,144.92523312833924,167.449997,46.59235388009307
2023-05-05,173.570007,197.29904023446613,153.06036324715117,156.23322257002943,154.17050517898588,161.397860737329,144.92523312833924,173.570007,53.54904023446613
2023-05-08,173.5,197.21946246553918,152.99862852100208,156.1702081160837,154.10832269283742,161.33276319984583,144.8667795915158,173.5,53.46946246553918
2023-05-09,171.770004,195.2529559457263,151.47305494551608,154.61301021775523,152.57168418087593,159.72408864650473,143.4222899706155,171.770004,51.50295594572631
2023-05-10,173.559998,197.2876628880695,153.05153694586664,154.61301021775523,154.1616148608197,161.38855365014246,143.4222899706155,173.559998,53.53766288806949
2023-05-11,173.75,197.50364036534543,153.21908763990842,154.78227030940027,154.3303807947003,161.56523115834705,143.57929920231066,173.75,53.75364036534543
2023-05-12,172.570007,196.16232863524112,152.1785267715258,153.73109335694443,153.28227277153437,160.46798890332414,142.604205285743,172.570007,52.412328635241124
2023-05-15,172.070007,195.59397283562862,151.73760853371311,153.73109335694443,152.8381565678086,160.0030529863217,142.604205285743,172.070007,51.84397283562862
2023-05-16,172.070007,195.59397283562862,151.73760853371311,153.73109335694443,152.8381565678086,160.0030529863217,142.604205285743,172.070007,51.84397283562862
2023-05-17,172.690002,196.2987283435901,152.28434273941846,153.73109335694443,153.3888562192665,160.57956887404552,142.604205285743,172.690002,52.54872834359011
2023-05-18,175.050003,198.98136885447275,154.36547770373082,153.73109335694443,155.4850855890845,162.7740673321689,142.604205285743,175.050003,55.23136885447275
2023-05-19,175.160004,199.10640826709906,154.46248059788607,153.73109335694443,155.58279204213653,162.87635416378123,142.604205285743,175.160004,55.356408267099056
2023-05-22,174.199997,198.01515717486188,153.6159114084304,152.88853271313263,154.73008271335624,161.98367069403372,141.82262825801155,174.199997,54.26515717486188
2023-05-23,171.559998,195.01423968961947,151.2878639946159,152.88853271313263,152.38515004591667,159.5288099821327,141.82262825801155,171.559998,51.26423968961947
2023-05-24,171.839996,195.33251666397928,151.2878639946159,152.88853271313263,152.63385334353828,159.7891722359104,141.82262825801155,171.839996,51.58251666397928
2023-05-25,172.990005,196.63974523349242,152.30033145990018,152.88853271313263,153.65532860619916,159.7891722359104,141.82262825801155,172.990005,52.88974523349242
2023-05-26,175.429993,199.41330789506225,154.44849592268622,152.88853271313263,155.82260502159198,159.7891722359104,141.82262825801155,175.429993,55.663307895062246
2023-05-30,177.300003,201.53896995272902,156.09485198142687,152.88853271313263,157.48360850585038,159.7891722359104,141.82262825801155,177.300003,57.78896995272902
2023-05-31,177.25,201.48213096263297,156.0508293601547,152.88853271313263,157.4391942207806,159.74410772466325,141.82262825801155,177.25,57.732130962632965
2023-06-01,180.089996,204.7103873575856,158.55116070672463,155.33819602117873,159.96177070501327,162.3036147879164,144.09498762028088,180.089996,60.9603873575856
2023-06-02,180.949997,205.6879604696307,159.30830524438647,156.07999738096333,160.72565146365395,163.07867877881802,144.78309821054614,180.949997,61.937960469630696
2023-06-05,179.580002,204.13067126225044,158.1021621923737,154.8982962505017,159.50877750660743,161.84398975843862,143.686927312942,179.580002,60.380671262250445
2023-06-06,179.210007,203.71009365409517,157.77641874182865,154.8982962505017,159.1801359570124,161.51053688883303,143.686927312942,179.210007,59.960093654095175
2023-06-14,183.949997,209.09809526730572,161.94950404878966,154.8982962505017,163.39034868600848,165.78238723113952,143.686927312942,183.949997,65.34809526730572
2023-06-15,186.009995,211.43971888828605,163.76312546701396,156.63295341648924,165.2201056688938,167.63893189926137,145.29603189417668,186.009995,67.68971888828605
2023-06-16,184.919998,210.20070665526558,162.80349254261296,155.71510247345194,164.25193500946887,166.6565871986263,144.44461399657092,184.919998,66.45070665526558
2023-06-20,185.009995,210.30300728906104,162.88272586554626,155.71510247345194,164.33187326144227,166.7376957484875,144.44461399657092,185.009995,66.55300728906104
2023-06-21,183.960007,209.10947375041397,161.95831684880034,155.71510247345194,163.39923989240708,165.79140860500877,144.44461399657092,183.960007,65.35947375041397
2023-06-22,187.0,212.5650690550768,164.63472547446503,155.71510247345194,166.09946019343283,168.5311601947082,144.44461399657092,187.0,68.8150690550768
2023-06-23,186.679993,212.2013133863436,164.35299143919815,155.44863229806572,165.81521960542148,168.24275831780753,144.19743064046824,186.679993,68.4513133863436
2023-06-26,185.270004,210.59856253526394,163.11163768552427,155.44863229806572,164.56282168147135,166.97202525881406,144.19743064046824,185.270004,66.84856253526394
2023-06-27,188.059998,213.76998107683212,165.56794729122163,155.44863229806572,167.04098476886662,169.4864687120562,144.19743064046824,188.059998,70.01998107683212
2023-06-28,189.25,215.12267015333308,166.61562457776742,156.43227680141172,168.09798311019873,170.55894153394934,145.10988003258734,189.25,71.37267015333308
2023-06-29,189.589996,215.5091475502232,166.91495692066806,156.71331430938199,168.39997857580263,170.86535822026786,145.37057635370522,189.589996,71.75914755022319
2023-06-30,193.970001,220.4879500383867,170.7711115770947,160.33378540344575,172.2904409616023,174.812777066838,148.72900171746812,193.970001,76.73795003838671
2023-07-03,192.460007,220.4879500383867,169.44171346127604,159.0856385110998,170.94921535574494,173.45191588658642,147.5711943294104,192.460007,76.73795003838671
2023-07-05,191.330002,219.19338245592203,168.4468575096195,158.15158696580534,169.9455082941627,172.43351453003123,146.70474841138545,191.330002,75.44338245592203
2023-07-17,193.990005,222.24076158526998,170.78872309072244,158.15158696580534,172.30820916268092,174.8308053947981,146.70474841138545,193.990005,78.49076158526998
2023-07-18,193.729996,221.94288748511195,170.55981127074443,158.15158696580534,172.07726074265187,174.59647588447154,146.70474841138545,193.729996,78.19288748511195
2023-07-19,195.100006,223.51241198602344,171.76596752875125,158.15158696580534,173.29414802318453,175.83117842339323,146.70474841138545,195.100006,79.76241198602344
2023-07-20,193.130005,221.25551982003918,170.03157943346022,158.15158696580534,171.54432929227264,174.0557423051326,146.70474841138545,193.130005,77.50551982003918
2023-07-21,191.940002,219.89221673126016,168.9839012665148,158.15158696580534,170.4873300627081,172.98326858200326,146.70474841138545,191.940002,76.14221673126016
2023-07-24,192.75,220.8201747072525,169.69702318290447,158.15158696580534,171.20679653627903,172.98326858200326,146.70474841138545,192.75,77.0701747072525
2023-07-25,193.619995,221.81686704392922,170.46296643418336,158.15158696580534,171.9795542895998,172.98326858200326,146.70474841138545,193.619995,78.06686704392922
2023-07-26,194.5,222.82502713650123,171.237722485473,158.15158696580534,172.76120324931918,172.98326858200326,146.70474841138545,194.5,79.07502713650123
2023-07-27,193.220001,221.3586219338807,170.1108118759939,158.15158696580534,171.62426665601365,171.8448705830228,146.70474841138545,193.220001,77.6086219338807
2023-07-28,195.830002,224.3487172739902,172.40865571622427,158.15158696580534,173.9425541276945,174.16613795568244,146.70474841138545,195.830002,80.59871727399019
2023-07-31,196.449997,225.0590021207742,172.95449906713625,158.15158696580534,174.49325377915238,174.71754547035854,146.70474841138545,196.449997,81.30900212077421
2023-08-01,195.610001,224.0966775372547,172.21496692350178,158.15158696580534,173.74714210982276,173.9704747573724,146.70474841138545,195.610001,80.34667753725469
2023-08-23,181.119995,207.49649254929545,159.45797141583677,158.15158696580534,160.87664919645587,161.08343825530122,146.70474841138545,181.119995,63.74649254929545
2023-08-24,176.380005,202.06621799722996,159.45797141583677,158.15158696580534,160.87664919645587,161.08343825530122,146.70474841138545,176.380005,58.316217997229955
2023-08-25,178.610001,204.62096822455277,159.45797141583677,158.15158696580534,160.87664919645587,161.08343825530122,146.70474841138545,178.610001,60.87096822455277
2023-08-28,180.190002,206.43106470630443,159.45797141583677,159.55061089592422,160.87664919645587,161.08343825530122,146.70474841138545,180.190002,62.681064706304426
2023-08-29,184.119995,210.93338242800755,159.45797141583677,163.03045315690994,160.87664919645587,164.59671189830425,146.70474841138545,184.119995,67.18338242800755
2023-08-30,187.649994,214.97745503966217,159.45797141583677,166.15611768136012,160.87664919645587,167.75240516455872,146.70474841138545,187.649994,71.22745503966217
2023-08-31,187.869995,215.22949477639767,159.64492006646904,166.35091924392245,160.87664919645587,167.94907821581714,146.70474841138545,187.869995,71.47949477639767
2023-09-01,189.460007,217.05106015967462,160.99605300626993,167.75880749030725,160.87664919645587,169.37049226201484,146.70474841138545,189.460007,73.30106015967462
2023-09-05,189.699997,217.325999893672,161.19998756413668,167.9713084652998,160.87664919645587,169.58503476669216,146.70474841138545,189.699997,73.57599989367199
2023-09-06,182.910004,209.54718048759665,155.4301045674565,161.95905740195252,160.87664919645587,163.51502307886594,146.70474841138545,182.910004,65.79718048759665
2023-10-06,177.490005,203.33786725235342,155.4301045674565,161.95905740195252,160.87664919645587,158.669737188585,146.70474841138545,177.490005,59.58786725235342
2023-10-09,178.990005,205.05631219170948,155.4301045674565,161.95905740195252,160.87664919645587,160.01068371559015,146.70474841138545,178.990005,61.30631219170948
2023-10-10,178.389999,204.36892734218728,154.90907550038037,161.41614213584302,160.87664919645587,159.47429974100197,146.70474841138545,178.389999,60.61892734218728
2023-10-11,179.800003,205.98427016770182,154.90907550038037,162.6919838722181,160.87664919645587,160.73479305224424,146.70474841138545,179.800003,62.23427016770182
2023-10-12,180.710007,207.02679801343098,155.69310150699644,163.5154007444172,160.87664919645587,161.5483041878181,146.70474841138545,180.710007,63.27679801343098
2023-10-13,178.850006,204.89592514299954,154.09059299458121,161.832379344833,160.87664919645587,159.88552960036736,146.70474841138545,178.850006,61.145925142999545
2023-10-16,178.720001,204.74698752010553,154.09059299458121,161.832379344833,160.87664919645587,159.76930976487182,146.70474841138545,178.720001,60.996987520105534
2023-10-17,177.149994,202.94834046416983,154.09059299458121,161.832379344833,160.87664919645587,158.36577947552263,146.70474841138545,177.149994,59.19834046416983
2023-10-18,175.839996,201.44756750839215,154.09059299458121,161.832379344833,160.87664919645587,157.19468796320018,146.70474841138545,175.839996,57.697567508392154
2023-10-19,175.460007,201.01224072568482,154.09059299458121,161.832379344833,160.87664919645587,156.85499134330004,146.70474841138545,175.460007,57.26224072568482
2023-11-02,177.570007,203.429519940379,154.09059299458121,161.832379344833,160.87664919645587,156.85499134330004,146.70474841138545,177.570007,59.67951994037901
2023-11-03,176.649994,202.37552548438447,153.29222985247284,161.832379344833,160.87664919645587,156.85499134330004,146.70474841138545,176.649994,58.62552548438447
2023-11-06,179.229996,205.33125307133682,153.29222985247284,164.19596766385908,160.87664919645587,159.14588409801874,146.70474841138545,179.229996,61.58125307133682
2023-11-07,181.820007,208.29844726855447,155.5074202245824,166.5687254158876,160.87664919645587,161.44566426661615,146.70474841138545,181.820007,64.54844726855447
2023-11-08,182.889999,209.52426216025543,156.4225653635931,167.54896519579913,160.87664919645587,162.3957553597265,146.70474841138545,182.889999,65.77426216025543
2023-11-09,182.410004,208.97436550781129,156.0120341717716,167.10923275559523,160.87664919645587,161.96954752430577,146.70474841138545,182.410004,65.22436550781129
2023-11-10,186.399994,213.5454175901988,159.42460169863284,170.7645375797895,160.87664919645587,165.51242818191764,146.70474841138545,186.399994,69.79541759019881
2023-11-13,184.800003,211.71241996555534,158.05615783539756,169.29875575553245,160.87664919645587,164.09172858962467,146.70474841138545,184.800003,67.96241996555534
2023-11-14,187.440002,214.736881913192,160.3141020553946,169.29875575553245,160.87664919645587,166.4358952149081,146.70474841138545,187.440002,70.98688191319201
2023-11-15,188.009995,215.3898829707376,160.80160693694526,169.81358239157444,161.36586474770962,166.94201607603162,147.15086812312794,188.009995,71.6398829707376
2023-11-16,189.710007,217.3374676495673,162.25559698365575,169.81358239157444,162.82495689045174,168.45152853909744,147.15086812312794,189.710007,73.58746764956729
2023-11-17,189.690002,217.31454932222607,162.23848706273492,169.81358239157444,162.80778693028935,168.43376525458908,147.15086812312794,189.690002,73.56454932222607
2023-11-20,191.449997,219.33085232292072,163.74377950317668,169.81358239157444,164.3183614884486,169.99653915702834,147.15086812312794,191.449997,75.58085232292072
2023-11-21,190.639999,218.40289434692838,163.0510026110986,169.81358239157444,163.6231536208354,169.27730771862767,147.15086812312794,190.639999,74.65289434692838
2023-11-22,191.309998,219.17046527421078,163.62404084689106,169.81358239157444,164.19820266551574,169.87222813139044,147.15086812312794,191.309998,75.42046527421078
2023-11-24,189.970001,219.17046527421078,162.47796523058838,169.81358239157444,163.04810543443855,168.68238819380716,147.15086812312794,189.970001,75.42046527421078
2023-11-27,189.789993,219.17046527421078,162.32400758774338,169.81358239157444,162.89360754946438,168.52255148709474,147.15086812312794,189.789993,75.42046527421078
2023-11-28,190.399994,219.8748975831773,162.8457306005712,169.81358239157444,163.417161304476,169.0641971413505,147.15086812312794,190.399994,76.1248975831773
2023-12-05,193.419998,219.8748975831773,165.42868634266353,169.81358239157444,166.0091807181329,171.74578625749126,147.15086812312794,193.419998,76.1248975831773
2023-12-06,192.320007,219.8748975831773,164.4878835921705,169.81358239157444,165.0650766616986,170.7690577851274,147.15086812312794,192.320007,76.1248975831773
2023-12-07,194.270004,219.8748975831773,166.15568136601877,169.81358239157444,166.73872678950397,172.50054248902418,147.15086812312794,194.270004,76.1248975831773
2023-12-08,195.710007,221.50469377211684,167.38729033656324,169.81358239157444,167.97465751400773,173.77918197824673,147.15086812312794,195.710007,77.75469377211684
2023-12-11,193.179993,221.50469377211684,165.2234143321361,167.6183408327673,165.8031884017735,171.53267568021408,145.24859566312202,193.179993,77.75469377211684
2023-12-12,194.710007,221.50469377211684,166.53200811107865,167.6183408327673,167.1163740767484,172.89123973838852,145.24859566312202,194.710007,77.75469377211684
2023-12-13,197.960007,221.50469377211684,169.31167534390354,167.6183408327673,169.9057952478412,175.7770520179277,145.24859566312202,197.960007,77.75469377211684
2023-12-14,198.110001,221.5046937721168,169.43996254603292,167.74534499788066,170.0345326137295,175.910238026253,145.3586503059161,198.110001,77.75469377211681
2023-12-15,197.570007,220.90093220023746,168.97811527596457,167.28811679451104,169.5710647073101,175.430754544383,144.96244214571678,197.570007,77.15093220023746
2023-12-18,195.889999,219.02253304978413,167.54123429489266,167.28811679451104,168.1291416664469,173.9390044778833,144.96244214571678,195.889999,75.27253304978413
2023-12-19,196.940002,220.19653028263863,168.43928319749816,167.28811679451104,169.03034185041952,174.87134649356113,144.96244214571678,196.940002,76.44653028263863
2023-12-20,194.830002,217.8373616313843,166.6346377017257,167.28811679451104,167.21936379780234,172.99778836746032,144.96244214571678,194.830002,74.08736163138431
2024-01-11,185.589996,207.50620879128857,158.7318248065548,167.28811679451104,159.2888196878255,164.79319674351697,144.96244214571678,185.589996,63.75620879128857
2024-01-12,185.919998,207.8751805321659,158.7318248065548,167.28811679451104,159.57205493868793,164.79319674351697,144.96244214571678,185.919998,64.1251805321659
2024-01-16,183.630005,205.3147636140655,158.7318248065548,167.28811679451104,157.60659187534816,164.79319674351697,144.96244214571678,183.630005,61.5647636140655
2024-01-18,188.630005,210.90521065495255,158.7318248065548,167.28811679451104,161.89800906164479,164.79319674351697,144.96244214571678,188.630005,67.15521065495255
2024-01-19,191.559998,214.18120479428651,158.7318248065548,167.28811679451104,161.89800906164479,164.79319674351697,144.96244214571678,191.559998,70.43120479428651
2024-01-22,193.889999,216.78635423342928,160.6625270115689,169.32289171353838,161.89800906164479,164.79319674351697,144.96244214571678,193.889999,73.03635423342928
2024-01-23,195.179993,218.2286828614417,161.73145112801993,170.44943519437626,161.89800906164479,165.8896031395991,144.96244214571678,195.179993,74.47868286144171
2024-01-24,194.5,217.46838989050693,161.16799043229742,169.85560167176655,161.89800906164479,165.31165574256386,144.96244214571678,194.5,73.71838989050693
2024-01-25,194.169998,217.09941814962957,160.8945417989882,169.5674130431656,161.89800906164479,165.03117668334352,144.96244214571678,194.169998,73.34941814962957
2024-01-26,192.419998,215.1427616853191,159.44444419869762,168.0391492749106,161.89800906164479,163.54379674735642,144.96244214571678,192.419998,71.3927616853191
2024-01-29,191.729996,214.37127775749786,158.87268977332863,168.0391492749106,161.89800906164479,162.95734238701874,144.96244214571678,191.729996,70.62127775749786
2024-01-30,188.039993,210.245524487055,158.87268977332863,168.0391492749106,161.89800906164479,159.8210930007718,144.96244214571678,188.039993,66.49552448705501
2024-03-14,173.0,193.42946761469256,158.87268977332863,168.0391492749106,161.89800906164479,147.03813081472262,144.96244214571678,173.0,49.679467614692555
2024-03-15,172.619995,193.00458804913808,158.87268977332863,168.0391492749106,161.89800906164479,147.03813081472262,144.96244214571678,172.619995,49.25458804913808
2024-03-18,173.720001,194.23449310666967,158.87268977332863,168.0391492749106,161.89800906164479,147.03813081472262,144.96244214571678,173.720001,50.484493106669674
2024-03-19,176.080002,196.8731852280578,158.87268977332863,170.32197542069184,161.89800906164479,147.03813081472262,144.96244214571678,176.080002,53.12318522805779
2024-03-20,178.669998,199.76903232287964,158.87268977332863,172.8272754550006,161.89800906164479,147.03813081472262,144.96244214571678,178.669998,56.01903232287964
2024-03-21,171.369995,191.60697628891631,158.87268977332863,165.7659912806798,161.89800906164479,147.03813081472262,144.96244214571678,171.369995,47.856976288916314
2024-04-11,175.039993,195.71036218074863,158.87268977332863,165.7659912806798,161.89800906164479,147.03813081472262,144.96244214571678,175.039993,51.96036218074863
2024-04-12,176.550003,197.3986883679906,158.87268977332863,165.7659912806798,161.89800906164479,147.03813081472262,144.96244214571678,176.550003,53.64868836799059
2024-04-15,172.690002,193.08286213433635,155.3991767120021,162.1417665214799,161.89800906164479,143.8233626338183,144.96244214571678,172.690002,49.33286213433635
2024-04-16,169.380005,189.38198954753736,155.3991767120021,162.1417665214799,161.89800906164479,141.06666048931402,144.96244214571678,169.380005,45.63198954753736
2024-04-29,173.5,193.98851231878126,155.3991767120021,162.1417665214799,161.89800906164479,141.06666048931402,144.96244214571678,173.5,50.23851231878126
2024-04-30,170.330002,190.44417113103768,152.5598967155831,162.1417665214799,161.89800906164479,141.06666048931402,144.96244214571678,170.330002,46.69417113103768
2024-05-01,169.300003,189.29254015870433,152.5598967155831,162.1417665214799,161.89800906164479,141.06666048931402,144.96244214571678,169.300003,45.54254015870433
2024-05-02,173.029999,193.46300917884847,152.5598967155831,162.1417665214799,161.89800906164479,141.06666048931402,144.96244214571678,173.029999,49.713009178848466
2024-05-03,183.380005,205.03524126202115,152.5598967155831,171.84047926520427,161.89800906164479,141.06666048931402,144.96244214571678,183.380005,61.285241262021145
2024-05-06,181.710007,203.16803418654365,151.17057009627567,170.27556897581945,161.89800906164479,139.78200003309996,144.96244214571678,181.710007,59.41803418654365
2024-05-07,182.399994,203.93950134302378,151.7445931226961,170.92213726862087,161.89800906164479,140.31277852157822,144.96244214571678,182.399994,60.18950134302378
2024-05-08,182.740005,204.3196640407876,152.02745952921717,171.24075244804263,161.89800906164479,140.57433493444688,144.96244214571678,182.740005,60.569664040787586
2024-05-09,184.570007,206.3657698939311,153.5498987728485,172.95559819001045,163.51929434276772,141.9820798564124,146.41413062001416,184.570007,62.61576989393109
2024-05-10,183.050003,204.6662695211438,152.28535712749695,171.531243250959,162.172650944319,140.8128035865683,145.20835473141628,183.050003,60.91626952114379
2024-05-13,186.279999,208.2776938371992,154.9724977247052,171.531243250959,165.0342570916816,143.2975060442536,145.20835473141628,186.279999,64.5276938371992
2024-05-14,187.429993,209.56348994806675,155.92921580235787,171.531243250959,166.05309113972072,144.18214891010336,145.20835473141628,187.429993,65.81348994806675
2024-05-15,189.720001,212.1239236375083,157.83434926528835,171.531243250959,168.08191748201637,145.9437574401817,145.20835473141628,189.720001,68.37392363750831
2024-05-16,189.839996,212.1239236375083,157.93417707806645,171.63973413977098,168.1882267250163,146.03606463542593,145.30019679569077,189.839996,68.37392363750831
2024-05-17,189.869995,212.1239236375083,157.95913423924424,171.63973413977098,168.2148042572531,146.05914162655162,145.30019679569077,189.869995,68.37392363750831
2024-05-20,191.039993,212.1239236375083,158.9324943067033,171.63973413977098,169.25136079453736,146.95917274302573,145.30019679569077,191.039993,68.37392363750831
2024-05-21,192.350006,212.1239236375083,160.02233748767642,171.63973413977098,170.41196323922304,147.96691161350722,145.30019679569077,192.350006,68.37392363750831
2024-05-22,190.899994,212.1239236375083,158.81602450411884,171.63973413977098,169.1273290622923,146.85147729715723,145.30019679569077,190.899994,68.37392363750831
2024-05-23,186.880005,212.1239236375083,155.4716625785219,171.63973413977098,165.5658307710467,143.7590658674936,145.30019679569077,186.880005,68.37392363750831
2024-05-24,189.979996,212.1239236375083,158.050647712584,171.63973413977098,168.31225934320864,146.1437608505531,145.30019679569077,189.979996,68.37392363750831
2024-05-28,189.990005,212.1239236375083,158.0589745310189,171.63973413977098,168.3211267894621,146.151460360676,145.30019679569077,189.990005,68.37392363750831
2024-05-29,190.289993,212.1239236375083,158.30854447893068,171.63973413977098,168.58690033993557,146.38222873341584,145.30019679569077,190.289993,68.37392363750831
2024-05-30,191.289993,212.1239236375083,159.14047758262748,171.63973413977098,169.47284761273795,147.1514874128957,145.30019679569077,191.289993,68.37392363750831
2024-05-31,192.25,212.1239236375083,159.93913918570811,171.63973413977098,170.32336319625915,147.88998113000716,145.30019679569077,192.25,68.37392363750831
2024-06-03,194.029999,212.1239236375083,161.41997927835533,171.63973413977098,171.90034845590012,149.25926081022266,145.30019679569077,194.029999,68.37392363750831
2024-06-04,194.350006,212.1239236375083,161.68620369507002,171.63973413977098,172.1838577848278,149.50542897246697,145.30019679569077,194.350006,68.37392363750831
2024-06-05,195.869995,212.1239236375083,162.950732861425,171.63973413977098,173.53048789406742,150.6746937034309,145.30019679569077,195.869995,68.37392363750831
2024-06-06,194.479996,212.12392363750834,161.79434667921956,170.42168612371552,172.29902207081938,149.60542490821257,144.26906832577984,194.479996,68.37392363750834
2024-06-07,196.889999,214.75257081383882,163.79930795492814,170.42168612371552,174.43415765611493,151.4593406335351,144.26906832577984,196.889999,71.00257081383882
2024-06-11,207.149994,225.9433896161038,172.3349374391917,179.30240965666087,183.5239722453311,159.3519308387053,151.7869713538415,207.149994,82.19338961610379
2024-06-12,213.070007,232.40048757668305,177.25999222820704,184.426583573358,188.76879161763577,163.90595222158905,156.1247983858103,213.070007,88.65048757668305
2024-06-13,214.240005,233.67663202090668,178.2333522956661,185.43929642283783,189.80534815492,164.80598333806313,156.98210206939163,214.240005,89.92663202090668
2024-06-14,212.490005,231.7678657004588,176.7774693641967,183.92455239200208,188.25494042751583,163.45978064897335,155.6998080430195,212.490005,88.0178657004588
2024-06-17,216.669998,236.32708276223474,180.25494391411755,187.5426206466793,191.9581938261989,166.67527654438848,158.76265378826366,216.669998,92.57708276223474
2024-06-18,214.289993,233.73115511280758,178.2749389676537,185.48256443690263,189.84963488719288,164.84443704093297,157.01873024870036,214.289993,89.98115511280758
2024-06-20,209.679993,228.70291926294198,174.43972735961148,185.48256443690263,185.76541795957385,161.29815452853072,157.01873024870036,209.679993,84.95291926294198
2024-06-21,207.490005,226.31424764203626,172.61780384571273,185.48256443690263,183.82520406350392,159.61348725157393,157.01873024870036,207.490005,82.56424764203626
2024-06-24,208.139999,227.02321144528952,173.15855537151702,185.48256443690263,184.40106447514182,160.11350077768378,157.01873024870036,208.139999,83.27321144528952
2024-06-25,209.070007,228.037593129945,173.93225981341988,185.48256443690263,185.22500252642624,160.11350077768378,157.01873024870036,209.070007,84.28759312994501
2024-06-26,213.25,232.59681019172095,177.40973436334073,185.48256443690263,188.9282559251093,160.11350077768378,157.01873024870036,213.25,88.84681019172095
2024-06-27,214.100006,233.52393180599447,178.11688249308165,185.48256443690263,189.68131642267497,160.75170680976836,157.01873024870036,214.100006,89.77393180599447
2024-06-28,210.619995,229.72820163937263,175.22174614095266,185.48256443690263,186.59821016790264,158.13882641607623,157.01873024870036,210.619995,85.97820163937263
2024-07-01,216.75,236.41434283261674,180.3215002262795,185.48256443690263,192.02907137991767,162.7413894188181,157.01873024870036,216.75,92.66434283261674
2024-07-02,220.270004,240.25369430864063,183.24990807902464,185.48256443690263,195.14760932397115,165.3842975697745,157.01873024870036,220.270004,96.50369430864063
2024-07-03,221.550003,241.64981944087322,184.31478161982344,186.56041204522552,196.28162094721094,166.3453532362783,157.93117322345785,221.550003,97.89981944087322
2024-07-05,226.339996,246.87437790577673,188.29973536299934,190.59391714869304,200.52530218230348,169.94180129222485,161.34570359573752,226.339996,103.12437790577673
2024-07-08,227.820007,248.48866084902951,189.53100550773473,191.8401886822189,201.83651389147101,171.05303103384023,162.40072445084274,227.820007,104.73866084902951
2024-07-09,228.679993,249.42666788494762,190.2464563298505,192.56435632085856,202.59841614281925,171.69873030267865,163.0137625735989,228.679993,105.67666788494762
2024-07-10,232.979996,254.11678268736182,193.823771171546,196.18525598510143,206.40799207371134,174.92728145711965,166.07900522518395,232.979996,110.36678268736182
2024-07-11,227.570007,248.21597994610838,189.3230222318105,191.6296714067517,201.61502707327043,170.8653247023306,162.22251279310757,227.570007,104.46597994610838
2024-07-12,230.539993,251.4554138026808,191.79385190272654,191.6296714067517,204.24627807023168,173.09526540911003,162.22251279310757,230.539993,107.7054138026808
2024-07-15,234.399994,255.6656080345066,195.00511451492926,191.6296714067517,207.66603542919617,175.9934519184435,162.22251279310757,234.399994,111.91560803450659
2024-07-16,234.820007,256.12372613082107,195.35453723361226,191.97304578916132,208.03814480108772,176.30880831610884,162.51319353547044,234.820007,112.37372613082107
2024-07-17,228.880005,249.64482569596785,190.41285293378712,191.97304578916132,202.775616228747,171.84890437779026,162.51319353547044,228.880005,105.89482569596785
2024-08-12,217.529999,237.26510615900705,180.9704072152299,191.97304578916132,192.72010936675625,163.32703242230272,162.51319353547044,217.529999,93.51510615900705
2024-08-13,221.270004,241.34441792032516,180.9704072152299,191.97304578916132,196.03355659677354,166.13512289581286,162.51319353547044,221.270004,97.59441792032516
2024-08-14,221.720001,241.83524027341232,181.33844689012244,191.97304578916132,196.4322302116928,166.47299204005415,162.51319353547044,221.720001,98.08524027341232
2024-08-15,224.720001,245.10741110846587,183.79206108016734,191.97304578916132,199.09007203009998,168.7254680181693,162.51319353547044,224.720001,101.35741110846587
2024-08-16,226.050003,246.55807569345347,184.8798316734967,193.10923541941003,200.26838367482168,169.72406720345097,163.47502546616965,226.050003,102.80807569345347
2024-08-19,225.889999,246.3835555526895,184.74896897854205,192.9725477410469,200.12662856738422,169.60393214798353,163.35931364299975,225.889999,102.6335555526895
2024-08-20,226.509995,247.05979982903946,185.2560459729991,193.50219583630965,200.6759123327326,170.06944084682604,163.8076828557572,226.509995,103.30979982903946
2024-08-21,226.399994,246.93981914103054,185.1660793014927,193.4082245524191,200.6759123327326,169.98684931013648,163.8076828557572,226.399994,103.18981914103054
2024-08-22,224.529999,244.90017144079857,183.63666387905505,193.4082245524191,200.6759123327326,168.58280970457136,163.8076828557572,224.529999,101.15017144079857
2024-08-23,226.839996,247.41973971161897,185.52594435177542,193.4082245524191,200.6759123327326,170.31721395524403,163.8076828557572,226.839996,103.66973971161897
2024-08-26,227.179993,247.79058246742085,185.80401817303297,193.4082245524191,200.6759123327326,170.5724923136211,163.8076828557572,227.179993,104.04058246742085
2024-08-27,228.029999,248.71770408169436,186.49921376744075,193.4082245524191,200.6759123327326,171.21069834570568,163.8076828557572,228.029999,104.96770408169436
2024-08-28,226.490005,247.03799626404188,185.23969672377942,193.4082245524191,200.6759123327326,170.05443184855852,163.8076828557572,226.490005,103.28799626404188
2024-08-29,229.789993,250.63737109391744,187.93866251837204,193.4082245524191,200.6759123327326,172.53214641458126,163.8076828557572,229.789993,106.88737109391744
2024-08-30,229.0,249.77570707575194,187.29254984009333,192.7433081148315,199.9860103751157,171.9389996627882,163.24452986065586,229.0,106.02570707575194
2024-09-19,228.869995,249.6339075526149,187.18622246916772,192.7433081148315,199.87247683241344,171.8413886162766,163.24452986065586,228.869995,105.88390755261489
2024-09-20,228.199997,248.9031249142335,186.63825026913383,192.7433081148315,199.28736667093176,171.8413886162766,163.24452986065586,228.199997,105.1531249142335
2024-09-23,226.470001,247.01617742891375,185.22333602436018,191.2821111102346,197.77655881938193,170.5386501462993,162.00696462229692,226.470001,103.26617742891375
2024-09-24,227.369995,247.99782213508811,185.95941537414527,192.0422680914965,198.56252479938865,171.2163724107142,162.65078188495625,227.369995,104.24782213508811
2024-09-25,226.369995,246.90709852340362,185.14154397746364,191.19764359259773,197.68922344403882,170.46334265227702,161.93542460184176,226.369995,103.15709852340362
2024-09-26,227.520004,248.16144049335333,186.0821034444901,191.19764359259773,198.69352786240333,171.32933365174762,161.93542460184176,227.520004,104.41144049335333
2024-09-27,227.789993,248.45592387054842,186.3029197250088,191.42453028250796,198.9293096220329,171.53264340319834,162.12758697255282,227.789993,104.70592387054842
2024-09-30,233.0,254.13860152248995,190.56403542681986,191.42453028250796,203.4792157965151,175.45593371586438,162.12758697255282,233.0,110.38860152248995
2024-10-01,226.210007,246.73259583421742,185.01069436845134,185.84611302651433,197.5495057067991,170.34286692728418,157.40292954486816,226.210007,102.98259583421742
2024-10-02,226.779999,247.35429956708873,185.01069436845134,185.84611302651433,198.0472804929377,170.7720878653553,157.40292954486816,226.779999,103.60429956708873
2024-10-03,225.669998,246.14359526739528,185.01069436845134,185.84611302651433,197.07791511519798,169.93622408046028,157.40292954486816,225.669998,102.39359526739528
2024-10-04,226.800003,247.37611840221686,185.01069436845134,185.84611302651433,198.0647500132501,170.7871514726431,157.40292954486816,226.800003,103.62611840221686
2024-10-07,221.690002,241.8025196557854,185.01069436845134,185.84611302651433,193.602179214111,166.9391686539993,157.40292954486816,221.690002,98.0525196557854
2024-10-08,225.770004,246.25267417290542,185.01069436845134,185.84611302651433,197.1652504905411,166.9391686539993,157.40292954486816,225.770004,102.50267417290542
2024-10-09,229.539993,250.3646901909963,185.01069436845134,185.84611302651433,200.45758699389515,166.9391686539993,157.40292954486816,229.539993,106.6146901909963
2024-10-10,229.039993,249.81932838515405,184.6076911881549,185.84611302651433,200.0209363162202,166.9391686539993,157.40292954486816,229.039993,106.06932838515405
2024-10-11,227.550003,248.19416111098025,183.40674977093508,184.63711521647522,198.71972602976248,166.9391686539993,157.40292954486816,227.550003,104.44416111098025
2024-10-14,231.300003,252.28437465479715,183.40674977093508,184.63711521647522,201.99460611232442,169.6903085098511,157.40292954486816,231.300003,108.53437465479715
2024-10-15,233.850006,255.06572313676347,185.42874612229758,186.67267592381063,204.2215271883706,171.56108581274222,159.13824271971583,233.850006,111.31572313676347
2024-10-16,231.779999,252.80791762551127,183.78735722930614,185.0202759411011,202.41378726968694,170.04245147685094,157.7295736243748,231.779999,109.05791762551127
2024-10-17,232.149994,253.21147990821646,184.08074062533444,185.0202759411011,202.73690440465958,170.31389360777519,157.7295736243748,232.149994,109.46147990821646
2024-10-18,235.0,256.32004874585897,186.34062099934232,185.0202759411011,205.2258185072148,172.4047643000463,157.7295736243748,235.0,112.57004874585897
2024-10-21,236.479996,257.9343153282576,187.51416727047655,186.18550687008715,206.51830101992715,173.49054456194,158.72293165861217,236.479996,114.18431532825758
2024-10-22,235.860001,257.25807214263125,187.02254917125745,185.69737220633354,205.97685854611703,173.0356931072923,158.3067974160622,235.860001,113.50807214263125
2024-10-23,230.759995,251.6953751786986,182.97855646853247,185.69737220633354,201.52301639402467,169.29413850151008,158.3067974160622,230.759995,107.94537517869861
2024-10-24,230.570007,251.4881507811619,182.97855646853247,185.69737220633354,201.35709961612446,169.1547562191278,158.3067974160622,230.570007,107.73815078116189
2024-10-25,231.410004,252.404355342806,182.97855646853247,185.69737220633354,202.09067013471426,169.7710093459267,158.3067974160622,231.410004,108.65435534280601
2024-10-28,233.399994,254.5748844228221,182.97855646853247,185.69737220633354,203.8285310988469,169.7710093459267,158.3067974160622,233.399994,110.8248844228221
2024-10-29,233.669998,254.86938416087133,183.19023146180916,185.69737220633354,204.06432595799677,169.96740545897646,158.3067974160622,233.669998,111.11938416087133
2024-10-30,230.100006,250.97550959294657,180.39146539687,185.69737220633354,200.94664710580867,167.37065669814794,158.3067974160622,230.100006,107.22550959294657
2024-11-18,228.020004,248.70680229919557,180.39146539687,185.69737220633354,199.13017854007828,167.37065669814794,158.3067974160622,228.020004,104.95680229919557
2024-11-19,228.279999,248.99038498461547,180.39146539687,185.69737220633354,199.35723252596244,167.37065669814794,158.3067974160622,228.279999,105.24038498461547
2024-11-20,229.0,249.77570707575194,180.39146539687,186.28306650400143,199.35723252596244,167.37065669814794,158.3067974160622,229.0,106.02570707575194
2024-11-21,228.520004,249.25216410503782,180.39146539687,185.89260743505096,199.35723252596244,167.01983903119387,158.3067974160622,228.520004,105.50216410503782
2024-11-22,229.869995,250.72463116429938,180.39146539687,186.99077539676625,199.35723252596244,168.00651536397373,158.3067974160622,229.869995,106.97463116429938
2024-11-25,232.869995,253.9968019993529,180.39146539687,189.43116491428592,199.35723252596244,170.19914405434247,158.3067974160622,232.869995,110.2468019993529
2024-11-26,235.059998,256.3854899811128,182.08793921864142,191.21265170246483,199.35723252596244,171.79976519094038,158.3067974160622,235.059998,112.63548998111281
2024-11-27,234.929993,256.2436904579758,181.98723155787593,191.10689742272308,199.35723252596244,171.70474762664324,158.3067974160622,234.929993,112.49369045797579
2024-11-29,237.330002,258.8614369425311,183.8463853766222,193.0592163579074,199.35723252596244,173.4588571568243,158.3067974160622,237.330002,115.1114369425311
2024-12-02,239.589996,261.3264657605964,185.5970773429622,194.89763824699318,199.35723252596244,175.11063305164473,158.3067974160622,239.589996,117.57646576059642
2024-12-03,242.649994,264.66407783090375,187.9674880235288,197.38683392793686,199.35723252596244,177.34711285406837,158.3067974160622,242.649994,120.91407783090375
2024-12-04,243.009995,265.0567394218338,188.24636082521516,197.6796814835024,199.6530034092973,177.61022902778888,158.54166494866385,243.009995,121.30673942183381
2024-12-05,243.039993,265.0894589487371,188.26959861151295,197.70408375175128,199.67764927127624,177.6321538529401,158.561235883864,243.039993,121.3394589487371
2024-12-06,242.839996,264.87131749857105,188.11467203153438,197.70408375175128,199.51333503505379,177.4859807995442,158.561235883864,242.839996,121.12131749857105
2024-12-09,246.75,269.13605118315195,191.14353520159466,197.70408375175128,202.72572982540947,180.34370978282973,158.561235883864,246.75,125.38605118315195
2024-12-10,247.770004,270.24859362996455,191.93367571012462,198.5213439594235,203.56374828670567,181.08920646106003,159.21668915578488,247.770004,126.49859362996455
2024-12-11,246.490005,268.852468497732,190.94213149973146,198.5213439594235,202.51212222206215,180.1536856173789,159.21668915578488,246.490005,125.10246849773199
2024-12-12,247.960007,270.45583438835547,192.0808604927747,198.5213439594235,203.71985161738053,181.22807513741205,159.21668915578488,247.960007,126.70583438835547
2024-12-13,248.130005,270.6412552208946,192.21254851181098,198.5213439594235,203.85951917004056,181.3523226347805,159.21668915578488,248.130005,126.8912552208946
2024-12-16,251.039993,273.8152478422132,194.46675476799828,198.5213439594235,206.2503173101953,183.47916369392343,159.21668915578488,251.039993,130.06524784221318
2024-12-17,253.479996,276.4766167268942,196.35688971965985,198.5213439594235,208.25498352681612,185.26250388805204,159.21668915578488,253.479996,132.72661672689418
2024-12-20,254.490005,277.57825739120807,197.1392876562168,199.31236631722373,209.08479026098118,186.00069545836226,159.85109933226894,254.490005,133.82825739120807
2024-12-23,255.270004,278.42902071759835,197.7435096068296,199.31236631722373,209.7256245731923,186.5707781869819,159.85109933226894,255.270004,134.67902071759835
2024-12-24,258.200012,281.62484962562286,200.01322424629853,201.6000884101352,212.13287081511444,188.7122513882519,161.68588208195834,258.200012,137.87484962562286
2024-12-26,259.019989,282.5192179005611,200.64841493551432,202.2403185728444,212.80655039268305,189.3115530867994,162.19935496487952,259.019989,138.7692179005611
2024-12-27,255.589996,278.7780435475485,197.9913896559329,199.56221299612528,209.98852472208102,186.8046527336114,160.05147960482748,255.589996,135.02804354754852
2024-12-30,252.199997,275.0804915946616,195.36534550926672,199.56221299612528,207.20335746217256,184.32698304437093,160.05147960482748,252.199997,131.33049159466162
2025-01-27,229.860001,250.71373047252425,178.0597900408595,199.56221299612528,188.84918524982515,167.99921098692988,160.05147960482748,229.860001,106.96373047252425
2025-01-28,238.259995,259.8758022663324,178.0597900408595,199.56221299612528,188.84918524982515,167.99921098692988,160.05147960482748,238.259995,116.12580226633241
2025-01-29,239.360001,261.07560478352707,178.0597900408595,199.56221299612528,188.84918524982515,167.99921098692988,160.05147960482748,239.360001,117.32560478352707
2025-01-30,237.589996,259.14501853722743,178.0597900408595,198.08650229534615,188.84918524982515,166.75690048308377,160.05147960482748,237.589996,115.39501853722743
2025-01-31,236.0,257.41077235754346,178.0597900408595,196.76087094888325,188.84918524982515,165.6409326005787,160.05147960482748,236.0,113.66077235754346
2025-02-03,228.009995,248.6958852465662,178.0597900408595,190.0993440730954,188.84918524982515,160.03300090700546,160.05147960482748,228.009995,104.9458852465662
2025-02-04,232.800003,253.9204600723239,178.0597900408595,190.0993440730954,188.84918524982515,160.03300090700546,160.05147960482748,232.800003,110.17046007232389
2025-02-05,232.470001,253.56051909902078,178.0597900408595,189.82987172372086,188.84918524982515,160.03300090700546,160.05147960482748,232.470001,109.81051909902078
2025-02-06,233.220001,254.37856180778417,178.0597900408595,190.4423051696724,188.84918524982515,160.03300090700546,160.05147960482748,233.220001,110.62856180778417
2025-02-14,244.600006,266.7910019623719,178.0597900408595,199.73496607246696,188.84918524982515,160.03300090700546,160.05147960482748,244.600006,123.04100196237192
2025-02-18,244.470001,266.64920243923484,177.96515119197792,199.6288068589457,188.84918524982515,159.94794330368342,160.05147960482748,244.470001,122.89920243923484
2025-02-19,244.869995,267.08548533956696,178.2563320828631,199.9554331306523,188.84918524982515,160.20964501502678,160.05147960482748,244.869995,123.33548533956696
2025-02-20,245.830002,268.1325876418494,178.95518179939893,200.73935365751578,188.84918524982515,160.83774312350243,160.05147960482748,245.830002,124.3825876418494
2025-02-21,245.550003,267.82718612130134,178.7513528462972,200.5107126542718,188.84918524982515,160.654549831917,160.05147960482748,245.550003,124.07718612130134
2025-02-24,247.100006,269.5178109915832,179.87969790750995,200.5107126542718,188.84918524982515,161.66866113780495,160.05147960482748,247.100006,125.76781099158319
2025-02-25,247.039993,269.45235339547514,179.83601065518943,200.5107126542718,188.84918524982515,161.62939678683256,160.05147960482748,247.039993,125.70235339547514
2025-02-26,240.360001,262.16632839521156,174.9732226592046,200.5107126542718,188.84918524982515,157.2589178842491,160.05147960482748,240.360001,118.41632839521156
2025-02-27,237.300003,258.8287163249042,174.9732226592046,200.5107126542718,188.84918524982515,155.25687107027872,160.05147960482748,237.300003,115.07871632490418
2025-03-24,220.729996,240.75541844422662,174.9732226592046,200.5107126542718,188.84918524982515,144.41571048069113,160.05147960482748,220.729996,97.00541844422662
2025-03-25,223.75,244.04940811440827,174.9732226592046,200.5107126542718,188.84918524982515,144.41571048069113,160.05147960482748,223.75,100.29940811440827
2025-03-26,221.529999,241.62800060574506,174.9732226592046,198.52128703369885,188.84918524982515,144.41571048069113,160.05147960482748,221.529999,97.87800060574506
2025-03-27,223.850006,244.1584870199184,174.9732226592046,200.60033175742132,188.84918524982515,144.41571048069113,160.05147960482748,223.850006,100.4084870199184
2025-03-28,217.899994,237.66866844171224,174.9732226592046,195.26830428738123,188.84918524982515,144.41571048069113,160.05147960482748,217.899994,93.91866844171224
2025-03-31,222.130005,242.28244131709744,174.9732226592046,195.26830428738123,188.84918524982515,144.41571048069113,160.05147960482748,222.130005,98.53244131709744
2025-04-01,223.190002,243.43860507331217,174.9732226592046,196.20011814449478,188.84918524982515,145.1048574505586,160.05147960482748,223.190002,99.68860507331217
2025-04-02,223.889999,244.20210832932048,174.9732226592046,196.81546602240192,188.84918524982515,145.55995384372417,160.05147960482748,223.889999,100.45210832932048
2025-04-14,202.520004,220.89335020124065,174.9732226592046,178.02969826320248,188.84918524982515,131.66645480520475,160.05147960482748,202.520004,77.14335020124065
2025-04-15,202.139999,220.47886977518246,174.9732226592046,178.02969826320248,188.84918524982515,131.66645480520475,160.05147960482748,202.139999,76.72886977518246
2025-04-16,194.270004,211.8948804048435,174.9732226592046,171.09839895522677,188.84918524982515,131.66645480520475,160.05147960482748,194.270004,68.14488040484349
2025-04-17,196.979996,214.8507326667196,174.9732226592046,173.48515595751454,188.84918524982515,131.66645480520475,160.05147960482748,196.979996,71.10073266671961
2025-04-21,193.160004,210.68417719587367,174.9732226592046,170.1207944927267,188.84918524982515,131.66645480520475,160.05147960482748,193.160004,66.93417719587367
2025-04-22,199.740005,217.86113965148132,174.9732226592046,170.1207944927267,188.84918524982515,131.66645480520475,160.05147960482748,199.740005,74.11113965148132
2025-04-23,204.600006,223.16205749499167,174.9732226592046,174.26011165833629,188.84918524982515,131.66645480520475,160.05147960482748,204.600006,79.41205749499167
2025-04-24,208.369995,227.2740735130825,174.9732226592046,177.47105342189957,188.84918524982515,131.66645480520475,160.05147960482748,208.369995,83.5240735130825
2025-04-25,209.279999,228.26663636260986,174.9732226592046,178.24611399863062,188.84918524982515,132.24147521799767,160.05147960482748,209.279999,84.51663636260986
2025-04-28,210.139999,229.2046586686585,174.9732226592046,178.97858560973197,188.84918524982515,132.7848987139404,160.05147960482748,210.139999,85.45465866865851
2025-04-29,211.210007,230.37174165894984,174.9732226592046,179.88992338141958,188.84918524982515,133.46102370004127,160.05147960482748,211.210007,86.62174165894984
2025-04-30,212.5,230.37174165894984,174.9732226592046,180.9886248360934,188.84918524982515,134.2761545207409,160.05147960482748,212.5,86.62174165894984
2025-05-01,213.320007,230.37174165894982,174.9732226592046,181.68703396214505,188.84918524982515,134.79430692845898,160.05147960482748,213.320007,86.62174165894982
2025-05-02,205.350006,221.76465863277323,174.9732226592046,181.68703396214505,188.84918524982515,129.75816064231094,160.05147960482748,205.350006,78.01465863277323
2025-05-05,198.889999,214.78827097627456,174.9732226592046,181.68703396214505,188.84918524982515,125.6761611216659,160.05147960482748,198.889999,71.03827097627456
2025-05-06,198.509995,214.37789135671377,174.9732226592046,181.68703396214505,188.84918524982515,125.43604123544237,160.05147960482748,198.509995,70.62789135671377
2025-05-07,196.25,211.9372436574545,174.9732226592046,181.68703396214505,188.84918524982515,125.43604123544237,160.05147960482748,196.25,68.1872436574545
2025-05-08,197.490005,213.27636845654476,174.9732226592046,181.68703396214505,188.84918524982515,125.43604123544237,160.05147960482748,197.490005,69.52636845654476
2025-05-09,198.529999,214.39949437644435,174.9732226592046,181.68703396214505,188.84918524982515,125.43604123544237,160.05147960482748,198.529999,70.64949437644435
2025-05-12,210.789993,227.6394909910529,174.9732226592046,181.68703396214505,188.84918524982515,125.43604123544237,160.05147960482748,210.789993,83.8894909910529
2025-05-13,212.929993,229.95055189004373,174.9732226592046,183.53157243925858,188.84918524982515,125.43604123544237,160.05147960482748,212.929993,86.20055189004373
2025-05-14,212.330002,229.3026006097417,174.4801856879569,183.01441987597735,188.84918524982515,125.0825894048358,160.05147960482748,212.330002,85.55260060974169
2025-05-15,211.449997,228.35225241048167,173.75704984111442,182.25591376263515,188.84918524982515,124.56418266507981,160.05147960482748,211.449997,84.60225241048167
2025-05-16,211.259995,228.35225241048167,173.60091748144401,182.09214460388353,188.84918524982515,124.45225339494257,160.05147960482748,211.259995,84.60225241048167
2025-05-19,208.779999,225.67160919372412,173.60091748144401,182.09214460388353,188.84918524982515,122.99129960380742,160.05147960482748,208.779999,81.92160919372412
2025-05-20,206.860001,223.5962713242727,173.60091748144401,182.09214460388353,188.84918524982515,121.86023795811448,160.05147960482748,206.860001,79.84627132427269
2025-05-21,202.089996,218.44034302956996,173.60091748144401,182.09214460388353,188.84918524982515,119.0502508095531,160.05147960482748,202.089996,74.69034302956996
2025-06-24,200.300003,216.50552837926668,173.60091748144401,182.09214460388353,188.84918524982515,119.0502508095531,160.05147960482748,200.300003,72.75552837926668
2025-06-25,201.559998,217.86746487025232,173.60091748144401,182.09214460388353,188.84918524982515,119.0502508095531,160.05147960482748,201.559998,74.11746487025232
2025-06-26,201.0,217.2621595229462,173.60091748144401,181.58623451355953,188.84918524982515,119.0502508095531,160.05147960482748,201.0,73.5121595229462
2025-06-27,201.080002,217.34863418606142,173.60091748144401,181.65850944855234,188.84918524982515,119.0502508095531,160.05147960482748,201.080002,73.59863418606142
2025-06-30,205.169998,221.7695364915351,173.60091748144401,185.35346951231114,188.84918524982515,119.05025080955309,160.05147960482748,205.169998,78.01953649153509
2025-07-01,207.820007,224.63394782534226,175.8431751127673,187.74752501349045,188.84918524982515,120.58792317477666,160.05147960482748,207.820007,80.88394782534226
2025-07-02,212.440002,229.62772937103983,179.75230109891507,191.92129364792564,188.84918524982515,123.268683368033,160.05147960482748,212.440002,85.87772937103983
2025-07-03,213.550003,230.8275364075206,180.691508555579,192.92408420462357,188.84918524982515,123.91276339307085,160.05147960482748,213.550003,87.0775364075206
2025-07-07,209.949997,226.93626736346306,177.64542798516973,189.67178801673194,188.84918524982515,121.82385360414597,160.05147960482748,209.949997,83.18626736346306
2025-07-08,210.009995,227.00111957762755,177.6961942177992,189.67178801673194,188.84918524982515,121.85866754876604,160.05147960482748,210.009995,83.25111957762755
2025-07-09,211.139999,228.22254798215272,178.65232685449052,189.67178801673194,188.84918524982515,122.51435434960032,160.05147960482748,211.139999,84.47254798215272
2025-07-10,212.410004,229.59530434486388,179.7269188287324,189.67178801673194,188.84918524982515,123.2512769759747,160.05147960482748,212.410004,85.84530434486388
2025-07-11,211.160004,228.24417151200973,178.66925372678216,189.67178801673194,188.84918524982515,122.52596228590028,160.05147960482748,211.160004,84.49417151200973
2025-07-21,212.479996,229.67095913625357,179.78614130538497,189.67178801673194,190.029709065956,123.29188995660486,160.05147960482748,212.479996,85.92095913625357
2025-07-22,214.399994,231.746297005705,181.41071320971642,189.67178801673194,191.7468432348931,124.40597216005568,160.05147960482748,214.399994,87.996297005705
2025-07-23,214.149994,231.4760704391342,181.19918018932637,189.45062221294845,191.52325782374461,124.2609092220408,159.8648524079013,214.149994,87.72607043913419
2025-07-24,213.759995,231.05451807618996,180.86918952364996,189.10560444370947,191.17446547669465,124.03461161898933,159.57371472720527,213.759995,87.30451807618996
2025-07-25,213.880005,231.18423763720662,180.97073383475802,189.10560444370947,191.28179541746238,124.104247631754,159.57371472720527,213.880005,87.43423763720662
2025-07-28,214.050003,231.18423763720662,181.1145745963591,189.10560444370947,191.43383170836003,124.20288926910061,159.57371472720527,214.050003,87.43423763720662
2025-07-29,211.270004,231.18423763720662,178.76232825575377,189.10560444370947,188.9475628307305,122.58978997862683,159.57371472720527,211.270004,87.43423763720662
2025-08-06,213.25,231.18423763720662,178.76232825575377,189.10560444370947,190.71835570965993,123.73868612669771,159.57371472720527,213.25,87.43423763720662
2025-08-07,220.029999,231.18423763720662,184.44583778359285,189.10560444370947,196.7819911656653,123.73868612669771,159.57371472720527,220.029999,87.43423763720662
2025-08-08,229.350006,231.18423763720665,192.2585747152689,197.1157192697092,205.11726155367242,128.9799960667647,166.33292094923303,229.350006,87.43423763720665
2025-08-11,227.179993,228.99686991126975,190.4395051901798,195.25069349194828,203.17652855846217,127.75964175726958,164.75914902272254,227.179993,85.24686991126975
2025-08-12,229.649994,231.48662479772977,192.51004741552111,197.37354507675224,205.38555331495087,129.1487008849371,166.55048309871785,229.649994,87.73662479772977
2025-08-13,233.330002,235.19606374136262,195.59490930569606,200.5363416970335,208.67673772178978,131.21823393463612,169.21935802238602,233.330002,91.44606374136262
2025-08-14,232.779999,234.64166208046544,195.13385506500367,200.06363956444451,208.18484713423814,130.90892770868945,168.82047595075946,232.779999,90.89166208046544
