trade_date,close_price,portfolio_value_A2C_RawPrice,portfolio_value_TA_RSI,portfolio_value_TA_MACD,portfolio_value_TA_SMA_Crossover,portfolio_value_TA_Stochastic,portfolio_value_TA_All_Signals,portfolio_value_Buy_and_Hold,pnl_A2C_RawPrice
2022-10-18,143.75,143.75,143.75,143.75,143.75,143.75,143.75,143.75,0.0
2022-10-19,143.860001,143.860001,143.75,143.75,143.75,143.75,143.75,143.860001,0.11000100000001112
2022-10-20,143.389999,143.389999,143.75,143.28035738196607,143.75,143.28035738196607,143.75,143.389999,-0.3600010000000111
2022-10-21,147.270004,147.270004,143.75,147.1573955779411,143.75,147.1573955779411,143.75,147.270004,3.520004
2022-10-24,149.449997,149.449997,143.75,149.3357216697781,143.75,149.3357216697781,143.75,149.449997,5.699996999999996
2022-10-25,152.339996,152.339996,143.75,152.22351086317593,143.75,152.22351086317593,143.75,152.339996,8.589996000000014
2022-10-26,149.350006,149.350006,140.9286065788002,149.23580712681908,143.75,149.23580712681908,143.75,149.350006,5.600006000000008
2022-10-27,144.800003,144.800003,140.9286065788002,149.23580712681908,143.75,144.6892832375971,143.75,144.800003,1.0500030000000038
2022-10-28,155.740005,155.740005,140.9286065788002,149.23580712681908,143.75,155.62092008292143,143.75,155.740005,11.990004999999996
2022-10-31,153.339996,153.339996,138.75684650889025,146.93603013485978,143.75,153.22274622394866,143.75,153.339996,9.589996000000014
2022-11-01,150.649994,150.649994,136.32267274888434,144.35837117277896,143.75,150.53480110499927,143.75,150.649994,6.899993999999992
2022-11-14,148.279999,148.279999,136.32267274888434,144.35837117277896,143.75,148.16661829614475,143.75,148.279999,4.529999000000004
2022-11-15,150.039993,150.039993,136.32267274888434,144.35837117277896,143.75,149.92526653569257,143.75,150.039993,6.28999300000001
2022-11-16,148.789993,148.789993,136.32267274888434,143.15570540108718,143.75,148.67622233472667,143.75,148.789993,5.03999300000001
2022-11-17,150.720001,150.720001,136.32267274888434,145.01262904964022,143.75,150.6047545749009,143.75,150.720001,6.970000999999996
2022-11-18,151.289993,151.289993,136.83821701885475,145.56103694447074,143.75,151.1743107366585,143.75,151.289993,7.53999300000001
2022-11-21,148.009995,148.009995,133.8715364787518,142.40524388381675,143.75,147.89682075179465,143.75,148.009995,4.2599950000000035
2022-11-22,150.179993,150.179993,133.8715364787518,142.40524388381675,143.75,150.06515948620074,143.75,150.179993,6.429992999999996
2022-11-23,151.070007,151.070007,133.8715364787518,142.40524388381675,143.75,150.95449294658354,143.75,151.070007,7.320007000000004
2022-11-25,148.110001,148.110001,131.24851051168264,142.40524388381675,140.93341932359877,147.99675028328411,143.75,148.110001,4.360001000000011
2022-11-28,144.220001,144.220001,131.24851051168264,142.40524388381675,137.23190695125868,144.10972472987817,143.75,144.220001,0.47000099999999634
2023-01-06,129.619995,129.619995,131.24851051168264,142.40524388381675,137.23190695125868,129.52088246718418,143.75,129.619995,-14.130005000000011
2023-01-09,130.149994,130.149994,131.24851051168264,142.40524388381675,137.23190695125868,129.52088246718418,143.75,130.149994,-13.600006000000008
2023-01-10,130.729996,130.729996,131.24851051168264,143.03986032692703,137.23190695125868,129.52088246718418,143.75,130.729996,-13.020004
2023-01-11,133.490005,133.490005,131.24851051168264,146.05975869716076,137.23190695125868,129.52088246718418,143.75,133.490005,-10.259995000000004
2023-01-12,133.410004,133.410004,131.24851051168264,145.9722246023382,137.23190695125868,129.52088246718418,143.75,133.410004,-10.339996000000014
2023-01-13,134.759995,134.759995,131.24851051168264,147.4493341410137,137.23190695125868,130.831519004177,143.75,134.759995,-8.990004999999996
2023-01-17,135.940002,135.940002,131.24851051168264,148.74045355988676,137.23190695125868,131.97712685497547,143.75,135.940002,-7.809998000000007
2023-01-18,135.210007,135.210007,131.24851051168264,147.94172039967648,137.23190695125868,131.26841241256653,143.75,135.210007,-8.53999300000001
2023-01-19,135.270004,135.270004,131.24851051168264,148.007366867684,137.23190695125868,131.32666040111607,143.75,135.270004,-8.479996
2023-01-20,137.869995,137.869995,131.24851051168264,148.007366867684,137.23190695125868,133.85085737757922,143.75,137.869995,-5.880005000000011
2023-01-23,141.110001,141.110001,134.33290869091604,151.48560560045178,137.23190695125868,136.99641186177647,143.75,141.110001,-2.639998999999989
2023-01-24,142.529999,142.529999,135.684708423915,153.01001390218107,137.23190695125868,138.37501457931808,143.75,142.529999,-1.2200009999999963
2023-01-25,141.860001,141.860001,135.04688842873907,152.29075196424736,137.23190695125868,137.72454812545868,143.75,141.860001,-1.8899989999999889
2023-01-26,143.960007,143.960007,137.04603740648142,152.29075196424736,137.23190695125868,139.76333548885893,143.75,143.960007,0.21000699999999028
2023-01-27,145.929993,145.929993,138.92141085687481,154.37473803476095,137.23190695125868,141.6758931495873,143.75,145.929993,2.179992999999996
2023-01-30,143.0,143.0,136.13213667825707,151.27519083051567,137.23190695125868,138.83131427540727,143.75,143.0,-0.75
2023-01-31,144.289993,144.289993,137.3601751635018,151.27519083051567,137.23190695125868,140.0837018530022,143.75,144.289993,0.5399930000000097
2023-02-02,150.820007,150.820007,143.57657207510272,151.27519083051567,137.23190695125868,146.4233551806722,143.75,150.820007,7.070007000000004
2023-02-03,154.5,154.5,147.0798259915435,154.96629027019387,137.23190695125868,149.99607031853444,143.75,154.5,10.75
2023-02-06,151.729996,151.729996,144.44285701862518,152.18792623191814,134.77149962968835,147.30681650127474,141.17273090614887,151.729996,7.979996
2023-02-07,154.649994,154.649994,147.22261622727018,152.18792623191814,137.36513648298194,150.14169174618075,141.17273090614887,154.649994,10.899993999999992
2023-02-08,151.919998,151.919998,144.6237337894863,152.18792623191814,134.94026556356894,147.49127962977093,141.17273090614887,151.919998,8.169997999999993
2023-02-09,150.869995,150.869995,143.6241593006151,152.18792623191814,134.00761887104764,146.47188594807076,141.17273090614887,150.869995,7.119994999999989
2023-02-10,151.009995,151.009995,143.75743551834208,152.18792623191814,134.13197140809086,146.60780471729146,141.17273090614887,151.009995,7.2599950000000035
2023-02-13,153.850006,153.850006,146.46104926393477,152.18792623191814,136.65456121580965,149.36502471509996,141.17273090614887,153.850006,10.100006000000008
2023-02-14,153.199997,153.199997,145.84225825673127,152.18792623191814,136.07720215687448,148.7339645489402,141.17273090614887,153.199997,9.449996999999996
2023-02-15,155.330002,155.330002,147.8699654720136,152.18792623191814,137.96914162590824,150.80187639203945,141.17273090614887,155.330002,11.580002000000007
2023-02-16,153.710007,153.710007,146.32777399818076,152.18792623191814,136.53020956699882,149.22910691672763,141.17273090614887,153.710007,9.96000699999999
2023-02-17,152.550003,152.550003,145.22348152912258,152.18792623191814,135.49985642142545,148.10291894550573,141.17273090614887,152.550003,8.800003000000004
2023-02-21,148.479996,148.479996,141.34894482139205,152.18792623191814,131.88474430547095,144.15155935865184,141.17273090614887,148.479996,4.729996
2023-03-06,153.830002,153.830002,141.34894482139205,152.18792623191814,136.63679301473098,149.34560386467504,141.17273090614887,153.830002,10.080002000000007
2023-03-07,151.600006,151.600006,139.29988041615383,152.18792623191814,134.65603829904373,149.34560386467504,141.17273090614887,151.600006,7.850006000000008
2023-03-08,152.869995,152.869995,140.466828363569,152.18792623191814,135.78408368595066,150.59670720636285,141.17273090614887,152.869995,9.119994999999989
2023-03-09,150.589996,150.589996,138.37181797122807,152.18792623191814,133.75891468519364,148.35061344653906,141.17273090614887,150.589996,6.8399960000000135
2023-03-10,148.5,148.5,138.37181797122807,152.18792623191814,131.90251250654958,146.29169720418244,141.17273090614887,148.5,4.75
2023-03-13,150.470001,150.470001,138.37181797122807,152.18792623191814,133.65233123746148,146.29169720418244,141.17273090614887,150.470001,6.720000999999996
2023-03-14,152.589996,152.589996,138.37181797122807,152.18792623191814,135.53537950009667,146.29169720418244,141.17273090614887,152.589996,8.839996000000014
2023-03-15,152.990005,152.990005,138.73455454627097,152.18792623191814,135.8906804571689,146.29169720418244,141.17273090614887,152.990005,9.240004999999996
2023-03-16,155.850006,155.850006,141.32806361071533,152.18792623191814,138.43102603071267,149.02647978227085,141.17273090614887,155.850006,12.100006000000008
2023-03-17,155.0,155.0,140.55726029077522,151.35789321655406,137.67602315498442,148.21368929720788,140.4027747708465,155.0,11.25
2023-03-20,157.399994,157.399994,142.73362533177067,153.70149344605323,139.8077756034736,150.50860520063472,142.5767477839651,157.399994,13.649993999999992
2023-03-21,159.279999,159.279999,144.43845341004783,155.53732309790217,141.4776569706445,152.30629860029407,144.27970209740423,159.279999,15.529999000000004
2023-03-22,157.830002,157.830002,143.1235656310166,154.12139734893236,140.18972264453703,150.9197863110045,142.96625950250487,157.830002,14.080002000000007
2023-03-23,158.929993,158.929993,144.1210606071747,154.12139734893236,141.166770298642,151.97161679038337,142.96625950250487,158.929993,15.179992999999996
2023-03-24,160.25,160.25,145.3180707199789,155.40146613588797,142.33924329410488,153.23383038630683,144.15367831342198,160.25,16.5
2023-03-27,158.279999,158.279999,143.5316323759138,153.49106960740644,140.58942456319298,151.3500812499895,142.38155419216696,158.279999,14.529999000000004
2023-03-28,157.649994,157.649994,142.96033059030418,153.49106960740644,140.02983370533647,150.74765953821085,142.38155419216696,157.649994,13.899993999999992
2023-03-29,160.770004,160.770004,145.78962128501271,153.49106960740644,142.80112769890928,153.7310672333346,142.38155419216696,160.770004,17.020004
2023-03-30,162.360001,162.360001,147.23146400882274,155.00907877659554,144.21341456205997,155.25144995166684,143.78969152119808,162.360001,18.61000100000001
2023-03-31,164.899994,164.899994,149.53478308777593,157.43407244870693,146.46951865935995,157.68023532791898,146.03916680874752,164.899994,21.149993999999992
2023-04-03,166.169998,166.169998,150.6864494284103,158.64657644519676,147.597577369753,158.89463518767516,147.16391109469197,166.169998,22.419997999999993
2023-04-04,165.630005,165.630005,150.19677241772516,158.13103187165487,147.11793808735607,158.37828451203217,146.68568107242433,165.630005,21.88000500000001
2023-04-05,163.759995,163.759995,148.50100801568416,158.13103187165487,145.45693460309764,156.5901485047891,146.68568107242433,163.759995,20.009995000000004
2023-04-14,165.210007,165.210007,149.8159093970309,158.13103187165487,146.7448822526912,157.97667513733893,146.68568107242433,165.210007,21.46000699999999
2023-04-17,165.229996,165.229996,149.83403584268223,158.13103187165487,146.76263713028376,157.99578896595418,146.68568107242433,165.229996,21.479996
2023-04-18,166.470001,166.470001,150.9584984591136,158.13103187165487,147.8640497566857,159.18150326141858,146.68568107242433,166.470001,22.720000999999996
2023-04-19,167.630005,167.630005,152.01041448599324,158.13103187165487,148.8944029022591,160.2907192126413,146.68568107242433,167.630005,23.88000500000001
2023-04-20,166.649994,166.649994,151.12171989751047,157.2065544746902,148.0239253724001,159.35361569095195,145.82811633636487,166.649994,22.899993999999992
2023-04-21,165.020004,165.020004,149.64361068008236,157.2065544746902,146.5761154305782,157.79499097212903,145.82811633636487,165.020004,21.270004
2023-04-24,165.330002,165.330002,149.92472338702186,157.2065544746902,146.85146570042338,158.09141643828875,145.82811633636487,165.330002,21.580002000000007
2023-04-25,163.770004,163.770004,148.51008438741482,157.2065544746902,145.46582492126382,156.59971928424832,145.82811633636487,163.770004,20.020004
2023-04-26,163.759995,163.759995,148.51008438741482,157.2065544746902,145.45693460309764,156.59971928424832,145.82811633636487,163.759995,20.009995000000004
2023-04-27,168.410004,168.410004,148.51008438741482,157.2065544746902,149.58722329183882,156.59971928424832,145.82811633636487,168.410004,24.660003999999986
2023-04-28,169.679993,169.679993,149.63000701125782,157.2065544746902,150.7152686787458,157.78064628484435,145.82811633636487,169.679993,25.929992999999996
2023-05-01,169.589996,169.589996,149.55064437396098,157.2065544746902,150.63533042677238,157.69696060939944,145.82811633636487,169.589996,25.839996000000014
2023-05-02,168.539993,168.539993,148.6247134290449,156.23322257002943,149.70268373425105,156.7205923940788,144.92523312833924,168.539993,24.78999300000001
2023-05-03,167.449997,167.449997,147.66351519795913,156.23322257002943,148.73451396305853,155.7070358145008,144.92523312833924,167.449997,23.699996999999996
2023-05-05,173.570007,173.570007,153.06036324715117,156.23322257002943,154.17050517898588,161.397860737329,144.92523312833924,173.570007,29.820007000000004
2023-05-08,173.5,173.5,152.99862852100208,156.1702081160837,154.10832269283742,161.33276319984583,144.8667795915158,173.5,29.75
2023-05-09,171.770004,171.770004,151.47305494551608,154.61301021775523,152.57168418087593,159.72408864650473,143.4222899706155,171.770004,28.020004
2023-05-10,173.559998,173.559998,153.05153694586664,154.61301021775523,154.1616148608197,161.38855365014246,143.4222899706155,173.559998,29.809998000000007
2023-05-11,173.75,173.75,153.21908763990842,154.78227030940027,154.3303807947003,161.56523115834705,143.57929920231066,173.75,30.0
2023-05-12,172.570007,172.570007,152.1785267715258,153.73109335694443,153.28227277153437,160.46798890332414,142.604205285743,172.570007,28.820007000000004
2023-05-15,172.070007,172.070007,151.73760853371311,153.73109335694443,152.8381565678086,160.0030529863217,142.604205285743,172.070007,28.320007000000004
2023-05-16,172.070007,172.070007,151.73760853371311,153.73109335694443,152.8381565678086,160.0030529863217,142.604205285743,172.070007,28.320007000000004
2023-05-17,172.690002,172.690002,152.28434273941846,153.73109335694443,153.3888562192665,160.57956887404552,142.604205285743,172.690002,28.940001999999993
2023-05-18,175.050003,175.050003,154.36547770373082,153.73109335694443,155.4850855890845,162.7740673321689,142.604205285743,175.050003,31.300003000000004
2023-05-19,175.160004,175.160004,154.46248059788607,153.73109335694443,155.58279204213653,162.87635416378123,142.604205285743,175.160004,31.410003999999986
2023-05-22,174.199997,174.199997,153.6159114084304,152.88853271313263,154.73008271335624,161.98367069403372,141.82262825801155,174.199997,30.449996999999996
2023-05-23,171.559998,171.559998,151.2878639946159,152.88853271313263,152.38515004591667,159.5288099821327,141.82262825801155,171.559998,27.809998000000007
2023-05-24,171.839996,171.839996,151.2878639946159,152.88853271313263,152.63385334353828,159.7891722359104,141.82262825801155,171.839996,28.089996000000014
2023-05-25,172.990005,172.990005,152.30033145990018,152.88853271313263,153.65532860619916,159.7891722359104,141.82262825801155,172.990005,29.240004999999996
2023-05-26,175.429993,175.429993,154.44849592268622,152.88853271313263,155.82260502159198,159.7891722359104,141.82262825801155,175.429993,31.679992999999996
2023-05-30,177.300003,177.300003,156.09485198142687,152.88853271313263,157.48360850585038,159.7891722359104,141.82262825801155,177.300003,33.550003000000004
2023-05-31,177.25,177.25,156.0508293601547,152.88853271313263,157.4391942207806,159.74410772466325,141.82262825801155,177.25,33.5
2023-06-01,180.089996,180.089996,158.55116070672463,155.33819602117873,159.96177070501327,162.3036147879164,144.09498762028088,180.089996,36.33999600000001
2023-06-02,180.949997,180.949997,159.30830524438647,156.07999738096333,160.72565146365395,163.07867877881802,144.78309821054614,180.949997,37.199996999999996
2023-06-05,179.580002,179.580002,158.1021621923737,154.8982962505017,159.50877750660743,161.84398975843862,143.686927312942,179.580002,35.83000200000001
2023-06-06,179.210007,179.210007,157.77641874182865,154.8982962505017,159.1801359570124,161.51053688883303,143.686927312942,179.210007,35.46000699999999
2023-06-14,183.949997,183.949997,161.94950404878966,154.8982962505017,163.39034868600848,165.78238723113952,143.686927312942,183.949997,40.199996999999996
2023-06-15,186.009995,186.009995,163.76312546701396,156.63295341648924,165.2201056688938,167.63893189926137,145.29603189417668,186.009995,42.259995
2023-06-16,184.919998,184.919998,162.80349254261296,155.71510247345194,164.25193500946887,166.6565871986263,144.44461399657092,184.919998,41.16999799999999
2023-06-20,185.009995,185.009995,162.88272586554626,155.71510247345194,164.33187326144227,166.7376957484875,144.44461399657092,185.009995,41.259995
2023-06-21,183.960007,183.960007,161.95831684880034,155.71510247345194,163.39923989240708,165.79140860500877,144.44461399657092,183.960007,40.21000699999999
2023-06-22,187.0,187.0,164.63472547446503,155.71510247345194,166.09946019343283,168.5311601947082,144.44461399657092,187.0,43.25
2023-06-23,186.679993,186.679993,164.35299143919815,155.44863229806572,165.81521960542148,168.24275831780753,144.19743064046824,186.679993,42.929992999999996
2023-06-26,185.270004,185.270004,163.11163768552427,155.44863229806572,164.56282168147135,166.97202525881406,144.19743064046824,185.270004,41.520004
2023-06-27,188.059998,188.059998,165.56794729122163,155.44863229806572,167.04098476886662,169.4864687120562,144.19743064046824,188.059998,44.30999800000001
2023-06-28,189.25,189.25,166.61562457776742,156.43227680141172,168.09798311019873,170.55894153394934,145.10988003258734,189.25,45.5
2023-06-29,189.589996,189.589996,166.91495692066806,156.71331430938199,168.39997857580263,170.86535822026786,145.37057635370522,189.589996,45.83999600000001
2023-06-30,193.970001,193.970001,170.7711115770947,160.33378540344575,172.2904409616023,174.812777066838,148.72900171746812,193.970001,50.220000999999996
2023-07-03,192.460007,192.460007,169.44171346127604,159.0856385110998,170.94921535574494,173.45191588658642,147.5711943294104,192.460007,48.71000699999999
2023-07-05,191.330002,191.330002,168.4468575096195,158.15158696580534,169.9455082941627,172.43351453003123,146.70474841138545,191.330002,47.58000200000001
2023-07-17,193.990005,193.990005,170.78872309072244,158.15158696580534,172.30820916268092,174.8308053947981,146.70474841138545,193.990005,50.240005
2023-07-18,193.729996,193.729996,170.55981127074443,158.15158696580534,172.07726074265187,174.59647588447154,146.70474841138545,193.729996,49.979996
2023-07-19,195.100006,195.100006,171.76596752875125,158.15158696580534,173.29414802318453,175.83117842339323,146.70474841138545,195.100006,51.35000600000001
2023-07-20,193.130005,193.130005,170.03157943346022,158.15158696580534,171.54432929227264,174.0557423051326,146.70474841138545,193.130005,49.38000500000001
2023-07-21,191.940002,191.940002,168.9839012665148,158.15158696580534,170.4873300627081,172.98326858200326,146.70474841138545,191.940002,48.19000199999999
2023-07-24,192.75,192.75,169.69702318290447,158.15158696580534,171.20679653627903,172.98326858200326,146.70474841138545,192.75,49.0
2023-07-25,193.619995,193.619995,170.46296643418336,158.15158696580534,171.9795542895998,172.98326858200326,146.70474841138545,193.619995,49.86999499999999
2023-07-26,194.5,194.5,171.237722485473,158.15158696580534,172.76120324931918,172.98326858200326,146.70474841138545,194.5,50.75
2023-07-27,193.220001,193.220001,170.1108118759939,158.15158696580534,171.62426665601365,171.8448705830228,146.70474841138545,193.220001,49.470000999999996
2023-07-28,195.830002,195.830002,172.40865571622427,158.15158696580534,173.9425541276945,174.16613795568244,146.70474841138545,195.830002,52.08000200000001
2023-07-31,196.449997,196.449997,172.95449906713625,158.15158696580534,174.49325377915238,174.71754547035854,146.70474841138545,196.449997,52.699996999999996
2023-08-01,195.610001,195.610001,172.21496692350178,158.15158696580534,173.74714210982276,173.9704747573724,146.70474841138545,195.610001,51.86000100000001
2023-08-23,181.119995,181.119995,159.45797141583677,158.15158696580534,160.87664919645587,161.08343825530122,146.70474841138545,181.119995,37.36999499999999
2023-08-24,176.380005,176.380005,159.45797141583677,158.15158696580534,160.87664919645587,161.08343825530122,146.70474841138545,176.380005,32.63000500000001
2023-08-25,178.610001,178.610001,159.45797141583677,158.15158696580534,160.87664919645587,161.08343825530122,146.70474841138545,178.610001,34.86000100000001
2023-08-28,180.190002,180.190002,159.45797141583677,159.55061089592422,160.87664919645587,161.08343825530122,146.70474841138545,180.190002,36.44000199999999
2023-08-29,184.119995,184.119995,159.45797141583677,163.03045315690994,160.87664919645587,164.59671189830425,146.70474841138545,184.119995,40.36999499999999
2023-08-30,187.649994,187.649994,159.45797141583677,166.15611768136012,160.87664919645587,167.75240516455872,146.70474841138545,187.649994,43.89999399999999
2023-08-31,187.869995,187.869995,159.64492006646904,166.35091924392245,160.87664919645587,167.94907821581714,146.70474841138545,187.869995,44.11999499999999
2023-09-01,189.460007,189.460007,160.99605300626993,167.75880749030725,160.87664919645587,169.37049226201484,146.70474841138545,189.460007,45.71000699999999
2023-09-05,189.699997,189.699997,161.19998756413668,167.9713084652998,160.87664919645587,169.58503476669216,146.70474841138545,189.699997,45.949996999999996
2023-09-06,182.910004,182.910004,155.4301045674565,161.95905740195252,160.87664919645587,163.51502307886594,146.70474841138545,182.910004,39.16000399999999
2023-10-06,177.490005,177.490005,155.4301045674565,161.95905740195252,160.87664919645587,158.669737188585,146.70474841138545,177.490005,33.740005
2023-10-09,178.990005,178.990005,155.4301045674565,161.95905740195252,160.87664919645587,160.01068371559015,146.70474841138545,178.990005,35.240005
2023-10-10,178.389999,178.389999,154.90907550038037,161.41614213584302,160.87664919645587,159.47429974100197,146.70474841138545,178.389999,34.63999899999999
2023-10-11,179.800003,179.800003,154.90907550038037,162.6919838722181,160.87664919645587,160.73479305224424,146.70474841138545,179.800003,36.050003000000004
2023-10-12,180.710007,180.710007,155.69310150699644,163.5154007444172,160.87664919645587,161.5483041878181,146.70474841138545,180.710007,36.96000699999999
2023-10-13,178.850006,178.850006,154.09059299458121,161.832379344833,160.87664919645587,159.88552960036736,146.70474841138545,178.850006,35.10000600000001
2023-10-16,178.720001,178.720001,154.09059299458121,161.832379344833,160.87664919645587,159.76930976487182,146.70474841138545,178.720001,34.970000999999996
2023-10-17,177.149994,177.149994,154.09059299458121,161.832379344833,160.87664919645587,158.36577947552263,146.70474841138545,177.149994,33.39999399999999
2023-10-18,175.839996,175.839996,154.09059299458121,161.832379344833,160.87664919645587,157.19468796320018,146.70474841138545,175.839996,32.08999600000001
2023-10-19,175.460007,175.460007,154.09059299458121,161.832379344833,160.87664919645587,156.85499134330004,146.70474841138545,175.460007,31.71000699999999
2023-11-02,177.570007,177.570007,154.09059299458121,161.832379344833,160.87664919645587,156.85499134330004,146.70474841138545,177.570007,33.820007000000004
2023-11-03,176.649994,176.649994,153.29222985247284,161.832379344833,160.87664919645587,156.85499134330004,146.70474841138545,176.649994,32.89999399999999
2023-11-06,179.229996,179.229996,153.29222985247284,164.19596766385908,160.87664919645587,159.14588409801874,146.70474841138545,179.229996,35.479996
2023-11-07,181.820007,181.820007,155.5074202245824,166.5687254158876,160.87664919645587,161.44566426661615,146.70474841138545,181.820007,38.070007000000004
2023-11-08,182.889999,182.889999,156.4225653635931,167.54896519579913,160.87664919645587,162.3957553597265,146.70474841138545,182.889999,39.13999899999999
2023-11-09,182.410004,182.410004,156.0120341717716,167.10923275559523,160.87664919645587,161.96954752430577,146.70474841138545,182.410004,38.66000399999999
2023-11-10,186.399994,186.399994,159.42460169863284,170.7645375797895,160.87664919645587,165.51242818191764,146.70474841138545,186.399994,42.64999399999999
2023-11-13,184.800003,184.800003,158.05615783539756,169.29875575553245,160.87664919645587,164.09172858962467,146.70474841138545,184.800003,41.050003000000004
2023-11-14,187.440002,187.440002,160.3141020553946,169.29875575553245,160.87664919645587,166.4358952149081,146.70474841138545,187.440002,43.69000199999999
2023-11-15,188.009995,188.009995,160.80160693694526,169.81358239157444,161.36586474770962,166.94201607603162,147.15086812312794,188.009995,44.259995
2023-11-16,189.710007,189.710007,162.25559698365575,169.81358239157444,162.82495689045174,168.45152853909744,147.15086812312794,189.710007,45.96000699999999
2023-11-17,189.690002,189.690002,162.23848706273492,169.81358239157444,162.80778693028935,168.43376525458908,147.15086812312794,189.690002,45.94000199999999
2023-11-20,191.449997,191.449997,163.74377950317668,169.81358239157444,164.3183614884486,169.99653915702834,147.15086812312794,191.449997,47.699996999999996
2023-11-21,190.639999,190.639999,163.0510026110986,169.81358239157444,163.6231536208354,169.27730771862767,147.15086812312794,190.639999,46.88999899999999
2023-11-22,191.309998,191.309998,163.62404084689106,169.81358239157444,164.19820266551574,169.87222813139044,147.15086812312794,191.309998,47.55999800000001
2023-11-24,189.970001,189.970001,162.47796523058838,169.81358239157444,163.04810543443855,168.68238819380716,147.15086812312794,189.970001,46.220000999999996
2023-11-27,189.789993,189.789993,162.32400758774338,169.81358239157444,162.89360754946438,168.52255148709474,147.15086812312794,189.789993,46.03999300000001
2023-11-28,190.399994,190.399994,162.8457306005712,169.81358239157444,163.417161304476,169.0641971413505,147.15086812312794,190.399994,46.64999399999999
2023-12-05,193.419998,193.419998,165.42868634266353,169.81358239157444,166.0091807181329,171.74578625749126,147.15086812312794,193.419998,49.66999799999999
2023-12-06,192.320007,192.320007,164.4878835921705,169.81358239157444,165.0650766616986,170.7690577851274,147.15086812312794,192.320007,48.570007000000004
2023-12-07,194.270004,194.270004,166.15568136601877,169.81358239157444,166.73872678950397,172.50054248902418,147.15086812312794,194.270004,50.520004
2023-12-08,195.710007,195.710007,167.38729033656324,169.81358239157444,167.97465751400773,173.77918197824673,147.15086812312794,195.710007,51.96000699999999
2023-12-11,193.179993,193.179993,165.2234143321361,167.6183408327673,165.8031884017735,171.53267568021408,145.24859566312202,193.179993,49.429992999999996
2023-12-12,194.710007,194.710007,166.53200811107865,167.6183408327673,167.1163740767484,172.89123973838852,145.24859566312202,194.710007,50.96000699999999
2023-12-13,197.960007,197.960007,169.31167534390354,167.6183408327673,169.9057952478412,175.7770520179277,145.24859566312202,197.960007,54.21000699999999
2023-12-14,198.110001,198.110001,169.43996254603292,167.74534499788066,170.0345326137295,175.910238026253,145.3586503059161,198.110001,54.36000100000001
2023-12-15,197.570007,197.570007,168.97811527596457,167.28811679451104,169.5710647073101,175.430754544383,144.96244214571678,197.570007,53.820007000000004
2023-12-18,195.889999,195.889999,167.54123429489266,167.28811679451104,168.1291416664469,173.9390044778833,144.96244214571678,195.889999,52.13999899999999
2023-12-19,196.940002,196.940002,168.43928319749816,167.28811679451104,169.03034185041952,174.87134649356113,144.96244214571678,196.940002,53.19000199999999
2023-12-20,194.830002,194.830002,166.6346377017257,167.28811679451104,167.21936379780234,172.99778836746032,144.96244214571678,194.830002,51.08000200000001
2024-01-11,185.589996,185.589996,158.7318248065548,167.28811679451104,159.2888196878255,164.79319674351697,144.96244214571678,185.589996,41.83999600000001
2024-01-12,185.919998,185.919998,158.7318248065548,167.28811679451104,159.57205493868793,164.79319674351697,144.96244214571678,185.919998,42.16999799999999
2024-01-16,183.630005,183.630005,158.7318248065548,167.28811679451104,157.60659187534816,164.79319674351697,144.96244214571678,183.630005,39.88000500000001
2024-01-18,188.630005,188.630005,158.7318248065548,167.28811679451104,161.89800906164479,164.79319674351697,144.96244214571678,188.630005,44.88000500000001
2024-01-19,191.559998,191.559998,158.7318248065548,167.28811679451104,161.89800906164479,164.79319674351697,144.96244214571678,191.559998,47.80999800000001
2024-01-22,193.889999,193.889999,160.6625270115689,169.32289171353838,161.89800906164479,164.79319674351697,144.96244214571678,193.889999,50.13999899999999
2024-01-23,195.179993,195.179993,161.73145112801993,170.44943519437626,161.89800906164479,165.8896031395991,144.96244214571678,195.179993,51.429992999999996
2024-01-24,194.5,194.5,161.16799043229742,169.85560167176655,161.89800906164479,165.31165574256386,144.96244214571678,194.5,50.75
2024-01-25,194.169998,194.169998,160.8945417989882,169.5674130431656,161.89800906164479,165.03117668334352,144.96244214571678,194.169998,50.41999799999999
2024-01-26,192.419998,192.419998,159.44444419869762,168.0391492749106,161.89800906164479,163.54379674735642,144.96244214571678,192.419998,48.66999799999999
2024-01-29,191.729996,191.729996,158.87268977332863,168.0391492749106,161.89800906164479,162.95734238701874,144.96244214571678,191.729996,47.979996
2024-01-30,188.039993,188.039993,158.87268977332863,168.0391492749106,161.89800906164479,159.8210930007718,144.96244214571678,188.039993,44.28999300000001
2024-03-14,173.0,173.0,158.87268977332863,168.0391492749106,161.89800906164479,147.03813081472262,144.96244214571678,173.0,29.25
2024-03-15,172.619995,172.619995,158.87268977332863,168.0391492749106,161.89800906164479,147.03813081472262,144.96244214571678,172.619995,28.86999499999999
2024-03-18,173.720001,173.720001,158.87268977332863,168.0391492749106,161.89800906164479,147.03813081472262,144.96244214571678,173.720001,29.970000999999996
2024-03-19,176.080002,176.080002,158.87268977332863,170.32197542069184,161.89800906164479,147.03813081472262,144.96244214571678,176.080002,32.33000200000001
2024-03-20,178.669998,178.669998,158.87268977332863,172.8272754550006,161.89800906164479,147.03813081472262,144.96244214571678,178.669998,34.91999799999999
2024-03-21,171.369995,171.369995,158.87268977332863,165.7659912806798,161.89800906164479,147.03813081472262,144.96244214571678,171.369995,27.61999499999999
2024-04-11,175.039993,175.039993,158.87268977332863,165.7659912806798,161.89800906164479,147.03813081472262,144.96244214571678,175.039993,31.28999300000001
2024-04-12,176.550003,176.550003,158.87268977332863,165.7659912806798,161.89800906164479,147.03813081472262,144.96244214571678,176.550003,32.800003000000004
2024-04-15,172.690002,172.690002,155.3991767120021,162.1417665214799,161.89800906164479,143.8233626338183,144.96244214571678,172.690002,28.940001999999993
2024-04-16,169.380005,169.380005,155.3991767120021,162.1417665214799,161.89800906164479,141.06666048931402,144.96244214571678,169.380005,25.63000500000001
2024-04-29,173.5,173.5,155.3991767120021,162.1417665214799,161.89800906164479,141.06666048931402,144.96244214571678,173.5,29.75
2024-04-30,170.330002,170.330002,152.5598967155831,162.1417665214799,161.89800906164479,141.06666048931402,144.96244214571678,170.330002,26.580002000000007
2024-05-01,169.300003,169.300003,152.5598967155831,162.1417665214799,161.89800906164479,141.06666048931402,144.96244214571678,169.300003,25.550003000000004
2024-05-02,173.029999,173.029999,152.5598967155831,162.1417665214799,161.89800906164479,141.06666048931402,144.96244214571678,173.029999,29.279999000000004
2024-05-03,183.380005,183.380005,152.5598967155831,171.84047926520427,161.89800906164479,141.06666048931402,144.96244214571678,183.380005,39.63000500000001
2024-05-06,181.710007,181.710007,151.17057009627567,170.27556897581945,161.89800906164479,139.78200003309996,144.96244214571678,181.710007,37.96000699999999
2024-05-07,182.399994,182.399994,151.7445931226961,170.92213726862087,161.89800906164479,140.31277852157822,144.96244214571678,182.399994,38.64999399999999
2024-05-08,182.740005,182.740005,152.02745952921717,171.24075244804263,161.89800906164479,140.57433493444688,144.96244214571678,182.740005,38.990005
2024-05-09,184.570007,184.570007,153.5498987728485,172.95559819001045,163.51929434276772,141.9820798564124,146.41413062001416,184.570007,40.820007000000004
2024-05-10,183.050003,183.050003,152.28535712749695,171.531243250959,162.172650944319,140.8128035865683,145.20835473141628,183.050003,39.300003000000004
2024-05-13,186.279999,186.279999,154.9724977247052,171.531243250959,165.0342570916816,143.2975060442536,145.20835473141628,186.279999,42.529999000000004
2024-05-14,187.429993,187.429993,155.92921580235787,171.531243250959,166.05309113972072,144.18214891010336,145.20835473141628,187.429993,43.679992999999996
2024-05-15,189.720001,189.720001,157.83434926528835,171.531243250959,168.08191748201637,145.9437574401817,145.20835473141628,189.720001,45.970000999999996
2024-05-16,189.839996,189.839996,157.93417707806645,171.63973413977098,168.1882267250163,146.03606463542593,145.30019679569077,189.839996,46.08999600000001
2024-05-17,189.869995,189.869995,157.95913423924424,171.63973413977098,168.2148042572531,146.05914162655162,145.30019679569077,189.869995,46.11999499999999
2024-05-20,191.039993,191.039993,158.9324943067033,171.63973413977098,169.25136079453736,146.95917274302573,145.30019679569077,191.039993,47.28999300000001
2024-05-21,192.350006,192.350006,160.02233748767642,171.63973413977098,170.41196323922304,147.96691161350722,145.30019679569077,192.350006,48.60000600000001
2024-05-22,190.899994,190.899994,158.81602450411884,171.63973413977098,169.1273290622923,146.85147729715723,145.30019679569077,190.899994,47.14999399999999
2024-05-23,186.880005,186.880005,155.4716625785219,171.63973413977098,165.5658307710467,143.7590658674936,145.30019679569077,186.880005,43.13000500000001
2024-05-24,189.979996,189.979996,158.050647712584,171.63973413977098,168.31225934320864,146.1437608505531,145.30019679569077,189.979996,46.229996
2024-05-28,189.990005,189.990005,158.0589745310189,171.63973413977098,168.3211267894621,146.151460360676,145.30019679569077,189.990005,46.240005
2024-05-29,190.289993,190.289993,158.30854447893068,171.63973413977098,168.58690033993557,146.38222873341584,145.30019679569077,190.289993,46.53999300000001
2024-05-30,191.289993,191.289993,159.14047758262748,171.63973413977098,169.47284761273795,147.1514874128957,145.30019679569077,191.289993,47.53999300000001
2024-05-31,192.25,192.25,159.93913918570811,171.63973413977098,170.32336319625915,147.88998113000716,145.30019679569077,192.25,48.5
2024-06-03,194.029999,194.029999,161.41997927835533,171.63973413977098,171.90034845590012,149.25926081022266,145.30019679569077,194.029999,50.279999000000004
2024-06-04,194.350006,194.350006,161.68620369507002,171.63973413977098,172.1838577848278,149.50542897246697,145.30019679569077,194.350006,50.60000600000001
2024-06-05,195.869995,195.869995,162.950732861425,171.63973413977098,173.53048789406742,150.6746937034309,145.30019679569077,195.869995,52.11999499999999
2024-06-06,194.479996,194.479996,161.79434667921956,170.42168612371552,172.29902207081938,149.60542490821257,144.26906832577984,194.479996,50.729996
2024-06-07,196.889999,196.889999,163.79930795492814,170.42168612371552,174.43415765611493,151.4593406335351,144.26906832577984,196.889999,53.13999899999999
2024-06-11,207.149994,207.149994,172.3349374391917,179.30240965666087,183.5239722453311,159.3519308387053,151.7869713538415,207.149994,63.39999399999999
2024-06-12,213.070007,213.070007,177.25999222820704,184.426583573358,188.76879161763577,163.90595222158905,156.1247983858103,213.070007,69.320007
2024-06-13,214.240005,214.240005,178.2333522956661,185.43929642283783,189.80534815492,164.80598333806313,156.98210206939163,214.240005,70.490005
2024-06-14,212.490005,212.490005,176.7774693641967,183.92455239200208,188.25494042751583,163.45978064897335,155.6998080430195,212.490005,68.740005
2024-06-17,216.669998,216.669998,180.25494391411755,187.5426206466793,191.9581938261989,166.67527654438848,158.76265378826366,216.669998,72.91999799999999
2024-06-18,214.289993,214.289993,178.2749389676537,185.48256443690263,189.84963488719288,164.84443704093297,157.01873024870036,214.289993,70.53999300000001
2024-06-20,209.679993,209.679993,174.43972735961148,185.48256443690263,185.76541795957385,161.29815452853072,157.01873024870036,209.679993,65.929993
2024-06-21,207.490005,207.490005,172.61780384571273,185.48256443690263,183.82520406350392,159.61348725157393,157.01873024870036,207.490005,63.740005
2024-06-24,208.139999,208.139999,173.15855537151702,185.48256443690263,184.40106447514182,160.11350077768378,157.01873024870036,208.139999,64.38999899999999
2024-06-25,209.070007,209.070007,173.93225981341988,185.48256443690263,185.22500252642624,160.11350077768378,157.01873024870036,209.070007,65.320007
2024-06-26,213.25,213.25,177.40973436334073,185.48256443690263,188.9282559251093,160.11350077768378,157.01873024870036,213.25,69.5
2024-06-27,214.100006,214.100006,178.11688249308165,185.48256443690263,189.68131642267497,160.75170680976836,157.01873024870036,214.100006,70.35000600000001
2024-06-28,210.619995,210.619995,175.22174614095266,185.48256443690263,186.59821016790264,158.13882641607623,157.01873024870036,210.619995,66.86999499999999
2024-07-01,216.75,216.75,180.3215002262795,185.48256443690263,192.02907137991767,162.7413894188181,157.01873024870036,216.75,73.0
2024-07-02,220.270004,220.270004,183.24990807902464,185.48256443690263,195.14760932397115,165.3842975697745,157.01873024870036,220.270004,76.520004
2024-07-03,221.550003,221.550003,184.31478161982344,186.56041204522552,196.28162094721094,166.3453532362783,157.93117322345785,221.550003,77.800003
2024-07-05,226.339996,226.339996,188.29973536299934,190.59391714869304,200.52530218230348,169.94180129222485,161.34570359573752,226.339996,82.58999600000001
2024-07-08,227.820007,227.820007,189.53100550773473,191.8401886822189,201.83651389147101,171.05303103384023,162.40072445084274,227.820007,84.070007
2024-07-09,228.679993,228.679993,190.2464563298505,192.56435632085856,202.59841614281925,171.69873030267865,163.0137625735989,228.679993,84.929993
2024-07-10,232.979996,232.979996,193.823771171546,196.18525598510143,206.40799207371134,174.92728145711965,166.07900522518395,232.979996,89.229996
2024-07-11,227.570007,227.570007,189.3230222318105,191.6296714067517,201.61502707327043,170.8653247023306,162.22251279310757,227.570007,83.820007
2024-07-12,230.539993,230.539993,191.79385190272654,191.6296714067517,204.24627807023168,173.09526540911003,162.22251279310757,230.539993,86.78999300000001
2024-07-15,234.399994,234.399994,195.00511451492926,191.6296714067517,207.66603542919617,175.9934519184435,162.22251279310757,234.399994,90.64999399999999
2024-07-16,234.820007,234.820007,195.35453723361226,191.97304578916132,208.03814480108772,176.30880831610884,162.51319353547044,234.820007,91.070007
2024-07-17,228.880005,228.880005,190.41285293378712,191.97304578916132,202.775616228747,171.84890437779026,162.51319353547044,228.880005,85.13000500000001
2024-08-12,217.529999,217.529999,180.9704072152299,191.97304578916132,192.72010936675625,163.32703242230272,162.51319353547044,217.529999,73.779999
2024-08-13,221.270004,221.270004,180.9704072152299,191.97304578916132,196.03355659677354,166.13512289581286,162.51319353547044,221.270004,77.520004
2024-08-14,221.720001,221.720001,181.33844689012244,191.97304578916132,196.4322302116928,166.47299204005415,162.51319353547044,221.720001,77.970001
2024-08-15,224.720001,224.720001,183.79206108016734,191.97304578916132,199.09007203009998,168.7254680181693,162.51319353547044,224.720001,80.970001
2024-08-16,226.050003,226.050003,184.8798316734967,193.10923541941003,200.26838367482168,169.72406720345097,163.47502546616965,226.050003,82.300003
2024-08-19,225.889999,225.889999,184.74896897854205,192.9725477410469,200.12662856738422,169.60393214798353,163.35931364299975,225.889999,82.13999899999999
2024-08-20,226.509995,226.509995,185.2560459729991,193.50219583630965,200.6759123327326,170.06944084682604,163.8076828557572,226.509995,82.759995
2024-08-21,226.399994,226.399994,185.1660793014927,193.4082245524191,200.6759123327326,169.98684931013648,163.8076828557572,226.399994,82.64999399999999
2024-08-22,224.529999,224.529999,183.63666387905505,193.4082245524191,200.6759123327326,168.58280970457136,163.8076828557572,224.529999,80.779999
2024-08-23,226.839996,226.839996,185.52594435177542,193.4082245524191,200.6759123327326,170.31721395524403,163.8076828557572,226.839996,83.08999600000001
2024-08-26,227.179993,227.179993,185.80401817303297,193.4082245524191,200.6759123327326,170.5724923136211,163.8076828557572,227.179993,83.429993
2024-08-27,228.029999,228.029999,186.49921376744075,193.4082245524191,200.6759123327326,171.21069834570568,163.8076828557572,228.029999,84.279999
2024-08-28,226.490005,226.490005,185.23969672377942,193.4082245524191,200.6759123327326,170.05443184855852,163.8076828557572,226.490005,82.740005
2024-08-29,229.789993,229.789993,187.93866251837204,193.4082245524191,200.6759123327326,172.53214641458126,163.8076828557572,229.789993,86.03999300000001
2024-08-30,229.0,229.0,187.29254984009333,192.7433081148315,199.9860103751157,171.9389996627882,163.24452986065586,229.0,85.25
2024-09-19,228.869995,228.869995,187.18622246916772,192.7433081148315,199.87247683241344,171.8413886162766,163.24452986065586,228.869995,85.11999499999999
2024-09-20,228.199997,228.199997,186.63825026913383,192.7433081148315,199.28736667093176,171.8413886162766,163.24452986065586,228.199997,84.449997
2024-09-23,226.470001,226.470001,185.22333602436018,191.2821111102346,197.77655881938193,170.5386501462993,162.00696462229692,226.470001,82.720001
2024-09-24,227.369995,227.369995,185.95941537414527,192.0422680914965,198.56252479938865,171.2163724107142,162.65078188495625,227.369995,83.61999499999999
2024-09-25,226.369995,226.369995,185.14154397746364,191.19764359259773,197.68922344403882,170.46334265227702,161.93542460184176,226.369995,82.61999499999999
2024-09-26,227.520004,227.520004,186.0821034444901,191.19764359259773,198.69352786240333,171.32933365174762,161.93542460184176,227.520004,83.770004
2024-09-27,227.789993,227.789993,186.3029197250088,191.42453028250796,198.9293096220329,171.53264340319834,162.12758697255282,227.789993,84.03999300000001
2024-09-30,233.0,233.0,190.56403542681986,191.42453028250796,203.4792157965151,175.45593371586438,162.12758697255282,233.0,89.25
2024-10-01,226.210007,226.210007,185.01069436845134,185.84611302651433,197.5495057067991,170.34286692728418,157.40292954486816,226.210007,82.46000699999999
2024-10-02,226.779999,226.779999,185.01069436845134,185.84611302651433,198.0472804929377,170.7720878653553,157.40292954486816,226.779999,83.029999
2024-10-03,225.669998,225.669998,185.01069436845134,185.84611302651433,197.07791511519798,169.93622408046028,157.40292954486816,225.669998,81.91999799999999
2024-10-04,226.800003,226.800003,185.01069436845134,185.84611302651433,198.0647500132501,170.7871514726431,157.40292954486816,226.800003,83.050003
2024-10-07,221.690002,221.690002,185.01069436845134,185.84611302651433,193.602179214111,166.9391686539993,157.40292954486816,221.690002,77.94000199999999
2024-10-08,225.770004,225.770004,185.01069436845134,185.84611302651433,197.1652504905411,166.9391686539993,157.40292954486816,225.770004,82.020004
2024-10-09,229.539993,229.539993,185.01069436845134,185.84611302651433,200.45758699389515,166.9391686539993,157.40292954486816,229.539993,85.78999300000001
2024-10-10,229.039993,229.039993,184.6076911881549,185.84611302651433,200.0209363162202,166.9391686539993,157.40292954486816,229.039993,85.28999300000001
2024-10-11,227.550003,227.550003,183.40674977093508,184.63711521647522,198.71972602976248,166.9391686539993,157.40292954486816,227.550003,83.800003
2024-10-14,231.300003,231.300003,183.40674977093508,184.63711521647522,201.99460611232442,169.6903085098511,157.40292954486816,231.300003,87.550003
2024-10-15,233.850006,233.850006,185.42874612229758,186.67267592381063,204.2215271883706,171.56108581274222,159.13824271971583,233.850006,90.10000600000001
2024-10-16,231.779999,231.779999,183.78735722930614,185.0202759411011,202.41378726968694,170.04245147685094,157.7295736243748,231.779999,88.029999
2024-10-17,232.149994,232.149994,184.08074062533444,185.0202759411011,202.73690440465958,170.31389360777519,157.7295736243748,232.149994,88.39999399999999
2024-10-18,235.0,235.0,186.34062099934232,185.0202759411011,205.2258185072148,172.4047643000463,157.7295736243748,235.0,91.25
2024-10-21,236.479996,236.479996,187.51416727047655,186.18550687008715,206.51830101992715,173.49054456194,158.72293165861217,236.479996,92.729996
2024-10-22,235.860001,235.860001,187.02254917125745,185.69737220633354,205.97685854611703,173.0356931072923,158.3067974160622,235.860001,92.11000100000001
2024-10-23,230.759995,230.759995,182.97855646853247,185.69737220633354,201.52301639402467,169.29413850151008,158.3067974160622,230.759995,87.009995
2024-10-24,230.570007,230.570007,182.97855646853247,185.69737220633354,201.35709961612446,169.1547562191278,158.3067974160622,230.570007,86.820007
2024-10-25,231.410004,231.410004,182.97855646853247,185.69737220633354,202.09067013471426,169.7710093459267,158.3067974160622,231.410004,87.66000399999999
2024-10-28,233.399994,233.399994,182.97855646853247,185.69737220633354,203.8285310988469,169.7710093459267,158.3067974160622,233.399994,89.64999399999999
2024-10-29,233.669998,233.669998,183.19023146180916,185.69737220633354,204.06432595799677,169.96740545897646,158.3067974160622,233.669998,89.91999799999999
2024-10-30,230.100006,230.100006,180.39146539687,185.69737220633354,200.94664710580867,167.37065669814794,158.3067974160622,230.100006,86.35000600000001
2024-11-18,228.020004,228.020004,180.39146539687,185.69737220633354,199.13017854007828,167.37065669814794,158.3067974160622,228.020004,84.270004
2024-11-19,228.279999,228.279999,180.39146539687,185.69737220633354,199.35723252596244,167.37065669814794,158.3067974160622,228.279999,84.529999
2024-11-20,229.0,229.0,180.39146539687,186.28306650400143,199.35723252596244,167.37065669814794,158.3067974160622,229.0,85.25
2024-11-21,228.520004,228.520004,180.39146539687,185.89260743505096,199.35723252596244,167.01983903119387,158.3067974160622,228.520004,84.770004
2024-11-22,229.869995,229.869995,180.39146539687,186.99077539676625,199.35723252596244,168.00651536397373,158.3067974160622,229.869995,86.11999499999999
2024-11-25,232.869995,232.869995,180.39146539687,189.43116491428592,199.35723252596244,170.19914405434247,158.3067974160622,232.869995,89.11999499999999
2024-11-26,235.059998,235.059998,182.08793921864142,191.21265170246483,199.35723252596244,171.79976519094038,158.3067974160622,235.059998,91.30999800000001
2024-11-27,234.929993,234.929993,181.98723155787593,191.10689742272308,199.35723252596244,171.70474762664324,158.3067974160622,234.929993,91.179993
2024-11-29,237.330002,237.330002,183.8463853766222,193.0592163579074,199.35723252596244,173.4588571568243,158.3067974160622,237.330002,93.58000200000001
2024-12-02,239.589996,239.589996,185.5970773429622,194.89763824699318,199.35723252596244,175.11063305164473,158.3067974160622,239.589996,95.83999600000001
2024-12-03,242.649994,242.649994,187.9674880235288,197.38683392793686,199.35723252596244,177.34711285406837,158.3067974160622,242.649994,98.89999399999999
2024-12-04,243.009995,243.009995,188.24636082521516,197.6796814835024,199.6530034092973,177.61022902778888,158.54166494866385,243.009995,99.259995
2024-12-05,243.039993,243.039993,188.26959861151295,197.70408375175128,199.67764927127624,177.6321538529401,158.561235883864,243.039993,99.28999300000001
2024-12-06,242.839996,242.839996,188.11467203153438,197.70408375175128,199.51333503505379,177.4859807995442,158.561235883864,242.839996,99.08999600000001
2024-12-09,246.75,246.75,191.14353520159466,197.70408375175128,202.72572982540947,180.34370978282973,158.561235883864,246.75,103.0
2024-12-10,247.770004,247.770004,191.93367571012462,198.5213439594235,203.56374828670567,181.08920646106003,159.21668915578488,247.770004,104.020004
2024-12-11,246.490005,246.490005,190.94213149973146,198.5213439594235,202.51212222206215,180.1536856173789,159.21668915578488,246.490005,102.740005
2024-12-12,247.960007,247.960007,192.0808604927747,198.5213439594235,203.71985161738053,181.22807513741205,159.21668915578488,247.960007,104.21000699999999
2024-12-13,248.130005,248.130005,192.21254851181098,198.5213439594235,203.85951917004056,181.3523226347805,159.21668915578488,248.130005,104.38000500000001
2024-12-16,251.039993,251.039993,194.46675476799828,198.5213439594235,206.2503173101953,183.47916369392343,159.21668915578488,251.039993,107.28999300000001
2024-12-17,253.479996,253.479996,196.35688971965985,198.5213439594235,208.25498352681612,185.26250388805204,159.21668915578488,253.479996,109.729996
2024-12-20,254.490005,254.490005,197.1392876562168,199.31236631722373,209.08479026098118,186.00069545836226,159.85109933226894,254.490005,110.740005
2024-12-23,255.270004,255.270004,197.7435096068296,199.31236631722373,209.7256245731923,186.5707781869819,159.85109933226894,255.270004,111.520004
2024-12-24,258.200012,258.200012,200.01322424629853,201.6000884101352,212.13287081511444,188.7122513882519,161.68588208195834,258.200012,114.45001200000002
2024-12-26,259.019989,259.019989,200.64841493551432,202.2403185728444,212.80655039268305,189.3115530867994,162.19935496487952,259.019989,115.26998900000001
2024-12-27,255.589996,255.589996,197.9913896559329,199.56221299612528,209.98852472208102,186.8046527336114,160.05147960482748,255.589996,111.83999600000001
2024-12-30,252.199997,252.199997,195.36534550926672,199.56221299612528,207.20335746217256,184.32698304437093,160.05147960482748,252.199997,108.449997
2025-01-27,229.860001,229.860001,178.0597900408595,199.56221299612528,188.84918524982515,167.99921098692988,160.05147960482748,229.860001,86.11000100000001
2025-01-28,238.259995,238.259995,178.0597900408595,199.56221299612528,188.84918524982515,167.99921098692988,160.05147960482748,238.259995,94.509995
2025-01-29,239.360001,239.360001,178.0597900408595,199.56221299612528,188.84918524982515,167.99921098692988,160.05147960482748,239.360001,95.61000100000001
2025-01-30,237.589996,237.589996,178.0597900408595,198.08650229534615,188.84918524982515,166.75690048308377,160.05147960482748,237.589996,93.83999600000001
2025-01-31,236.0,236.0,178.0597900408595,196.76087094888325,188.84918524982515,165.6409326005787,160.05147960482748,236.0,92.25
2025-02-03,228.009995,228.009995,178.0597900408595,190.0993440730954,188.84918524982515,160.03300090700546,160.05147960482748,228.009995,84.259995
2025-02-04,232.800003,232.800003,178.0597900408595,190.0993440730954,188.84918524982515,160.03300090700546,160.05147960482748,232.800003,89.050003
2025-02-05,232.470001,232.470001,178.0597900408595,189.82987172372086,188.84918524982515,160.03300090700546,160.05147960482748,232.470001,88.720001
2025-02-06,233.220001,233.220001,178.0597900408595,190.4423051696724,188.84918524982515,160.03300090700546,160.05147960482748,233.220001,89.470001
2025-02-14,244.600006,244.600006,178.0597900408595,199.73496607246696,188.84918524982515,160.03300090700546,160.05147960482748,244.600006,100.85000600000001
2025-02-18,244.470001,244.470001,177.96515119197792,199.6288068589457,188.84918524982515,159.94794330368342,160.05147960482748,244.470001,100.720001
2025-02-19,244.869995,244.869995,178.2563320828631,199.9554331306523,188.84918524982515,160.20964501502678,160.05147960482748,244.869995,101.11999499999999
2025-02-20,245.830002,245.830002,178.95518179939893,200.73935365751578,188.84918524982515,160.83774312350243,160.05147960482748,245.830002,102.08000200000001
2025-02-21,245.550003,245.550003,178.7513528462972,200.5107126542718,188.84918524982515,160.654549831917,160.05147960482748,245.550003,101.800003
2025-02-24,247.100006,247.100006,179.87969790750995,200.5107126542718,188.84918524982515,161.66866113780495,160.05147960482748,247.100006,103.35000600000001
2025-02-25,247.039993,247.039993,179.83601065518943,200.5107126542718,188.84918524982515,161.62939678683256,160.05147960482748,247.039993,103.28999300000001
2025-02-26,240.360001,240.360001,174.9732226592046,200.5107126542718,188.84918524982515,157.2589178842491,160.05147960482748,240.360001,96.61000100000001
2025-02-27,237.300003,237.300003,174.9732226592046,200.5107126542718,188.84918524982515,155.25687107027872,160.05147960482748,237.300003,93.550003
2025-03-24,220.729996,220.729996,174.9732226592046,200.5107126542718,188.84918524982515,144.41571048069113,160.05147960482748,220.729996,76.979996
2025-03-25,223.75,223.75,174.9732226592046,200.5107126542718,188.84918524982515,144.41571048069113,160.05147960482748,223.75,80.0
2025-03-26,221.529999,221.529999,174.9732226592046,198.52128703369885,188.84918524982515,144.41571048069113,160.05147960482748,221.529999,77.779999
2025-03-27,223.850006,223.850006,174.9732226592046,200.60033175742132,188.84918524982515,144.41571048069113,160.05147960482748,223.850006,80.10000600000001
2025-03-28,217.899994,217.899994,174.9732226592046,195.26830428738123,188.84918524982515,144.41571048069113,160.05147960482748,217.899994,74.14999399999999
2025-03-31,222.130005,222.130005,174.9732226592046,195.26830428738123,188.84918524982515,144.41571048069113,160.05147960482748,222.130005,78.38000500000001
2025-04-01,223.190002,223.190002,174.9732226592046,196.20011814449478,188.84918524982515,145.1048574505586,160.05147960482748,223.190002,79.44000199999999
2025-04-02,223.889999,223.889999,174.9732226592046,196.81546602240192,188.84918524982515,145.55995384372417,160.05147960482748,223.889999,80.13999899999999
2025-04-14,202.520004,202.520004,174.9732226592046,178.02969826320248,188.84918524982515,131.66645480520475,160.05147960482748,202.520004,58.770004
2025-04-15,202.139999,202.139999,174.9732226592046,178.02969826320248,188.84918524982515,131.66645480520475,160.05147960482748,202.139999,58.38999899999999
2025-04-16,194.270004,194.270004,174.9732226592046,171.09839895522677,188.84918524982515,131.66645480520475,160.05147960482748,194.270004,50.520004
2025-04-17,196.979996,196.979996,174.9732226592046,173.48515595751454,188.84918524982515,131.66645480520475,160.05147960482748,196.979996,53.229996
2025-04-21,193.160004,193.160004,174.9732226592046,170.1207944927267,188.84918524982515,131.66645480520475,160.05147960482748,193.160004,49.41000399999999
2025-04-22,199.740005,199.740005,174.9732226592046,170.1207944927267,188.84918524982515,131.66645480520475,160.05147960482748,199.740005,55.990005
2025-04-23,204.600006,204.600006,174.9732226592046,174.26011165833629,188.84918524982515,131.66645480520475,160.05147960482748,204.600006,60.85000600000001
2025-04-24,208.369995,208.369995,174.9732226592046,177.47105342189957,188.84918524982515,131.66645480520475,160.05147960482748,208.369995,64.61999499999999
2025-04-25,209.279999,209.279999,174.9732226592046,178.24611399863062,188.84918524982515,132.24147521799767,160.05147960482748,209.279999,65.529999
2025-04-28,210.139999,210.139999,174.9732226592046,178.97858560973197,188.84918524982515,132.7848987139404,160.05147960482748,210.139999,66.38999899999999
2025-04-29,211.210007,211.210007,174.9732226592046,179.88992338141958,188.84918524982515,133.46102370004127,160.05147960482748,211.210007,67.46000699999999
2025-04-30,212.5,212.5,174.9732226592046,180.9886248360934,188.84918524982515,134.2761545207409,160.05147960482748,212.5,68.75
2025-05-01,213.320007,213.320007,174.9732226592046,181.68703396214505,188.84918524982515,134.79430692845898,160.05147960482748,213.320007,69.570007
2025-05-02,205.350006,205.350006,174.9732226592046,181.68703396214505,188.84918524982515,129.75816064231094,160.05147960482748,205.350006,61.60000600000001
2025-05-05,198.889999,198.889999,174.9732226592046,181.68703396214505,188.84918524982515,125.6761611216659,160.05147960482748,198.889999,55.13999899999999
2025-05-06,198.509995,198.509995,174.9732226592046,181.68703396214505,188.84918524982515,125.43604123544237,160.05147960482748,198.509995,54.759995
2025-05-07,196.25,196.25,174.9732226592046,181.68703396214505,188.84918524982515,125.43604123544237,160.05147960482748,196.25,52.5
2025-05-08,197.490005,197.490005,174.9732226592046,181.68703396214505,188.84918524982515,125.43604123544237,160.05147960482748,197.490005,53.740005
2025-05-09,198.529999,198.529999,174.9732226592046,181.68703396214505,188.84918524982515,125.43604123544237,160.05147960482748,198.529999,54.779999000000004
2025-05-12,210.789993,210.789993,174.9732226592046,181.68703396214505,188.84918524982515,125.43604123544237,160.05147960482748,210.789993,67.03999300000001
2025-05-13,212.929993,212.929993,174.9732226592046,183.53157243925858,188.84918524982515,125.43604123544237,160.05147960482748,212.929993,69.179993
2025-05-14,212.330002,212.330002,174.4801856879569,183.01441987597735,188.84918524982515,125.0825894048358,160.05147960482748,212.330002,68.58000200000001
2025-05-15,211.449997,211.449997,173.75704984111442,182.25591376263515,188.84918524982515,124.56418266507981,160.05147960482748,211.449997,67.699997
2025-05-16,211.259995,211.259995,173.60091748144401,182.09214460388353,188.84918524982515,124.45225339494257,160.05147960482748,211.259995,67.509995
2025-05-19,208.779999,208.779999,173.60091748144401,182.09214460388353,188.84918524982515,122.99129960380742,160.05147960482748,208.779999,65.029999
2025-05-20,206.860001,206.860001,173.60091748144401,182.09214460388353,188.84918524982515,121.86023795811448,160.05147960482748,206.860001,63.11000100000001
2025-05-21,202.089996,202.089996,173.60091748144401,182.09214460388353,188.84918524982515,119.0502508095531,160.05147960482748,202.089996,58.33999600000001
2025-06-24,200.300003,200.300003,173.60091748144401,182.09214460388353,188.84918524982515,119.0502508095531,160.05147960482748,200.300003,56.550003000000004
2025-06-25,201.559998,201.559998,173.60091748144401,182.09214460388353,188.84918524982515,119.0502508095531,160.05147960482748,201.559998,57.80999800000001
2025-06-26,201.0,201.0,173.60091748144401,181.58623451355953,188.84918524982515,119.0502508095531,160.05147960482748,201.0,57.25
2025-06-27,201.080002,201.080002,173.60091748144401,181.65850944855234,188.84918524982515,119.0502508095531,160.05147960482748,201.080002,57.33000200000001
2025-06-30,205.169998,205.169998,173.60091748144401,185.35346951231114,188.84918524982515,119.05025080955309,160.05147960482748,205.169998,61.41999799999999
2025-07-01,207.820007,207.820007,175.8431751127673,187.74752501349045,188.84918524982515,120.58792317477666,160.05147960482748,207.820007,64.070007
2025-07-02,212.440002,212.440002,179.75230109891507,191.92129364792564,188.84918524982515,123.268683368033,160.05147960482748,212.440002,68.69000199999999
2025-07-03,213.550003,213.550003,180.691508555579,192.92408420462357,188.84918524982515,123.91276339307085,160.05147960482748,213.550003,69.800003
2025-07-07,209.949997,209.949997,177.64542798516973,189.67178801673194,188.84918524982515,121.82385360414597,160.05147960482748,209.949997,66.199997
2025-07-08,210.009995,210.009995,177.6961942177992,189.67178801673194,188.84918524982515,121.85866754876604,160.05147960482748,210.009995,66.259995
2025-07-09,211.139999,211.139999,178.65232685449052,189.67178801673194,188.84918524982515,122.51435434960032,160.05147960482748,211.139999,67.38999899999999
2025-07-10,212.410004,212.410004,179.7269188287324,189.67178801673194,188.84918524982515,123.2512769759747,160.05147960482748,212.410004,68.66000399999999
2025-07-11,211.160004,211.160004,178.66925372678216,189.67178801673194,188.84918524982515,122.52596228590028,160.05147960482748,211.160004,67.41000399999999
2025-07-21,212.479996,212.479996,179.78614130538497,189.67178801673194,190.029709065956,123.29188995660486,160.05147960482748,212.479996,68.729996
2025-07-22,214.399994,214.399994,181.41071320971642,189.67178801673194,191.7468432348931,124.40597216005568,160.05147960482748,214.399994,70.64999399999999
2025-07-23,214.149994,214.149994,181.19918018932637,189.45062221294845,191.52325782374461,124.2609092220408,159.8648524079013,214.149994,70.39999399999999
2025-07-24,213.759995,213.759995,180.86918952364996,189.10560444370947,191.17446547669465,124.03461161898933,159.57371472720527,213.759995,70.009995
2025-07-25,213.880005,213.880005,180.97073383475802,189.10560444370947,191.28179541746238,124.104247631754,159.57371472720527,213.880005,70.13000500000001
2025-07-28,214.050003,214.050003,181.1145745963591,189.10560444370947,191.43383170836003,124.20288926910061,159.57371472720527,214.050003,70.300003
2025-07-29,211.270004,211.270004,178.76232825575377,189.10560444370947,188.9475628307305,122.58978997862683,159.57371472720527,211.270004,67.520004
2025-08-06,213.25,213.25,178.76232825575377,189.10560444370947,190.71835570965993,123.73868612669771,159.57371472720527,213.25,69.5
2025-08-07,220.029999,220.029999,184.44583778359285,189.10560444370947,196.7819911656653,123.73868612669771,159.57371472720527,220.029999,76.279999
2025-08-08,229.350006,229.350006,192.2585747152689,197.1157192697092,205.11726155367242,128.9799960667647,166.33292094923303,229.350006,85.60000600000001
2025-08-11,227.179993,227.179993,190.4395051901798,195.25069349194828,203.17652855846217,127.75964175726958,164.75914902272254,227.179993,83.429993
2025-08-12,229.649994,229.649994,192.51004741552111,197.37354507675224,205.38555331495087,129.1487008849371,166.55048309871785,229.649994,85.89999399999999
2025-08-13,233.330002,233.330002,195.59490930569606,200.5363416970335,208.67673772178978,131.21823393463612,169.21935802238602,233.330002,89.58000200000001
2025-08-14,232.779999,232.779999,195.13385506500367,200.06363956444451,208.18484713423814,130.90892770868945,168.82047595075946,232.779999,89.029999
