trade_date,close_price,portfolio_value_PPO_RawPrice,portfolio_value_TA_RSI,portfolio_value_TA_MACD,portfolio_value_TA_SMA_Crossover,portfolio_value_TA_Stochastic,portfolio_value_TA_All_Signals,portfolio_value_Buy_and_Hold,pnl_PPO_RawPrice
2022-10-18,143.75,143.75,143.75,143.75,143.75,143.75,143.75,143.75,0.0
2022-10-19,143.860001,143.75,143.75,143.75,143.75,143.75,143.75,143.860001,0.0
2022-10-20,143.389999,143.75,143.75,143.28035738196607,143.75,143.28035738196607,143.75,143.389999,0.0
2022-10-21,147.270004,143.75,143.75,147.1573955779411,143.75,147.1573955779411,143.75,147.270004,0.0
2022-10-24,149.449997,143.75,143.75,149.3357216697781,143.75,149.3357216697781,143.75,149.449997,0.0
2022-10-25,152.339996,146.5297749387041,143.75,152.22351086317593,143.75,152.22351086317593,143.75,152.339996,2.7797749387040938
2022-10-26,149.350006,143.653822639421,140.9286065788002,149.23580712681908,143.75,149.23580712681908,143.75,149.350006,-0.09617736057899151
2022-10-27,144.800003,143.653822639421,140.9286065788002,149.23580712681908,143.75,144.6892832375971,143.75,144.800003,-0.09617736057899151
2022-10-28,155.740005,154.50722784952248,140.9286065788002,149.23580712681908,143.75,155.62092008292143,143.75,155.740005,10.75722784952248
2022-10-31,153.339996,152.12621638490938,138.75684650889025,146.93603013485978,143.75,153.22274622394866,143.75,153.339996,8.376216384909384
2022-11-01,150.649994,149.45750739180465,136.32267274888434,144.35837117277896,143.75,150.53480110499927,143.75,150.649994,5.707507391804654
2022-11-14,148.279999,147.10627234807117,136.32267274888434,144.35837117277896,143.75,148.16661829614475,143.75,148.279999,3.3562723480711725
2022-11-15,150.039993,148.8523349218575,136.32267274888434,144.35837117277896,143.75,149.92526653569257,143.75,150.039993,5.102334921857505
2022-11-16,148.789993,147.61222943443374,136.32267274888434,143.15570540108718,143.75,148.67622233472667,143.75,148.789993,3.8622294344337433
2022-11-17,150.720001,147.61222943443374,136.32267274888434,145.01262904964022,143.75,150.6047545749009,143.75,150.720001,3.8622294344337433
2022-11-18,151.289993,148.17046848248015,136.83821701885475,145.56103694447074,143.75,151.1743107366585,143.75,151.289993,4.420468482480146
2022-11-21,148.009995,144.9581024122299,133.8715364787518,142.40524388381675,143.75,147.89682075179465,143.75,148.009995,1.2081024122298913
2022-11-22,150.179993,147.08335613119888,133.8715364787518,142.40524388381675,143.75,150.06515948620074,143.75,150.179993,3.333356131198883
2022-11-23,151.070007,147.95501848454415,133.8715364787518,142.40524388381675,143.75,150.95449294658354,143.75,151.070007,4.205018484544155
2022-11-25,148.110001,147.95501848454415,131.24851051168264,142.40524388381675,140.93341932359877,147.99675028328411,143.75,148.110001,4.205018484544155
2022-11-28,144.220001,144.0690889860704,131.24851051168264,142.40524388381675,137.23190695125868,144.10972472987817,143.75,144.220001,0.3190889860703976
2023-01-06,129.619995,144.0690889860704,131.24851051168264,142.40524388381675,137.23190695125868,129.52088246718418,143.75,129.619995,0.3190889860703976
2023-01-09,130.149994,144.6581684185571,131.24851051168264,142.40524388381675,137.23190695125868,129.52088246718418,143.75,130.149994,0.9081684185570964
2023-01-10,130.729996,145.30282482168457,131.24851051168264,143.03986032692703,137.23190695125868,129.52088246718418,143.75,130.729996,1.5528248216845668
2023-01-11,133.490005,148.37049954442588,131.24851051168264,146.05975869716076,137.23190695125868,129.52088246718418,143.75,133.490005,4.620499544425883
2023-01-12,133.410004,148.281580614997,131.24851051168264,145.9722246023382,137.23190695125868,129.52088246718418,143.75,133.410004,4.5315806149970115
2023-01-13,134.759995,148.281580614997,131.24851051168264,147.4493341410137,137.23190695125868,130.831519004177,143.75,134.759995,4.5315806149970115
2023-01-17,135.940002,149.5799874834208,131.24851051168264,148.74045355988676,137.23190695125868,131.97712685497547,143.75,135.940002,5.829987483420808
2023-01-18,135.210007,149.5799874834208,131.24851051168264,147.94172039967648,137.23190695125868,131.26841241256653,143.75,135.210007,5.829987483420808
2023-01-19,135.270004,149.64636090287522,131.24851051168264,148.007366867684,137.23190695125868,131.32666040111607,143.75,135.270004,5.896360902875216
2023-01-20,137.869995,149.64636090287522,131.24851051168264,148.007366867684,137.23190695125868,133.85085737757922,143.75,137.869995,5.896360902875216
2023-01-23,141.110001,149.64636090287522,134.33290869091604,151.48560560045178,137.23190695125868,136.99641186177647,143.75,141.110001,5.896360902875216
2023-01-24,142.529999,151.15226078015863,135.684708423915,153.01001390218107,137.23190695125868,138.37501457931808,143.75,142.529999,7.4022607801586275
2023-01-25,141.860001,150.44173167661052,135.04688842873907,152.29075196424736,137.23190695125868,137.72454812545868,143.75,141.860001,6.691731676610516
2023-01-26,143.960007,150.44173167661052,137.04603740648142,152.29075196424736,137.23190695125868,139.76333548885893,143.75,143.960007,6.691731676610516
2023-01-27,145.929993,152.5004152748871,138.92141085687481,154.37473803476095,137.23190695125868,141.6758931495873,143.75,145.929993,8.750415274887104
2023-01-30,143.0,149.43850085916782,136.13213667825707,151.27519083051567,137.23190695125868,138.83131427540727,143.75,143.0,5.688500859167817
2023-01-31,144.289993,149.43850085916782,137.3601751635018,151.27519083051567,137.23190695125868,140.0837018530022,143.75,144.289993,5.688500859167817
2023-02-02,150.820007,156.2015166613058,143.57657207510272,151.27519083051567,137.23190695125868,146.4233551806722,143.75,150.820007,12.451516661305789
2023-02-03,154.5,156.20151666130582,147.0798259915435,154.96629027019387,137.23190695125868,149.99607031853444,143.75,154.5,12.451516661305817
2023-02-06,151.729996,153.40100646093114,144.44285701862518,152.18792623191814,134.77149962968835,147.30681650127474,141.17273090614887,151.729996,9.651006460931143
2023-02-07,154.649994,153.40100646093114,147.22261622727018,152.18792623191814,137.36513648298194,150.14169174618075,141.17273090614887,154.649994,9.651006460931143
2023-02-08,151.919998,150.6930585121306,144.6237337894863,152.18792623191814,134.94026556356894,147.49127962977093,141.17273090614887,151.919998,6.943058512130591
2023-02-09,150.869995,150.6930585121306,143.6241593006151,152.18792623191814,134.00761887104764,146.47188594807076,141.17273090614887,150.869995,6.943058512130591
2023-02-10,151.009995,150.6930585121306,143.75743551834208,152.18792623191814,134.13197140809086,146.60780471729146,141.17273090614887,151.009995,6.943058512130591
2023-02-13,153.850006,153.52710895891124,146.46104926393477,152.18792623191814,136.65456121580965,149.36502471509996,141.17273090614887,153.850006,9.777108958911242
2023-02-14,153.199997,152.8784641836405,145.84225825673127,152.18792623191814,136.07720215687448,148.7339645489402,141.17273090614887,153.199997,9.128464183640489
2023-02-15,155.330002,155.00399877554702,147.8699654720136,152.18792623191814,137.96914162590824,150.80187639203945,141.17273090614887,155.330002,11.253998775547018
2023-02-16,153.710007,153.38740378576267,146.32777399818076,152.18792623191814,136.53020956699882,149.22910691672763,141.17273090614887,153.710007,9.637403785762672
2023-02-17,152.550003,152.22983437688808,145.22348152912258,152.18792623191814,135.49985642142545,148.10291894550573,141.17273090614887,152.550003,8.479834376888078
2023-02-21,148.479996,148.1683694189177,141.34894482139205,152.18792623191814,131.88474430547095,144.15155935865184,141.17273090614887,148.479996,4.418369418917706
2023-03-06,153.830002,148.1683694189177,141.34894482139205,152.18792623191814,136.63679301473098,149.34560386467504,141.17273090614887,153.830002,4.418369418917706
2023-03-07,151.600006,148.1683694189177,139.29988041615383,152.18792623191814,134.65603829904373,149.34560386467504,141.17273090614887,151.600006,4.418369418917706
2023-03-08,152.869995,148.1683694189177,140.466828363569,152.18792623191814,135.78408368595066,150.59670720636285,141.17273090614887,152.869995,4.418369418917706
2023-03-09,150.589996,145.95849341213977,138.37181797122807,152.18792623191814,133.75891468519364,148.35061344653906,141.17273090614887,150.589996,2.2084934121397737
2023-03-10,148.5,145.95849341213977,138.37181797122807,152.18792623191814,131.90251250654958,146.29169720418244,141.17273090614887,148.5,2.2084934121397737
2023-03-13,150.470001,145.95849341213977,138.37181797122807,152.18792623191814,133.65233123746148,146.29169720418244,141.17273090614887,150.470001,2.2084934121397737
2023-03-14,152.589996,145.95849341213977,138.37181797122807,152.18792623191814,135.53537950009667,146.29169720418244,141.17273090614887,152.589996,2.2084934121397737
2023-03-15,152.990005,145.95849341213977,138.73455454627097,152.18792623191814,135.8906804571689,146.29169720418244,141.17273090614887,152.990005,2.2084934121397737
2023-03-16,155.850006,145.95849341213977,141.32806361071533,152.18792623191814,138.43102603071267,149.02647978227085,141.17273090614887,155.850006,2.2084934121397737
2023-03-17,155.0,145.16243572606385,140.55726029077522,151.35789321655406,137.67602315498442,148.21368929720788,140.4027747708465,155.0,1.4124357260638476
2023-03-20,157.399994,145.16243572606385,142.73362533177067,153.70149344605323,139.8077756034736,150.50860520063472,142.5767477839651,157.399994,1.4124357260638476
2023-03-21,159.279999,146.89627381615412,144.43845341004783,155.53732309790217,141.4776569706445,152.30629860029407,144.27970209740423,159.279999,3.146273816154121
2023-03-22,157.830002,145.55901139976874,143.1235656310166,154.12139734893236,140.18972264453703,150.9197863110045,142.96625950250487,157.830002,1.8090113997687354
2023-03-23,158.929993,146.5734801349883,144.1210606071747,154.12139734893236,141.166770298642,151.97161679038337,142.96625950250487,158.929993,2.8234801349883014
2023-03-24,160.25,147.79085903333473,145.3180707199789,155.40146613588797,142.33924329410488,153.23383038630683,144.15367831342198,160.25,4.040859033334726
2023-03-27,158.279999,145.9740219657121,143.5316323759138,153.49106960740644,140.58942456319298,151.3500812499895,142.38155419216696,158.279999,2.2240219657120974
2023-03-28,157.649994,145.39299868867434,142.96033059030418,153.49106960740644,140.02983370533647,150.74765953821085,142.38155419216696,157.649994,1.6429986886743393
2023-03-29,160.770004,145.39299868867434,145.78962128501271,153.49106960740644,142.80112769890928,153.7310672333346,142.38155419216696,160.770004,1.6429986886743393
2023-03-30,162.360001,146.83091886025062,147.23146400882274,155.00907877659554,144.21341456205997,155.25144995166684,143.78969152119808,162.360001,3.0809188602506197
2023-03-31,164.899994,146.83091886025062,149.53478308777593,157.43407244870693,146.46951865935995,157.68023532791898,146.03916680874752,164.899994,3.0809188602506197
2023-04-03,166.169998,146.83091886025062,150.6864494284103,158.64657644519676,147.597577369753,158.89463518767516,147.16391109469197,166.169998,3.0809188602506197
2023-04-04,165.630005,146.83091886025062,150.19677241772516,158.13103187165487,147.11793808735607,158.37828451203217,146.68568107242433,165.630005,3.0809188602506197
2023-04-05,163.759995,145.17315590493428,148.50100801568416,158.13103187165487,145.45693460309764,156.5901485047891,146.68568107242433,163.759995,1.4231559049342764
2023-04-14,165.210007,145.17315590493428,149.8159093970309,158.13103187165487,146.7448822526912,157.97667513733893,146.68568107242433,165.210007,1.4231559049342764
2023-04-17,165.229996,145.19072061706086,149.83403584268223,158.13103187165487,146.76263713028376,157.99578896595418,146.68568107242433,165.229996,1.4407206170608617
2023-04-18,166.470001,146.28033644879372,150.9584984591136,158.13103187165487,147.8640497566857,159.18150326141858,146.68568107242433,166.470001,2.5303364487937188
2023-04-19,167.630005,147.29965388966974,152.01041448599324,158.13103187165487,148.8944029022591,160.2907192126413,146.68568107242433,167.630005,3.5496538896697416
2023-04-20,166.649994,147.29965388966974,151.12171989751047,157.2065544746902,148.0239253724001,159.35361569095195,145.82811633636487,166.649994,3.5496538896697416
2023-04-21,165.020004,145.85892798815172,149.64361068008236,157.2065544746902,146.5761154305782,157.79499097212903,145.82811633636487,165.020004,2.10892798815172
2023-04-24,165.330002,145.85892798815172,149.92472338702186,157.2065544746902,146.85146570042338,158.09141643828875,145.82811633636487,165.330002,2.10892798815172
2023-04-25,163.770004,145.85892798815172,148.51008438741482,157.2065544746902,145.46582492126382,156.59971928424832,145.82811633636487,163.770004,2.10892798815172
2023-04-26,163.759995,145.85892798815172,148.51008438741482,157.2065544746902,145.45693460309764,156.59971928424832,145.82811633636487,163.759995,2.10892798815172
2023-04-27,168.410004,150.00063138692903,148.51008438741482,157.2065544746902,149.58722329183882,156.59971928424832,145.82811633636487,168.410004,6.2506313869290295
2023-04-28,169.679993,151.13179430676635,149.63000701125782,157.2065544746902,150.7152686787458,157.78064628484435,145.82811633636487,169.679993,7.381794306766352
2023-05-01,169.589996,151.13179430676635,149.55064437396098,157.2065544746902,150.63533042677238,157.69696060939944,145.82811633636487,169.589996,7.381794306766352
2023-05-02,168.539993,150.19607379753603,148.6247134290449,156.23322257002943,149.70268373425105,156.7205923940788,144.92523312833924,168.539993,6.44607379753603
2023-05-03,167.449997,149.22471313268173,147.66351519795913,156.23322257002943,148.73451396305853,155.7070358145008,144.92523312833924,167.449997,5.474713132681728
2023-05-05,173.570007,149.22471313268173,153.06036324715117,156.23322257002943,154.17050517898588,161.397860737329,144.92523312833924,173.570007,5.474713132681728
2023-05-08,173.5,149.22471313268173,152.99862852100208,156.1702081160837,154.10832269283742,161.33276319984583,144.8667795915158,173.5,5.474713132681728
2023-05-09,171.770004,147.7367698657037,151.47305494551608,154.61301021775523,152.57168418087593,159.72408864650473,143.4222899706155,171.770004,3.9867698657037067
2023-05-10,173.559998,149.2763165006272,153.05153694586664,154.61301021775523,154.1616148608197,161.38855365014246,143.4222899706155,173.559998,5.526316500627189
2023-05-11,173.75,149.43973433316108,153.21908763990842,154.78227030940027,154.3303807947003,161.56523115834705,143.57929920231066,173.75,5.689734333161084
2023-05-12,172.570007,149.43973433316108,152.1785267715258,153.73109335694443,153.28227277153437,160.46798890332414,142.604205285743,172.570007,5.689734333161084
2023-05-15,172.070007,149.0067514037081,151.73760853371311,153.73109335694443,152.8381565678086,160.0030529863217,142.604205285743,172.070007,5.256751403708108
2023-05-16,172.070007,149.0067514037081,151.73760853371311,153.73109335694443,152.8381565678086,160.0030529863217,142.604205285743,172.070007,5.256751403708108
2023-05-17,172.690002,149.0067514037081,152.28434273941846,153.73109335694443,153.3888562192665,160.57956887404552,142.604205285743,172.690002,5.256751403708108
2023-05-18,175.050003,151.04309443600192,154.36547770373082,153.73109335694443,155.4850855890845,162.7740673321689,142.604205285743,175.050003,7.2930944360019225
2023-05-19,175.160004,151.04309443600192,154.46248059788607,153.73109335694443,155.58279204213653,162.87635416378123,142.604205285743,175.160004,7.2930944360019225
2023-05-22,174.199997,151.04309443600192,153.6159114084304,152.88853271313263,154.73008271335624,161.98367069403372,141.82262825801155,174.199997,7.2930944360019225
2023-05-23,171.559998,151.04309443600192,151.2878639946159,152.88853271313263,152.38515004591667,159.5288099821327,141.82262825801155,171.559998,7.2930944360019225
2023-05-24,171.839996,151.28960740434488,151.2878639946159,152.88853271313263,152.63385334353828,159.7891722359104,141.82262825801155,171.839996,7.539607404344878
2023-05-25,172.990005,152.30208653709266,152.30033145990018,152.88853271313263,153.65532860619916,159.7891722359104,141.82262825801155,172.990005,8.552086537092663
2023-05-26,175.429993,154.45027575487705,154.44849592268622,152.88853271313263,155.82260502159198,159.7891722359104,141.82262825801155,175.429993,10.700275754877055
2023-05-30,177.300003,156.09665078588088,156.09485198142687,152.88853271313263,157.48360850585038,159.7891722359104,141.82262825801155,177.300003,12.346650785880882
2023-05-31,177.25,156.09665078588088,156.0508293601547,152.88853271313263,157.4391942207806,159.74410772466325,141.82262825801155,177.25,12.346650785880882
2023-06-01,180.089996,158.59771630828033,158.55116070672463,155.33819602117873,159.96177070501327,162.3036147879164,144.09498762028088,180.089996,14.847716308280326
2023-06-02,180.949997,159.35508316736357,159.30830524438647,156.07999738096333,160.72565146365395,163.07867877881802,144.78309821054614,180.949997,15.605083167363574
2023-06-05,179.580002,158.14858595386062,158.1021621923737,154.8982962505017,159.50877750660743,161.84398975843862,143.686927312942,179.580002,14.398585953860618
2023-06-06,179.210007,158.14858595386062,157.77641874182865,154.8982962505017,159.1801359570124,161.51053688883303,143.686927312942,179.210007,14.398585953860618
2023-06-14,183.949997,162.33151484541207,161.94950404878966,154.8982962505017,163.39034868600848,165.78238723113952,143.686927312942,183.949997,18.581514845412073
2023-06-15,186.009995,162.33151484541207,163.76312546701396,156.63295341648924,165.2201056688938,167.63893189926137,145.29603189417668,186.009995,18.581514845412073
2023-06-16,184.919998,161.3802709932365,162.80349254261296,155.71510247345194,164.25193500946887,166.6565871986263,144.44461399657092,184.919998,17.630270993236508
2023-06-20,185.009995,161.45881166166427,162.88272586554626,155.71510247345194,164.33187326144227,166.7376957484875,144.44461399657092,185.009995,17.70881166166427
2023-06-21,183.960007,160.54248379116729,161.95831684880034,155.71510247345194,163.39923989240708,165.79140860500877,144.44461399657092,183.960007,16.792483791167285
2023-06-22,187.0,160.54248379116729,164.63472547446503,155.71510247345194,166.09946019343283,168.5311601947082,144.44461399657092,187.0,16.792483791167285
2023-06-23,186.679993,160.54248379116729,164.35299143919815,155.44863229806572,165.81521960542148,168.24275831780753,144.19743064046824,186.679993,16.792483791167285
2023-06-26,185.270004,160.54248379116729,163.11163768552427,155.44863229806572,164.56282168147135,166.97202525881406,144.19743064046824,185.270004,16.792483791167285
2023-06-27,188.059998,162.96010432796209,165.56794729122163,155.44863229806572,167.04098476886662,169.4864687120562,144.19743064046824,188.059998,19.210104327962085
2023-06-28,189.25,163.99127976204076,166.61562457776742,156.43227680141172,168.09798311019873,170.55894153394934,145.10988003258734,189.25,20.24127976204076
2023-06-29,189.589996,164.28589735334313,166.91495692066806,156.71331430938199,168.39997857580263,170.86535822026786,145.37057635370522,189.589996,20.53589735334313
2023-06-30,193.970001,164.28589735334313,170.7711115770947,160.33378540344575,172.2904409616023,174.812777066838,148.72900171746812,193.970001,20.53589735334313
2023-07-03,192.460007,164.28589735334313,169.44171346127604,159.0856385110998,170.94921535574494,173.45191588658642,147.5711943294104,192.460007,20.53589735334313
2023-07-05,191.330002,164.28589735334313,168.4468575096195,158.15158696580534,169.9455082941627,172.43351453003123,146.70474841138545,191.330002,20.53589735334313
2023-07-17,193.990005,164.28589735334313,170.78872309072244,158.15158696580534,172.30820916268092,174.8308053947981,146.70474841138545,193.990005,20.53589735334313
2023-07-18,193.729996,164.06570141136692,170.55981127074443,158.15158696580534,172.07726074265187,174.59647588447154,146.70474841138545,193.729996,20.315701411366916
2023-07-19,195.100006,165.22593295130144,171.76596752875125,158.15158696580534,173.29414802318453,175.83117842339323,146.70474841138545,195.100006,21.475932951301445
2023-07-20,193.130005,163.55758214079455,170.03157943346022,158.15158696580534,171.54432929227264,174.0557423051326,146.70474841138545,193.130005,19.80758214079455
2023-07-21,191.940002,163.55758214079455,168.9839012665148,158.15158696580534,170.4873300627081,172.98326858200326,146.70474841138545,191.940002,19.80758214079455
2023-07-24,192.75,163.55758214079455,169.69702318290447,158.15158696580534,171.20679653627903,172.98326858200326,146.70474841138545,192.75,19.80758214079455
2023-07-25,193.619995,163.55758214079455,170.46296643418336,158.15158696580534,171.9795542895998,172.98326858200326,146.70474841138545,193.619995,19.80758214079455
2023-07-26,194.5,164.30095314476452,171.237722485473,158.15158696580534,172.76120324931918,172.98326858200326,146.70474841138545,194.5,20.55095314476452
2023-07-27,193.220001,163.2196932181612,170.1108118759939,158.15158696580534,171.62426665601365,171.8448705830228,146.70474841138545,193.220001,19.46969321816121
2023-07-28,195.830002,163.2196932181612,172.40865571622427,158.15158696580534,173.9425541276945,174.16613795568244,146.70474841138545,195.830002,19.46969321816121
2023-07-31,196.449997,163.2196932181612,172.95449906713625,158.15158696580534,174.49325377915238,174.71754547035854,146.70474841138545,196.449997,19.46969321816121
2023-08-01,195.610001,162.52178590577535,172.21496692350178,158.15158696580534,173.74714210982276,173.9704747573724,146.70474841138545,195.610001,18.771785905775346
2023-08-23,181.119995,150.48282245366943,159.45797141583677,158.15158696580534,160.87664919645587,161.08343825530122,146.70474841138545,181.119995,6.732822453669428
2023-08-24,176.380005,150.48282245366943,159.45797141583677,158.15158696580534,160.87664919645587,161.08343825530122,146.70474841138545,176.380005,6.732822453669428
2023-08-25,178.610001,152.38539691011303,159.45797141583677,158.15158696580534,160.87664919645587,161.08343825530122,146.70474841138545,178.610001,8.63539691011303
2023-08-28,180.190002,152.38539691011303,159.45797141583677,159.55061089592422,160.87664919645587,161.08343825530122,146.70474841138545,180.190002,8.63539691011303
2023-08-29,184.119995,155.70896390335255,159.45797141583677,163.03045315690994,160.87664919645587,164.59671189830425,146.70474841138545,184.119995,11.958963903352554
2023-08-30,187.649994,155.70896390335255,159.45797141583677,166.15611768136012,160.87664919645587,167.75240516455872,146.70474841138545,187.649994,11.958963903352554
2023-08-31,187.869995,155.70896390335255,159.64492006646904,166.35091924392245,160.87664919645587,167.94907821581714,146.70474841138545,187.869995,11.958963903352554
2023-09-01,189.460007,155.70896390335255,160.99605300626993,167.75880749030725,160.87664919645587,169.37049226201484,146.70474841138545,189.460007,11.958963903352554
2023-09-05,189.699997,155.70896390335255,161.19998756413668,167.9713084652998,160.87664919645587,169.58503476669216,146.70474841138545,189.699997,11.958963903352554
2023-09-06,182.910004,150.135622882472,155.4301045674565,161.95905740195252,160.87664919645587,163.51502307886594,146.70474841138545,182.910004,6.385622882472006
2023-10-06,177.490005,145.6867960928374,155.4301045674565,161.95905740195252,160.87664919645587,158.669737188585,146.70474841138545,177.490005,1.9367960928373975
2023-10-09,178.990005,146.91802144628338,155.4301045674565,161.95905740195252,160.87664919645587,160.01068371559015,146.70474841138545,178.990005,3.168021446283376
2023-10-10,178.389999,146.42552638000356,154.90907550038037,161.41614213584302,160.87664919645587,159.47429974100197,146.70474841138545,178.389999,2.6755263800035607
2023-10-11,179.800003,146.42552638000356,154.90907550038037,162.6919838722181,160.87664919645587,160.73479305224424,146.70474841138545,179.800003,2.6755263800035607
2023-10-12,180.710007,146.42552638000356,155.69310150699644,163.5154007444172,160.87664919645587,161.5483041878181,146.70474841138545,180.710007,2.6755263800035607
2023-10-13,178.850006,144.91840660277765,154.09059299458121,161.832379344833,160.87664919645587,159.88552960036736,146.70474841138545,178.850006,1.168406602777651
2023-10-16,178.720001,144.8130662794992,154.09059299458121,161.832379344833,160.87664919645587,159.76930976487182,146.70474841138545,178.720001,1.0630662794991963
2023-10-17,177.149994,144.8130662794992,154.09059299458121,161.832379344833,160.87664919645587,158.36577947552263,146.70474841138545,177.149994,1.0630662794991963
2023-10-18,175.839996,144.8130662794992,154.09059299458121,161.832379344833,160.87664919645587,157.19468796320018,146.70474841138545,175.839996,1.0630662794991963
2023-10-19,175.460007,144.50012625735266,154.09059299458121,161.832379344833,160.87664919645587,156.85499134330004,146.70474841138545,175.460007,0.7501262573526617
2023-11-02,177.570007,144.50012625735266,154.09059299458121,161.832379344833,160.87664919645587,156.85499134330004,146.70474841138545,177.570007,0.7501262573526617
2023-11-03,176.649994,143.75145255448794,153.29222985247284,161.832379344833,160.87664919645587,156.85499134330004,146.70474841138545,176.649994,0.0014525544879404606
2023-11-06,179.229996,145.85096598607902,153.29222985247284,164.19596766385908,160.87664919645587,159.14588409801874,146.70474841138545,179.229996,2.100965986079018
2023-11-07,181.820007,145.85096598607902,155.5074202245824,166.5687254158876,160.87664919645587,161.44566426661615,146.70474841138545,181.820007,2.100965986079018
2023-11-08,182.889999,145.85096598607902,156.4225653635931,167.54896519579913,160.87664919645587,162.3957553597265,146.70474841138545,182.889999,2.100965986079018
2023-11-09,182.410004,145.4681799682471,156.0120341717716,167.10923275559523,160.87664919645587,161.96954752430577,146.70474841138545,182.410004,1.7181799682471137
2023-11-10,186.399994,145.4681799682471,159.42460169863284,170.7645375797895,160.87664919645587,165.51242818191764,146.70474841138545,186.399994,1.7181799682471137
2023-11-13,184.800003,145.4681799682471,158.05615783539756,169.29875575553245,160.87664919645587,164.09172858962467,146.70474841138545,184.800003,1.7181799682471137
2023-11-14,187.440002,147.5462960040352,160.3141020553946,169.29875575553245,160.87664919645587,166.4358952149081,146.70474841138545,187.440002,3.796296004035213
2023-11-15,188.009995,147.99497480792377,160.80160693694526,169.81358239157444,161.36586474770962,166.94201607603162,147.15086812312794,188.009995,4.244974807923768
2023-11-16,189.710007,147.99497480792377,162.25559698365575,169.81358239157444,162.82495689045174,168.45152853909744,147.15086812312794,189.710007,4.244974807923768
2023-11-17,189.690002,147.97936867560713,162.23848706273492,169.81358239157444,162.80778693028935,168.43376525458908,147.15086812312794,189.690002,4.229368675607134
2023-11-20,191.449997,149.35236116981474,163.74377950317668,169.81358239157444,164.3183614884486,169.99653915702834,147.15086812312794,191.449997,5.602361169814742
2023-11-21,190.639999,149.35236116981474,163.0510026110986,169.81358239157444,163.6231536208354,169.27730771862767,147.15086812312794,190.639999,5.602361169814742
2023-11-22,191.309998,149.35236116981474,163.62404084689106,169.81358239157444,164.19820266551574,169.87222813139044,147.15086812312794,191.309998,5.602361169814742
2023-11-24,189.970001,148.30624900629638,162.47796523058838,169.81358239157444,163.04810543443855,168.68238819380716,147.15086812312794,189.970001,4.556249006296383
2023-11-27,189.789993,148.30624900629638,162.32400758774338,169.81358239157444,162.89360754946438,168.52255148709474,147.15086812312794,189.789993,4.556249006296383
2023-11-28,190.399994,148.30624900629638,162.8457306005712,169.81358239157444,163.417161304476,169.0641971413505,147.15086812312794,190.399994,4.556249006296383
2023-12-05,193.419998,150.6585887087021,165.42868634266353,169.81358239157444,166.0091807181329,171.74578625749126,147.15086812312794,193.419998,6.908588708702098
2023-12-06,192.320007,149.80178437944,164.4878835921705,169.81358239157444,165.0650766616986,170.7690577851274,147.15086812312794,192.320007,6.051784379439994
2023-12-07,194.270004,151.32067487186055,166.15568136601877,169.81358239157444,166.73872678950397,172.50054248902418,147.15086812312794,194.270004,7.570674871860547
2023-12-08,195.710007,152.44232114401228,167.38729033656324,169.81358239157444,167.97465751400773,173.77918197824673,147.15086812312794,195.710007,8.692321144012283
2023-12-11,193.179993,152.44232114401228,165.2234143321361,167.6183408327673,165.8031884017735,171.53267568021408,145.24859566312202,193.179993,8.692321144012283
2023-12-12,194.710007,152.44232114401228,166.53200811107865,167.6183408327673,167.1163740767484,172.89123973838852,145.24859566312202,194.710007,8.692321144012283
2023-12-13,197.960007,154.9868105174734,169.31167534390354,167.6183408327673,169.9057952478412,175.7770520179277,145.24859566312202,197.960007,11.236810517473401
2023-12-14,198.110001,155.1042437910374,169.43996254603292,167.74534499788066,170.0345326137295,175.910238026253,145.3586503059161,198.110001,11.35424379103739
2023-12-15,197.570007,154.68147179265807,168.97811527596457,167.28811679451104,169.5710647073101,175.430754544383,144.96244214571678,197.570007,10.931471792658073
2023-12-18,195.889999,154.68147179265807,167.54123429489266,167.28811679451104,168.1291416664469,173.9390044778833,144.96244214571678,195.889999,10.931471792658073
2023-12-19,196.940002,155.51059022777892,168.43928319749816,167.28811679451104,169.03034185041952,174.87134649356113,144.96244214571678,196.940002,11.76059022777892
2023-12-20,194.830002,155.51059022777892,166.6346377017257,167.28811679451104,167.21936379780234,172.99778836746032,144.96244214571678,194.830002,11.76059022777892
2024-01-11,185.589996,155.51059022777892,158.7318248065548,167.28811679451104,159.2888196878255,164.79319674351697,144.96244214571678,185.589996,11.76059022777892
2024-01-12,185.919998,155.51059022777892,158.7318248065548,167.28811679451104,159.57205493868793,164.79319674351697,144.96244214571678,185.919998,11.76059022777892
2024-01-16,183.630005,155.51059022777892,158.7318248065548,167.28811679451104,157.60659187534816,164.79319674351697,144.96244214571678,183.630005,11.76059022777892
2024-01-18,188.630005,159.74493608611996,158.7318248065548,167.28811679451104,161.89800906164479,164.79319674351697,144.96244214571678,188.630005,15.994936086119964
2024-01-19,191.559998,159.74493608611996,158.7318248065548,167.28811679451104,161.89800906164479,164.79319674351697,144.96244214571678,191.559998,15.994936086119964
2024-01-22,193.889999,159.74493608611996,160.6625270115689,169.32289171353838,161.89800906164479,164.79319674351697,144.96244214571678,193.889999,15.994936086119964
2024-01-23,195.179993,159.74493608611996,161.73145112801993,170.44943519437626,161.89800906164479,165.8896031395991,144.96244214571678,195.179993,15.994936086119964
2024-01-24,194.5,159.18839626534023,161.16799043229742,169.85560167176655,161.89800906164479,165.31165574256386,144.96244214571678,194.5,15.43839626534023
2024-01-25,194.169998,158.91830634686028,160.8945417989882,169.5674130431656,161.89800906164479,165.03117668334352,144.96244214571678,194.169998,15.168306346860277
2024-01-26,192.419998,157.48602000514126,159.44444419869762,168.0391492749106,161.89800906164479,163.54379674735642,144.96244214571678,192.419998,13.736020005141256
2024-01-29,191.729996,157.48602000514126,158.87268977332863,168.0391492749106,161.89800906164479,162.95734238701874,144.96244214571678,191.729996,13.736020005141256
2024-01-30,188.039993,154.45507076193036,158.87268977332863,168.0391492749106,161.89800906164479,159.8210930007718,144.96244214571678,188.039993,10.705070761930358
2024-03-14,173.0,154.45507076193036,158.87268977332863,168.0391492749106,161.89800906164479,147.03813081472262,144.96244214571678,173.0,10.705070761930358
2024-03-15,172.619995,154.45507076193036,158.87268977332863,168.0391492749106,161.89800906164479,147.03813081472262,144.96244214571678,172.619995,10.705070761930358
2024-03-18,173.720001,155.43932235206944,158.87268977332863,168.0391492749106,161.89800906164479,147.03813081472262,144.96244214571678,173.720001,11.68932235206944
2024-03-19,176.080002,155.43932235206944,158.87268977332863,170.32197542069184,161.89800906164479,147.03813081472262,144.96244214571678,176.080002,11.68932235206944
2024-03-20,178.669998,155.43932235206944,158.87268977332863,172.8272754550006,161.89800906164479,147.03813081472262,144.96244214571678,178.669998,11.68932235206944
2024-03-21,171.369995,155.43932235206944,158.87268977332863,165.7659912806798,161.89800906164479,147.03813081472262,144.96244214571678,171.369995,11.68932235206944
2024-04-11,175.039993,155.43932235206944,158.87268977332863,165.7659912806798,161.89800906164479,147.03813081472262,144.96244214571678,175.039993,11.68932235206944
2024-04-12,176.550003,155.43932235206944,158.87268977332863,165.7659912806798,161.89800906164479,147.03813081472262,144.96244214571678,176.550003,11.68932235206944
2024-04-15,172.690002,155.43932235206944,155.3991767120021,162.1417665214799,161.89800906164479,143.8233626338183,144.96244214571678,172.690002,11.68932235206944
2024-04-16,169.380005,155.43932235206944,155.3991767120021,162.1417665214799,161.89800906164479,141.06666048931402,144.96244214571678,169.380005,11.68932235206944
2024-04-29,173.5,159.22022453644422,155.3991767120021,162.1417665214799,161.89800906164479,141.06666048931402,144.96244214571678,173.5,15.47022453644422
2024-04-30,170.330002,156.31113062670315,152.5598967155831,162.1417665214799,161.89800906164479,141.06666048931402,144.96244214571678,170.330002,12.561130626703147
2024-05-01,169.300003,155.3659048511855,152.5598967155831,162.1417665214799,161.89800906164479,141.06666048931402,144.96244214571678,169.300003,11.61590485118549
2024-05-02,173.029999,158.7889065839811,152.5598967155831,162.1417665214799,161.89800906164479,141.06666048931402,144.96244214571678,173.029999,15.038906583981088
2024-05-03,183.380005,168.28706381322343,152.5598967155831,171.84047926520427,161.89800906164479,141.06666048931402,144.96244214571678,183.380005,24.537063813223426
2024-05-06,181.710007,168.28706381322343,151.17057009627567,170.27556897581945,161.89800906164479,139.78200003309996,144.96244214571678,181.710007,24.537063813223426
2024-05-07,182.399994,168.28706381322343,151.7445931226961,170.92213726862087,161.89800906164479,140.31277852157822,144.96244214571678,182.399994,24.537063813223426
2024-05-08,182.740005,168.60076696419063,152.02745952921717,171.24075244804263,161.89800906164479,140.57433493444688,144.96244214571678,182.740005,24.850766964190626
2024-05-09,184.570007,168.60076696419063,153.5498987728485,172.95559819001045,163.51929434276772,141.9820798564124,146.41413062001416,184.570007,24.850766964190626
2024-05-10,183.050003,168.60076696419063,152.28535712749695,171.531243250959,162.172650944319,140.8128035865683,145.20835473141628,183.050003,24.850766964190626
2024-05-13,186.279999,168.60076696419063,154.9724977247052,171.531243250959,165.0342570916816,143.2975060442536,145.20835473141628,186.279999,24.850766964190626
2024-05-14,187.429993,169.64161875421138,155.92921580235787,171.531243250959,166.05309113972072,144.18214891010336,145.20835473141628,187.429993,25.89161875421138
2024-05-15,189.720001,171.71428950376477,157.83434926528835,171.531243250959,168.08191748201637,145.9437574401817,145.20835473141628,189.720001,27.964289503764775
2024-05-16,189.839996,171.71428950376477,157.93417707806645,171.63973413977098,168.1882267250163,146.03606463542593,145.30019679569077,189.839996,27.964289503764775
2024-05-17,189.869995,171.7414242334285,157.95913423924424,171.63973413977098,168.2148042572531,146.05914162655162,145.30019679569077,189.869995,27.99142423342849
2024-05-20,191.039993,172.7997121575961,158.9324943067033,171.63973413977098,169.25136079453736,146.95917274302573,145.30019679569077,191.039993,29.049712157596105
2024-05-21,192.350006,172.7997121575961,160.02233748767642,171.63973413977098,170.41196323922304,147.96691161350722,145.30019679569077,192.350006,29.049712157596105
2024-05-22,190.899994,172.7997121575961,158.81602450411884,171.63973413977098,169.1273290622923,146.85147729715723,145.30019679569077,190.899994,29.049712157596105
2024-05-23,186.880005,172.7997121575961,155.4716625785219,171.63973413977098,165.5658307710467,143.7590658674936,145.30019679569077,186.880005,29.049712157596105
2024-05-24,189.979996,175.6661373403819,158.050647712584,171.63973413977098,168.31225934320864,146.1437608505531,145.30019679569077,189.979996,31.91613734038191
2024-05-28,189.990005,175.6661373403819,158.0589745310189,171.63973413977098,168.3211267894621,146.151460360676,145.30019679569077,189.990005,31.91613734038191
2024-05-29,190.289993,175.6661373403819,158.30854447893068,171.63973413977098,168.58690033993557,146.38222873341584,145.30019679569077,190.289993,31.91613734038191
2024-05-30,191.289993,175.6661373403819,159.14047758262748,171.63973413977098,169.47284761273795,147.1514874128957,145.30019679569077,191.289993,31.91613734038191
2024-05-31,192.25,176.54773453668548,159.93913918570811,171.63973413977098,170.32336319625915,147.88998113000716,145.30019679569077,192.25,32.79773453668548
2024-06-03,194.029999,178.18234983409803,161.41997927835533,171.63973413977098,171.90034845590012,149.25926081022266,145.30019679569077,194.029999,34.432349834098034
2024-06-04,194.350006,178.18234983409803,161.68620369507002,171.63973413977098,172.1838577848278,149.50542897246697,145.30019679569077,194.350006,34.432349834098034
2024-06-05,195.869995,179.5758934583878,162.950732861425,171.63973413977098,173.53048789406742,150.6746937034309,145.30019679569077,195.869995,35.82589345838781
2024-06-06,194.479996,179.5758934583878,161.79434667921956,170.42168612371552,172.29902207081938,149.60542490821257,144.26906832577984,194.479996,35.82589345838781
2024-06-07,196.889999,179.5758934583878,163.79930795492814,170.42168612371552,174.43415765611493,151.4593406335351,144.26906832577984,196.889999,35.82589345838781
2024-06-11,207.149994,188.93364539277422,172.3349374391917,179.30240965666087,183.5239722453311,159.3519308387053,151.7869713538415,207.149994,45.183645392774224
2024-06-12,213.070007,194.33306450577993,177.25999222820704,184.426583573358,188.76879161763577,163.90595222158905,156.1247983858103,213.070007,50.58306450577993
2024-06-13,214.240005,194.33306450577993,178.2333522956661,185.43929642283783,189.80534815492,164.80598333806313,156.98210206939163,214.240005,50.58306450577993
2024-06-14,212.490005,192.74567253906898,176.7774693641967,183.92455239200208,188.25494042751583,163.45978064897335,155.6998080430195,212.490005,48.99567253906898
2024-06-17,216.669998,196.53726528713068,180.25494391411755,187.5426206466793,191.9581938261989,166.67527654438848,158.76265378826366,216.669998,52.78726528713068
2024-06-18,214.289993,194.3784076769982,178.2749389676537,185.48256443690263,189.84963488719288,164.84443704093297,157.01873024870036,214.289993,50.628407676998194
2024-06-20,209.679993,190.1967636961196,174.43972735961148,185.48256443690263,185.76541795957385,161.29815452853072,157.01873024870036,209.679993,46.4467636961196
2024-06-21,207.490005,188.21026691989482,172.61780384571273,185.48256443690263,183.82520406350392,159.61348725157393,157.01873024870036,207.490005,44.46026691989482
2024-06-24,208.139999,188.7998642079007,173.15855537151702,185.48256443690263,184.40106447514182,160.11350077768378,157.01873024870036,208.139999,45.0498642079007
2024-06-25,209.070007,189.6434569097161,173.93225981341988,185.48256443690263,185.22500252642624,160.11350077768378,157.01873024870036,209.070007,45.89345690971609
2024-06-26,213.25,193.43504965777782,177.40973436334073,185.48256443690263,188.9282559251093,160.11350077768378,157.01873024870036,213.25,49.685049657777824
2024-06-27,214.100006,194.20607405552417,178.11688249308165,185.48256443690263,189.68131642267497,160.75170680976836,157.01873024870036,214.100006,50.45607405552417
2024-06-28,210.619995,194.20607405552417,175.22174614095266,185.48256443690263,186.59821016790264,158.13882641607623,157.01873024870036,210.619995,50.45607405552417
2024-07-01,216.75,194.20607405552417,180.3215002262795,185.48256443690263,192.02907137991767,162.7413894188181,157.01873024870036,216.75,50.45607405552417
2024-07-02,220.270004,194.20607405552417,183.24990807902464,185.48256443690263,195.14760932397115,165.3842975697745,157.01873024870036,220.270004,50.45607405552417
2024-07-03,221.550003,195.33461437454554,184.31478161982344,186.56041204522552,196.28162094721094,166.3453532362783,157.93117322345785,221.550003,51.58461437454554
2024-07-05,226.339996,195.33461437454554,188.29973536299934,190.59391714869304,200.52530218230348,169.94180129222485,161.34570359573752,226.339996,51.58461437454554
2024-07-08,227.820007,195.33461437454554,189.53100550773473,191.8401886822189,201.83651389147101,171.05303103384023,162.40072445084274,227.820007,51.58461437454554
2024-07-09,228.679993,195.33461437454554,190.2464563298505,192.56435632085856,202.59841614281925,171.69873030267865,163.0137625735989,228.679993,51.58461437454554
2024-07-10,232.979996,195.33461437454554,193.823771171546,196.18525598510143,206.40799207371134,174.92728145711965,166.07900522518395,232.979996,51.58461437454554
2024-07-11,227.570007,190.79878240086168,189.3230222318105,191.6296714067517,201.61502707327043,170.8653247023306,162.22251279310757,227.570007,47.04878240086168
2024-07-12,230.539993,190.79878240086168,191.79385190272654,191.6296714067517,204.24627807023168,173.09526540911003,162.22251279310757,230.539993,47.04878240086168
2024-07-15,234.399994,190.79878240086168,195.00511451492926,191.6296714067517,207.66603542919617,175.9934519184435,162.22251279310757,234.399994,47.04878240086168
2024-07-16,234.820007,191.14066794285762,195.35453723361226,191.97304578916132,208.03814480108772,176.30880831610884,162.51319353547044,234.820007,47.39066794285762
2024-07-17,228.880005,186.30557759273296,190.41285293378712,191.97304578916132,202.775616228747,171.84890437779026,162.51319353547044,228.880005,42.55557759273296
2024-08-12,217.529999,186.30557759273296,180.9704072152299,191.97304578916132,192.72010936675625,163.32703242230272,162.51319353547044,217.529999,42.55557759273296
2024-08-13,221.270004,186.30557759273296,180.9704072152299,191.97304578916132,196.03355659677354,166.13512289581286,162.51319353547044,221.270004,42.55557759273296
2024-08-14,221.720001,186.6844674082725,181.33844689012244,191.97304578916132,196.4322302116928,166.47299204005415,162.51319353547044,221.720001,42.934467408272496
2024-08-15,224.720001,186.6844674082725,183.79206108016734,191.97304578916132,199.09007203009998,168.7254680181693,162.51319353547044,224.720001,42.934467408272496
2024-08-16,226.050003,187.78935666564635,184.8798316734967,193.10923541941003,200.26838367482168,169.72406720345097,163.47502546616965,226.050003,44.03935666564635
2024-08-19,225.889999,187.78935666564635,184.74896897854205,192.9725477410469,200.12662856738422,169.60393214798353,163.35931364299975,225.889999,44.03935666564635
2024-08-20,226.509995,187.78935666564635,185.2560459729991,193.50219583630965,200.6759123327326,170.06944084682604,163.8076828557572,226.509995,44.03935666564635
2024-08-21,226.399994,187.78935666564635,185.1660793014927,193.4082245524191,200.6759123327326,169.98684931013648,163.8076828557572,226.399994,44.03935666564635
2024-08-22,224.529999,187.78935666564635,183.63666387905505,193.4082245524191,200.6759123327326,168.58280970457136,163.8076828557572,224.529999,44.03935666564635
2024-08-23,226.839996,189.72136064044517,185.52594435177542,193.4082245524191,200.6759123327326,170.31721395524403,163.8076828557572,226.839996,45.97136064044517
2024-08-26,227.179993,190.00572272204946,185.80401817303297,193.4082245524191,200.6759123327326,170.5724923136211,163.8076828557572,227.179993,46.255722722049455
2024-08-27,228.029999,190.71663921700718,186.49921376744075,193.4082245524191,200.6759123327326,171.21069834570568,163.8076828557572,228.029999,46.966639217007184
2024-08-28,226.490005,189.42863991260708,185.23969672377942,193.4082245524191,200.6759123327326,170.05443184855852,163.8076828557572,226.490005,45.67863991260708
2024-08-29,229.789993,192.1886391389214,187.93866251837204,193.4082245524191,200.6759123327326,172.53214641458126,163.8076828557572,229.789993,48.43863913892139
2024-08-30,229.0,191.5279155033222,187.29254984009333,192.7433081148315,199.9860103751157,171.9389996627882,163.24452986065586,229.0,47.77791550332219
2024-09-19,228.869995,191.419183683868,187.18622246916772,192.7433081148315,199.87247683241344,171.8413886162766,163.24452986065586,228.869995,47.669183683868
2024-09-20,228.199997,191.419183683868,186.63825026913383,192.7433081148315,199.28736667093176,171.8413886162766,163.24452986065586,228.199997,47.669183683868
2024-09-23,226.470001,191.419183683868,185.22333602436018,191.2821111102346,197.77655881938193,170.5386501462993,162.00696462229692,226.470001,47.669183683868
2024-09-24,227.369995,192.1798853928788,185.95941537414527,192.0422680914965,198.56252479938865,171.2163724107142,162.65078188495625,227.369995,48.42988539287879
2024-09-25,226.369995,191.33465563689063,185.14154397746364,191.19764359259773,197.68922344403882,170.46334265227702,161.93542460184176,226.369995,47.58465563689063
2024-09-26,227.520004,192.30667746334484,186.0821034444901,191.19764359259773,198.69352786240333,171.32933365174762,161.93542460184176,227.520004,48.55667746334484
2024-09-27,227.789993,192.53488019993432,186.3029197250088,191.42453028250796,198.9293096220329,171.53264340319834,162.12758697255282,227.789993,48.78488019993432
2024-09-30,233.0,192.53488019993432,190.56403542681986,191.42453028250796,203.4792157965151,175.45593371586438,162.12758697255282,233.0,48.78488019993432
2024-10-01,226.210007,186.9241055698339,185.01069436845134,185.84611302651433,197.5495057067991,170.34286692728418,157.40292954486816,226.210007,43.1741055698339
2024-10-02,226.779999,187.39510703521984,185.01069436845134,185.84611302651433,198.0472804929377,170.7720878653553,157.40292954486816,226.779999,43.64510703521984
2024-10-03,225.669998,187.39510703521984,185.01069436845134,185.84611302651433,197.07791511519798,169.93622408046028,157.40292954486816,225.669998,43.64510703521984
2024-10-04,226.800003,188.3334568814645,185.01069436845134,185.84611302651433,198.0647500132501,170.7871514726431,157.40292954486816,226.800003,44.583456881464514
2024-10-07,221.690002,184.09014056635078,185.01069436845134,185.84611302651433,193.602179214111,166.9391686539993,157.40292954486816,221.690002,40.34014056635078
2024-10-08,225.770004,187.47815145955738,185.01069436845134,185.84611302651433,197.1652504905411,166.9391686539993,157.40292954486816,225.770004,43.72815145955738
2024-10-09,229.539993,190.60872928752636,185.01069436845134,185.84611302651433,200.45758699389515,166.9391686539993,157.40292954486816,229.539993,46.85872928752636
2024-10-10,229.039993,190.60872928752636,184.6076911881549,185.84611302651433,200.0209363162202,166.9391686539993,157.40292954486816,229.039993,46.85872928752636
2024-10-11,227.550003,190.60872928752636,183.40674977093508,184.63711521647522,198.71972602976248,166.9391686539993,157.40292954486816,227.550003,46.85872928752636
2024-10-14,231.300003,193.74994100101608,183.40674977093508,184.63711521647522,201.99460611232442,169.6903085098511,157.40292954486816,231.300003,49.99994100101608
2024-10-15,233.850006,193.74994100101608,185.42874612229758,186.67267592381063,204.2215271883706,171.56108581274222,159.13824271971583,233.850006,49.99994100101608
2024-10-16,231.779999,192.03489407421938,183.78735722930614,185.0202759411011,202.41378726968694,170.04245147685094,157.7295736243748,231.779999,48.28489407421938
2024-10-17,232.149994,192.03489407421938,184.08074062533444,185.0202759411011,202.73690440465958,170.31389360777519,157.7295736243748,232.149994,48.28489407421938
2024-10-18,235.0,194.3924241817622,186.34062099934232,185.0202759411011,205.2258185072148,172.4047643000463,157.7295736243748,235.0,50.64242418176221
2024-10-21,236.479996,194.3924241817622,187.51416727047655,186.18550687008715,206.51830101992715,173.49054456194,158.72293165861217,236.479996,50.64242418176221
2024-10-22,235.860001,194.3924241817622,187.02254917125745,185.69737220633354,205.97685854611703,173.0356931072923,158.3067974160622,235.860001,50.64242418176221
2024-10-23,230.759995,190.18907250925233,182.97855646853247,185.69737220633354,201.52301639402467,169.29413850151008,158.3067974160622,230.759995,46.43907250925233
2024-10-24,230.570007,190.0324871292436,182.97855646853247,185.69737220633354,201.35709961612446,169.1547562191278,158.3067974160622,230.570007,46.282487129243606
2024-10-25,231.410004,190.7248005882578,182.97855646853247,185.69737220633354,202.09067013471426,169.7710093459267,158.3067974160622,231.410004,46.97480058825781
2024-10-28,233.399994,192.36492175571877,182.97855646853247,185.69737220633354,203.8285310988469,169.7710093459267,158.3067974160622,233.399994,48.61492175571877
2024-10-29,233.669998,192.36492175571877,183.19023146180916,185.69737220633354,204.06432595799677,169.96740545897646,158.3067974160622,233.669998,48.61492175571877
2024-10-30,230.100006,192.36492175571877,180.39146539687,185.69737220633354,200.94664710580867,167.37065669814794,158.3067974160622,230.100006,48.61492175571877
2024-11-18,228.020004,192.36492175571877,180.39146539687,185.69737220633354,199.13017854007828,167.37065669814794,158.3067974160622,228.020004,48.61492175571877
2024-11-19,228.279999,192.58426180025222,180.39146539687,185.69737220633354,199.35723252596244,167.37065669814794,158.3067974160622,228.279999,48.83426180025222
2024-11-20,229.0,192.58426180025222,180.39146539687,186.28306650400143,199.35723252596244,167.37065669814794,158.3067974160622,229.0,48.83426180025222
2024-11-21,228.520004,192.1805950957672,180.39146539687,185.89260743505096,199.35723252596244,167.01983903119387,158.3067974160622,228.520004,48.43059509576719
2024-11-22,229.869995,192.1805950957672,180.39146539687,186.99077539676625,199.35723252596244,168.00651536397373,158.3067974160622,229.869995,48.43059509576719
2024-11-25,232.869995,192.1805950957672,180.39146539687,189.43116491428592,199.35723252596244,170.19914405434247,158.3067974160622,232.869995,48.43059509576719
2024-11-26,235.059998,193.9879386300921,182.08793921864142,191.21265170246483,199.35723252596244,171.79976519094038,158.3067974160622,235.059998,50.23793863009209
2024-11-27,234.929993,193.88064941807733,181.98723155787593,191.10689742272308,199.35723252596244,171.70474762664324,158.3067974160622,234.929993,50.130649418077326
2024-11-29,237.330002,193.88064941807733,183.8463853766222,193.0592163579074,199.35723252596244,173.4588571568243,158.3067974160622,237.330002,50.130649418077326
2024-12-02,239.589996,193.88064941807733,185.5970773429622,194.89763824699318,199.35723252596244,175.11063305164473,158.3067974160622,239.589996,50.130649418077326
2024-12-03,242.649994,193.88064941807733,187.9674880235288,197.38683392793686,199.35723252596244,177.34711285406837,158.3067974160622,242.649994,50.130649418077326
2024-12-04,243.009995,193.88064941807733,188.24636082521516,197.6796814835024,199.6530034092973,177.61022902778888,158.54166494866385,243.009995,50.130649418077326
2024-12-05,243.039993,193.90458272057893,188.26959861151295,197.70408375175128,199.67764927127624,177.6321538529401,158.561235883864,243.039993,50.15458272057893
2024-12-06,242.839996,193.90458272057893,188.11467203153438,197.70408375175128,199.51333503505379,177.4859807995442,158.561235883864,242.839996,50.15458272057893
2024-12-09,246.75,193.90458272057893,191.14353520159466,197.70408375175128,202.72572982540947,180.34370978282973,158.561235883864,246.75,50.15458272057893
2024-12-10,247.770004,194.7061367225782,191.93367571012462,198.5213439594235,203.56374828670567,181.08920646106003,159.21668915578488,247.770004,50.95613672257821
2024-12-11,246.490005,193.70026976420837,190.94213149973146,198.5213439594235,202.51212222206215,180.1536856173789,159.21668915578488,246.490005,49.95026976420837
2024-12-12,247.960007,193.70026976420837,192.0808604927747,198.5213439594235,203.71985161738053,181.22807513741205,159.21668915578488,247.960007,49.95026976420837
2024-12-13,248.130005,193.70026976420837,192.21254851181098,198.5213439594235,203.85951917004056,181.3523226347805,159.21668915578488,248.130005,49.95026976420837
2024-12-16,251.039993,193.70026976420837,194.46675476799828,198.5213439594235,206.2503173101953,183.47916369392343,159.21668915578488,251.039993,49.95026976420837
2024-12-17,253.479996,193.70026976420837,196.35688971965985,198.5213439594235,208.25498352681612,185.26250388805204,159.21668915578488,253.479996,49.95026976420837
2024-12-20,254.490005,194.472082210364,197.1392876562168,199.31236631722373,209.08479026098118,186.00069545836226,159.85109933226894,254.490005,50.72208221036399
2024-12-23,255.270004,195.06812931112145,197.7435096068296,199.31236631722373,209.7256245731923,186.5707781869819,159.85109933226894,255.270004,51.31812931112145
2024-12-24,258.200012,195.06812931112145,200.01322424629853,201.6000884101352,212.13287081511444,188.7122513882519,161.68588208195834,258.200012,51.31812931112145
2024-12-26,259.019989,195.68761564742783,200.64841493551432,202.2403185728444,212.80655039268305,189.3115530867994,162.19935496487952,259.019989,51.93761564742783
2024-12-27,255.589996,195.68761564742783,197.9913896559329,199.56221299612528,209.98852472208102,186.8046527336114,160.05147960482748,255.589996,51.93761564742783
2024-12-30,252.199997,195.68761564742783,195.36534550926672,199.56221299612528,207.20335746217256,184.32698304437093,160.05147960482748,252.199997,51.93761564742783
2025-01-27,229.860001,178.35351333650246,178.0597900408595,199.56221299612528,188.84918524982515,167.99921098692988,160.05147960482748,229.860001,34.60351333650246
2025-01-28,238.259995,178.35351333650246,178.0597900408595,199.56221299612528,188.84918524982515,167.99921098692988,160.05147960482748,238.259995,34.60351333650246
2025-01-29,239.360001,178.35351333650246,178.0597900408595,199.56221299612528,188.84918524982515,167.99921098692988,160.05147960482748,239.360001,34.60351333650246
2025-01-30,237.589996,177.03463545776626,178.0597900408595,198.08650229534615,188.84918524982515,166.75690048308377,160.05147960482748,237.589996,33.28463545776626
2025-01-31,236.0,177.03463545776626,178.0597900408595,196.76087094888325,188.84918524982515,165.6409326005787,160.05147960482748,236.0,33.28463545776626
2025-02-03,228.009995,177.03463545776626,178.0597900408595,190.0993440730954,188.84918524982515,160.03300090700546,160.05147960482748,228.009995,33.28463545776626
2025-02-04,232.800003,180.7537589116297,178.0597900408595,190.0993440730954,188.84918524982515,160.03300090700546,160.05147960482748,232.800003,37.00375891162969
2025-02-05,232.470001,180.49753425020492,178.0597900408595,189.82987172372086,188.84918524982515,160.03300090700546,160.05147960482748,232.470001,36.74753425020492
2025-02-06,233.220001,181.07985949692636,178.0597900408595,190.4423051696724,188.84918524982515,160.03300090700546,160.05147960482748,233.220001,37.32985949692636
2025-02-14,244.600006,181.07985949692636,178.0597900408595,199.73496607246696,188.84918524982515,160.03300090700546,160.05147960482748,244.600006,37.32985949692636
2025-02-18,244.470001,181.07985949692636,177.96515119197792,199.6288068589457,188.84918524982515,159.94794330368342,160.05147960482748,244.470001,37.32985949692636
2025-02-19,244.869995,181.07985949692636,178.2563320828631,199.9554331306523,188.84918524982515,160.20964501502678,160.05147960482748,244.869995,37.32985949692636
2025-02-20,245.830002,181.7897787856333,178.95518179939893,200.73935365751578,188.84918524982515,160.83774312350243,160.05147960482748,245.830002,38.0397787856333
2025-02-21,245.550003,181.7897787856333,178.7513528462972,200.5107126542718,188.84918524982515,160.654549831917,160.05147960482748,245.550003,38.0397787856333
2025-02-24,247.100006,182.93730352212077,179.87969790750995,200.5107126542718,188.84918524982515,161.66866113780495,160.05147960482748,247.100006,39.18730352212077
2025-02-25,247.039993,182.93730352212077,179.83601065518943,200.5107126542718,188.84918524982515,161.62939678683256,160.05147960482748,247.039993,39.18730352212077
2025-02-26,240.360001,182.93730352212077,174.9732226592046,200.5107126542718,188.84918524982515,157.2589178842491,160.05147960482748,240.360001,39.18730352212077
2025-02-27,237.300003,182.93730352212077,174.9732226592046,200.5107126542718,188.84918524982515,155.25687107027872,160.05147960482748,237.300003,39.18730352212077
2025-03-24,220.729996,170.16329441297353,174.9732226592046,200.5107126542718,188.84918524982515,144.41571048069113,160.05147960482748,220.729996,26.413294412973528
2025-03-25,223.75,172.49145025537368,174.9732226592046,200.5107126542718,188.84918524982515,144.41571048069113,160.05147960482748,223.75,28.741450255373678
2025-03-26,221.529999,170.78002593332505,174.9732226592046,198.52128703369885,188.84918524982515,144.41571048069113,160.05147960482748,221.529999,27.03002593332505
2025-03-27,223.850006,170.78002593332505,174.9732226592046,200.60033175742132,188.84918524982515,144.41571048069113,160.05147960482748,223.850006,27.03002593332505
2025-03-28,217.899994,170.78002593332505,174.9732226592046,195.26830428738123,188.84918524982515,144.41571048069113,160.05147960482748,217.899994,27.03002593332505
2025-03-31,222.130005,170.78002593332505,174.9732226592046,195.26830428738123,188.84918524982515,144.41571048069113,160.05147960482748,222.130005,27.03002593332505
2025-04-01,223.190002,171.59498254015196,174.9732226592046,196.20011814449478,188.84918524982515,145.1048574505586,160.05147960482748,223.190002,27.84498254015196
2025-04-02,223.889999,171.59498254015196,174.9732226592046,196.81546602240192,188.84918524982515,145.55995384372417,160.05147960482748,223.889999,27.84498254015196
2025-04-14,202.520004,171.59498254015196,174.9732226592046,178.02969826320248,188.84918524982515,131.66645480520475,160.05147960482748,202.520004,27.84498254015196
2025-04-15,202.139999,171.59498254015196,174.9732226592046,178.02969826320248,188.84918524982515,131.66645480520475,160.05147960482748,202.139999,27.84498254015196
2025-04-16,194.270004,171.59498254015196,174.9732226592046,171.09839895522677,188.84918524982515,131.66645480520475,160.05147960482748,194.270004,27.84498254015196
2025-04-17,196.979996,171.59498254015196,174.9732226592046,173.48515595751454,188.84918524982515,131.66645480520475,160.05147960482748,196.979996,27.84498254015196
2025-04-21,193.160004,171.59498254015196,174.9732226592046,170.1207944927267,188.84918524982515,131.66645480520475,160.05147960482748,193.160004,27.84498254015196
2025-04-22,199.740005,171.59498254015196,174.9732226592046,170.1207944927267,188.84918524982515,131.66645480520475,160.05147960482748,199.740005,27.84498254015196
2025-04-23,204.600006,171.59498254015196,174.9732226592046,174.26011165833629,188.84918524982515,131.66645480520475,160.05147960482748,204.600006,27.84498254015196
2025-04-24,208.369995,174.75681625305793,174.9732226592046,177.47105342189957,188.84918524982515,131.66645480520475,160.05147960482748,208.369995,31.006816253057934
2025-04-25,209.279999,175.52002307569836,174.9732226592046,178.24611399863062,188.84918524982515,132.24147521799767,160.05147960482748,209.279999,31.77002307569836
2025-04-28,210.139999,175.52002307569836,174.9732226592046,178.97858560973197,188.84918524982515,132.7848987139404,160.05147960482748,210.139999,31.77002307569836
2025-04-29,211.210007,176.4137502563632,174.9732226592046,179.88992338141958,188.84918524982515,133.46102370004127,160.05147960482748,211.210007,32.66375025636319
2025-04-30,212.5,176.4137502563632,174.9732226592046,180.9886248360934,188.84918524982515,134.2761545207409,160.05147960482748,212.5,32.66375025636319
2025-05-01,213.320007,176.4137502563632,174.9732226592046,181.68703396214505,188.84918524982515,134.79430692845898,160.05147960482748,213.320007,32.66375025636319
2025-05-02,205.350006,169.8226302497106,174.9732226592046,181.68703396214505,188.84918524982515,129.75816064231094,160.05147960482748,205.350006,26.072630249710613
2025-05-05,198.889999,164.48026186345624,174.9732226592046,181.68703396214505,188.84918524982515,125.6761611216659,160.05147960482748,198.889999,20.730261863456235
2025-05-06,198.509995,164.16600193212025,174.9732226592046,181.68703396214505,188.84918524982515,125.43604123544237,160.05147960482748,198.509995,20.416001932120253
2025-05-07,196.25,164.16600193212025,174.9732226592046,181.68703396214505,188.84918524982515,125.43604123544237,160.05147960482748,196.25,20.416001932120253
2025-05-08,197.490005,165.2032842925067,174.9732226592046,181.68703396214505,188.84918524982515,125.43604123544237,160.05147960482748,197.490005,21.45328429250671
2025-05-09,198.529999,165.2032842925067,174.9732226592046,181.68703396214505,188.84918524982515,125.43604123544237,160.05147960482748,198.529999,21.45328429250671
2025-05-12,210.789993,175.40522497859126,174.9732226592046,181.68703396214505,188.84918524982515,125.43604123544237,160.05147960482748,210.789993,31.655224978591264
2025-05-13,212.929993,175.40522497859126,174.9732226592046,183.53157243925858,188.84918524982515,125.43604123544237,160.05147960482748,212.929993,31.655224978591264
2025-05-14,212.330002,174.91097071756695,174.4801856879569,183.01441987597735,188.84918524982515,125.0825894048358,160.05147960482748,212.330002,31.160970717566954
2025-05-15,211.449997,174.91097071756695,173.75704984111442,182.25591376263515,188.84918524982515,124.56418266507981,160.05147960482748,211.449997,31.160970717566954
2025-05-16,211.259995,174.7538014826188,173.60091748144401,182.09214460388353,188.84918524982515,124.45225339494257,160.05147960482748,211.259995,31.003801482618798
2025-05-19,208.779999,172.70235426630276,173.60091748144401,182.09214460388353,188.84918524982515,122.99129960380742,160.05147960482748,208.779999,28.952354266302763
2025-05-20,206.860001,172.70235426630276,173.60091748144401,182.09214460388353,188.84918524982515,121.86023795811448,160.05147960482748,206.860001,28.952354266302763
2025-05-21,202.089996,168.71999378394912,173.60091748144401,182.09214460388353,188.84918524982515,119.0502508095531,160.05147960482748,202.089996,24.96999378394912
2025-06-24,200.300003,167.22557241816654,173.60091748144401,182.09214460388353,188.84918524982515,119.0502508095531,160.05147960482748,200.300003,23.475572418166536
2025-06-25,201.559998,167.22557241816654,173.60091748144401,182.09214460388353,188.84918524982515,119.0502508095531,160.05147960482748,201.559998,23.475572418166536
2025-06-26,201.0,167.22557241816654,173.60091748144401,181.58623451355953,188.84918524982515,119.0502508095531,160.05147960482748,201.0,23.475572418166536
2025-06-27,201.080002,167.29213152386106,173.60091748144401,181.65850944855234,188.84918524982515,119.0502508095531,160.05147960482748,201.080002,23.54213152386106
2025-06-30,205.169998,167.29213152386106,173.60091748144401,185.35346951231114,188.84918524982515,119.05025080955309,160.05147960482748,205.169998,23.54213152386106
2025-07-01,207.820007,169.45290385163298,175.8431751127673,187.74752501349045,188.84918524982515,120.58792317477666,160.05147960482748,207.820007,25.702903851632982
2025-07-02,212.440002,169.45290385163298,179.75230109891507,191.92129364792564,188.84918524982515,123.268683368033,160.05147960482748,212.440002,25.702903851632982
2025-07-03,213.550003,169.45290385163298,180.691508555579,192.92408420462357,188.84918524982515,123.91276339307085,160.05147960482748,213.550003,25.702903851632982
2025-07-07,209.949997,166.59628262937386,177.64542798516973,189.67178801673194,188.84918524982515,121.82385360414597,160.05147960482748,209.949997,22.84628262937386
2025-07-08,210.009995,166.64389131671857,177.6961942177992,189.67178801673194,188.84918524982515,121.85866754876604,160.05147960482748,210.009995,22.893891316718566
2025-07-09,211.139999,166.64389131671857,178.65232685449052,189.67178801673194,188.84918524982515,122.51435434960032,160.05147960482748,211.139999,22.893891316718566
2025-07-10,212.410004,167.64625267029464,179.7269188287324,189.67178801673194,188.84918524982515,123.2512769759747,160.05147960482748,212.410004,23.896252670294643
2025-07-11,211.160004,167.64625267029464,178.66925372678216,189.67178801673194,188.84918524982515,122.52596228590028,160.05147960482748,211.160004,23.896252670294643
2025-07-21,212.479996,168.6942338606851,179.78614130538497,189.67178801673194,190.029709065956,123.29188995660486,160.05147960482748,212.479996,24.944233860685102
2025-07-22,214.399994,170.21857778821436,181.41071320971642,189.67178801673194,191.7468432348931,124.40597216005568,160.05147960482748,214.399994,26.46857778821436
2025-07-23,214.149994,170.21857778821436,181.19918018932637,189.45062221294845,191.52325782374461,124.2609092220408,159.8648524079013,214.149994,26.46857778821436
2025-07-24,213.759995,170.21857778821436,180.86918952364996,189.10560444370947,191.17446547669465,124.03461161898933,159.57371472720527,213.759995,26.46857778821436
2025-07-25,213.880005,170.21857778821436,180.97073383475802,189.10560444370947,191.28179541746238,124.104247631754,159.57371472720527,213.880005,26.46857778821436
2025-07-28,214.050003,170.21857778821436,181.1145745963591,189.10560444370947,191.43383170836003,124.20288926910061,159.57371472720527,214.050003,26.46857778821436
2025-07-29,211.270004,170.21857778821436,178.76232825575377,189.10560444370947,188.9475628307305,122.58978997862683,159.57371472720527,211.270004,26.46857778821436
2025-08-06,213.25,171.81384496654204,178.76232825575377,189.10560444370947,190.71835570965993,123.73868612669771,159.57371472720527,213.25,28.063844966542035
2025-08-07,220.029999,171.81384496654204,184.44583778359285,189.10560444370947,196.7819911656653,123.73868612669771,159.57371472720527,220.029999,28.063844966542035
2025-08-08,229.350006,179.09151730696271,192.2585747152689,197.1157192697092,205.11726155367242,128.9799960667647,166.33292094923303,229.350006,35.341517306962714
2025-08-11,227.179993,177.39702892423367,190.4395051901798,195.25069349194828,203.17652855846217,127.75964175726958,164.75914902272254,227.179993,33.647028924233666
2025-08-12,229.649994,179.325767599914,192.51004741552111,197.37354507675224,205.38555331495087,129.1487008849371,166.55048309871785,229.649994,35.575767599914
2025-08-13,233.330002,179.325767599914,195.59490930569606,200.5363416970335,208.67673772178978,131.21823393463612,169.21935802238602,233.330002,35.575767599914
2025-08-14,232.779999,179.325767599914,195.13385506500367,200.06363956444451,208.18484713423814,130.90892770868945,168.82047595075946,232.779999,35.575767599914
