trade_date,close_price,portfolio_value_A2C_Paper,portfolio_value_TA_RSI,portfolio_value_TA_MACD,portfolio_value_TA_SMA_Crossover,portfolio_value_TA_Stochastic,portfolio_value_TA_All_Signals,portfolio_value_Buy_and_Hold,pnl_A2C_Paper
2022-10-14,138.380005,138.380005,138.380005,138.380005,138.380005,138.380005,138.380005,138.380005,0.0
2022-10-17,142.410004,138.380005,138.380005,138.380005,138.380005,138.380005,138.380005,142.410004,0.0
2022-10-18,143.75,139.6820810337875,138.380005,139.6820810337875,138.380005,138.380005,138.380005,143.75,1.3020760337875004
2022-10-19,143.860001,139.6820810337875,138.380005,139.78896916314957,138.380005,138.380005,138.380005,143.860001,1.3020760337875004
2022-10-20,143.389999,139.6820810337875,138.380005,139.33226754610578,138.380005,137.92790658030088,138.380005,143.389999,1.3020760337875004
2022-10-21,147.270004,139.6820810337875,138.380005,143.10247396573362,138.380005,141.66011224947803,138.380005,147.270004,1.3020760337875004
2022-10-24,149.449997,141.74975232195484,138.380005,145.22077628837079,138.380005,143.7570637310783,138.380005,149.449997,3.369747321954833
2022-10-25,152.339996,144.49084734158671,138.380005,148.02899245884427,138.380005,146.53697526513977,138.380005,152.339996,6.110842341586704
2022-10-26,149.350006,141.65491324688665,135.6640089253385,145.12361489035584,138.380005,143.66088164444008,138.380005,149.350006,3.274908246886639
2022-10-27,144.800003,141.65491324688665,135.6640089253385,145.12361489035584,138.380005,139.28419991558332,138.380005,144.800003,3.274908246886639
2022-10-28,155.740005,141.65491324688665,135.6640089253385,145.12361489035584,138.380005,149.80746921168188,138.380005,155.740005,3.274908246886639
2022-10-31,153.339996,139.47196053228552,133.57337818215282,142.8872082468002,138.380005,147.4988827031913,138.380005,153.339996,1.0919555322855103
2022-11-01,150.649994,137.0252417207383,131.2301366024625,140.38057667001112,138.380005,144.9113497710178,138.380005,150.649994,-1.3547632792617037
2022-11-14,148.279999,137.0252417207383,131.2301366024625,140.38057667001112,138.380005,142.63163395237288,138.380005,148.279999,-1.3547632792617037
2022-11-15,150.039993,138.65164855175703,131.2301366024625,140.38057667001112,138.380005,144.32458527189894,138.380005,150.039993,0.27164355175702326
2022-11-16,148.789993,138.65164855175703,131.2301366024625,139.21105035020176,138.380005,143.12220097433453,138.380005,148.789993,0.27164355175702326
2022-11-17,150.720001,138.65164855175703,131.2301366024625,141.01680647295586,138.380005,144.97869002503347,138.380005,150.720001,0.27164355175702326
2022-11-18,151.289993,139.176000528515,131.72642194963623,141.5501029898205,138.380005,145.52696956946335,138.380005,151.289993,0.7959955285149931
2022-11-21,148.009995,139.176000528515,128.87056617243383,138.4812677978828,138.380005,142.37191509646922,138.380005,148.009995,0.7959955285149931
2022-11-22,150.179993,139.176000528515,128.87056617243383,138.4812677978828,138.380005,144.45925231322613,138.380005,150.179993,0.7959955285149931
2022-11-23,151.070007,140.00080139885722,128.87056617243383,138.4812677978828,138.380005,145.31536339979613,138.380005,151.070007,1.620796398857209
2022-11-25,148.110001,137.25768103780882,126.34552724069009,138.4812677978828,135.66864188289875,142.468111611719,138.380005,148.110001,-1.1223239621911887
2022-11-28,144.220001,137.25768103780882,126.34552724069009,138.4812677978828,132.1054050092154,138.72629167769855,138.380005,144.220001,-1.1223239621911887
2023-01-06,129.619995,137.25768103780882,126.34552724069009,138.4812677978828,132.1054050092154,124.68243731070163,138.380005,129.619995,-1.1223239621911887
2023-01-09,130.149994,137.81890952491344,126.34552724069009,138.4812677978828,132.1054050092154,124.68243731070163,138.380005,130.149994,-0.5610954750865744
2023-01-10,130.729996,137.81890952491344,126.34552724069009,139.0983973867271,132.1054050092154,124.68243731070163,138.380005,130.729996,-0.5610954750865744
2023-01-11,133.490005,137.81890952491344,126.34552724069009,142.03508246604846,132.1054050092154,124.68243731070163,138.380005,133.490005,-0.5610954750865744
2023-01-12,133.410004,137.73631419816292,126.34552724069009,141.94996037295718,132.1054050092154,124.68243731070163,138.380005,133.410004,-0.6436908018370957
2023-01-13,134.759995,139.13008362298575,126.34552724069009,143.3863681625398,132.1054050092154,125.94411307099554,138.380005,134.759995,0.7500786229857397
2023-01-17,135.940002,140.34835669123356,126.34552724069009,144.6419107895366,132.1054050092154,127.04692503705836,138.380005,135.940002,1.9683516912335506
2023-01-18,135.210007,139.5946889176902,126.34552724069009,143.8651867192603,132.1054050092154,126.36468567647319,138.380005,135.210007,1.214683917690195
2023-01-19,135.270004,139.5946889176902,126.34552724069009,143.92902429903054,132.1054050092154,126.42075772479822,138.380005,135.270004,1.214683917690195
2023-01-20,137.869995,142.27780360757959,126.34552724069009,143.92902429903054,132.1054050092154,128.85065956983442,138.380005,137.869995,3.897798607579574
2023-01-23,141.110001,145.62139506383068,129.31470313957223,147.31142017351365,132.1054050092154,131.87870718897173,138.380005,141.110001,7.241390063830664
2023-01-24,142.529999,147.08679147997734,130.6160043834776,148.79382340887008,132.1054050092154,133.20581015207728,138.380005,142.529999,8.706786479977325
2023-01-25,141.860001,146.39537313429977,130.00201110263205,148.0943807315689,132.1054050092154,132.57964283981713,138.380005,141.860001,8.015368134299763
2023-01-26,143.960007,148.5625179234378,131.92647889766323,148.0943807315689,132.1054050092154,134.54226826966942,138.380005,143.960007,10.182512923437798
2023-01-27,145.929993,150.59548587427935,133.7317949842184,150.12094257189904,132.1054050092154,136.38337949509116,138.380005,145.929993,12.215480874279336
2023-01-30,143.0,147.57181876944205,131.04671829007236,147.1068033819584,132.1054050092154,133.64506409452125,138.380005,143.0,9.191813769442035
2023-01-31,144.289993,147.57181876944205,132.22888157166093,147.1068033819584,132.1054050092154,134.85066687190925,138.380005,144.289993,9.191813769442035
2023-02-02,150.820007,154.2503556695715,138.21305573311707,147.1068033819584,132.1054050092154,140.95349302273527,138.380005,150.820007,15.87035066957148
2023-02-03,154.5,158.01404883205444,141.58544039032293,150.69619458718478,132.1054050092154,144.39274407415058,138.380005,154.5,19.63404383205443
2023-02-06,151.729996,155.18104205327785,139.0469793144462,147.99438836199852,129.73690986166105,141.80395133203814,135.89901362543677,151.729996,16.801037053277838
2023-02-07,154.649994,155.18104205327785,141.7228964844712,147.99438836199852,132.23365755367462,144.53292559683445,135.89901362543677,154.649994,16.801037053277838
2023-02-08,151.919998,152.4416716005297,139.22109916457592,147.99438836199852,129.89937129313392,141.98152356608068,135.89901362543677,151.919998,14.06166660052969
2023-02-09,150.869995,152.4416716005297,138.2588652670603,147.99438836199852,129.00156500461682,141.00021085115452,135.89901362543677,150.869995,14.06166660052969
2023-02-10,151.009995,152.4416716005297,138.38716275349816,147.99438836199852,129.12127216773197,141.1310521726457,135.89901362543677,151.009995,14.06166660052969
2023-02-13,153.850006,155.3086078202408,140.98977898746813,147.99438836199852,131.54962688220206,143.78527211756978,135.89901362543677,153.850006,16.928602820240798
2023-02-14,153.199997,154.6524362965255,140.39410383845404,147.99438836199852,130.99383592942124,143.17778614227595,135.89901362543677,153.199997,16.272431296525497
2023-02-15,155.330002,154.6524362965255,142.34606303559704,147.99438836199852,132.81509918635751,145.16844806358122,135.89901362543677,155.330002,16.272431296525497
2023-02-16,153.710007,153.0395078840338,140.8614824174409,147.99438836199852,131.42992057413807,143.6544317306595,135.89901362543677,153.710007,14.659502884033799
2023-02-17,152.550003,151.88456394272288,139.79844243559924,147.99438836199852,130.4380578024079,142.57031418569517,135.89901362543677,152.550003,13.504558942722866
2023-02-21,148.479996,151.88456394272288,136.06864480785364,147.99438836199852,126.95799357505942,138.76656351170809,135.89901362543677,148.479996,13.504558942722866
2023-03-06,153.830002,151.88456394272288,136.06864480785364,147.99438836199852,131.53252243869525,143.76657676189043,135.89901362543677,153.830002,13.504558942722866
2023-03-07,151.600006,149.68276997762877,134.09612625034276,147.99438836199852,129.62576176070863,143.76657676189043,135.89901362543677,151.600006,11.302764977628755
2023-03-08,152.869995,149.68276997762877,135.21948112198137,147.99438836199852,130.7116673348332,144.97094327791322,135.89901362543677,152.869995,11.302764977628755
2023-03-09,150.589996,147.45030725094247,133.2027329580357,147.99438836199852,128.76215153343773,142.8087556903314,135.89901362543677,150.589996,9.070302250942461
2023-03-10,148.5,147.45030725094247,133.2027329580357,147.99438836199852,126.97509801856626,140.82675332572697,135.89901362543677,148.5,9.070302250942461
2023-03-13,150.470001,147.45030725094247,133.2027329580357,147.99438836199852,128.65954966888054,140.82675332572697,135.89901362543677,150.470001,9.070302250942461
2023-03-14,152.589996,149.5277573210097,133.2027329580357,147.99438836199852,130.4722538636541,140.82675332572697,135.89901362543677,152.589996,11.147752321009676
2023-03-15,152.990005,149.91973877619117,133.55191896894436,147.99438836199852,130.81428202515784,140.82675332572697,135.89901362543677,152.990005,11.539733776191156
2023-03-16,155.850006,152.72234410207275,136.04854364585123,147.99438836199852,133.25972921241845,143.45937403410812,135.89901362543677,155.850006,14.342339102072742
2023-03-17,155.0,151.88939637141416,135.30653483007845,147.1872269039872,132.53293059176949,142.67694654619876,135.1578203464599,155.0,13.509391371414154
2023-03-20,157.399994,151.88939637141416,137.40159851880736,149.46624923589823,134.58504825772215,144.88613245361293,137.2505813650701,157.399994,13.509391371414154
2023-03-21,159.279999,153.70358211163244,139.04274020921525,151.25149260696682,136.19254872338138,146.61667034323608,138.8899192879117,159.279999,15.323577111632432
2023-03-22,157.830002,152.30434972620833,137.77697201835068,149.87458268794038,134.952727099128,145.2819532821964,137.62554229417682,157.830002,13.924344726208318
2023-03-23,158.929993,152.30434972620833,138.73720408644274,149.87458268794038,135.8932756852865,146.2944910699919,137.62554229417682,158.929993,13.924344726208318
2023-03-24,160.25,153.5693268647214,139.88949810658113,151.11937918315044,137.02194920858747,147.50955280018292,138.76860330977198,160.25,15.189321864721393
2023-03-27,158.279999,151.6814533702264,138.16979482321474,149.2616236255206,135.33749755827318,145.69617391390577,137.06267952013795,158.279999,13.301448370226382
2023-03-28,157.649994,151.6814533702264,137.61983486530747,149.2616236255206,134.7988110489992,145.11625656094552,137.06267952013795,157.649994,13.301448370226382
2023-03-29,160.770004,151.6814533702264,140.34343319908294,149.2616236255206,137.4665792346484,147.9882146254204,137.06267952013795,160.770004,13.301448370226382
2023-03-30,162.360001,153.18156564125863,141.7314137439876,150.73780405641557,138.82610802201694,149.4518011865663,138.41821378540413,162.360001,14.801560641258618
2023-03-31,164.899994,155.5779693248102,143.94868891381114,153.09597703486156,140.99793199603357,151.7898556735903,140.5836565787152,164.899994,17.197964324810187
2023-04-03,166.169998,156.7761782426006,145.05733304581332,154.27507048721296,142.08385039592562,152.9588898208255,141.66638436941236,166.169998,18.396173242600582
2023-04-04,165.630005,156.26671179356234,144.5859486479908,153.7737317429133,141.62212875212538,152.46182819246218,141.20601934073377,165.630005,17.886706793562325
2023-04-05,163.759995,156.26671179356234,142.95353204671596,153.7737317429133,140.0231745228614,150.74049066465017,141.20601934073377,163.759995,17.886706793562325
2023-04-14,165.210007,156.26671179356234,144.21931333176133,153.7737317429133,141.26300897288226,152.07522153313627,141.20601934073377,165.210007,17.886706793562325
2023-04-17,165.229996,156.2856187312156,144.2367626370821,153.7737317429133,141.2801005906216,152.09362133626217,141.20601934073377,165.229996,17.905613731215595
2023-04-18,166.470001,157.4584986764212,145.31921928044966,153.7737317429133,142.34036831061158,153.2350415111139,141.20601934073377,166.470001,19.078493676421175
2023-04-19,167.630005,157.4584986764212,146.33183941999178,153.7737317429133,143.33223108234176,154.3028210511228,141.20601934073377,167.630005,19.078493676421175
2023-04-20,166.649994,156.53795309303126,145.47634333931202,152.87472831796498,142.4942715349729,153.40072442491834,140.3804902105513,166.649994,18.15794809303125
2023-04-21,165.020004,156.53795309303126,144.05345108958508,152.87472831796498,141.1005466863582,151.90032445007424,140.3804902105513,165.020004,18.15794809303125
2023-04-24,165.330002,156.53795309303126,144.32406241335445,152.87472831796498,141.36561083743942,152.18567650217378,140.3804902105513,165.330002,18.15794809303125
2023-04-25,163.770004,156.53795309303126,142.96226935708444,152.87472831796498,140.031732729973,150.74970391341134,140.3804902105513,163.770004,18.15794809303125
2023-04-26,163.759995,156.53795309303126,142.96226935708444,152.87472831796498,140.0231745228614,150.74970391341134,140.3804902105513,163.759995,18.15794809303125
2023-04-27,168.410004,156.53795309303126,142.96226935708444,152.87472831796498,143.99917013607498,150.74970391341134,140.3804902105513,168.410004,18.15794809303125
2023-04-28,169.679993,157.71841431141985,144.04035560603754,152.87472831796498,145.08507571019956,151.886515629913,140.3804902105513,169.679993,19.338409311419838
2023-05-01,169.589996,157.63476164334847,143.96395767806573,152.87472831796498,145.00812367049335,151.80595615731127,140.3804902105513,169.589996,19.254756643348458
2023-05-02,168.539993,156.65877852798948,143.07261626041603,151.92821657113973,144.11031738197624,150.86606162849105,139.51133554730956,168.539993,18.278773527989472
2023-05-03,167.449997,156.65877852798948,142.14732501851245,151.92821657113973,143.17831503221296,149.89036796205775,139.51133554730956,167.449997,18.278773527989472
2023-05-05,173.570007,156.65877852798948,147.34256578394852,151.92821657113973,148.41123671318672,155.36860365788445,139.51133554730956,173.570007,18.278773527989472
2023-05-08,173.5,156.5955924320852,147.28313725029156,151.86693848029137,148.351377146271,155.30593793571117,139.45506562927204,173.5,18.215587432085186
2023-05-09,171.770004,155.03415295931782,145.81455374417945,150.3526491655758,146.8721420508385,153.75735781233925,138.06453706605373,171.770004,16.65414795931781
2023-05-10,173.559998,155.03415295931782,147.33406920227281,150.3526491655758,148.40267850607518,155.35964425077898,138.06453706605373,173.559998,16.65414795931781
2023-05-11,173.75,155.20387409016604,147.49536079099803,150.51724529588202,148.56513993754805,155.52972170795283,138.21568098443302,173.75,16.823869090166028
2023-05-12,172.570007,154.14983388873137,146.49367162112264,149.49503352132996,147.55618554807856,154.4734685689178,137.277013151041,172.570007,15.769828888731354
2023-05-15,172.070007,154.14983388873137,146.0692245397097,149.49503352132996,147.12865996552446,154.02590102443452,137.277013151041,172.070007,15.769828888731354
2023-05-16,172.070007,154.14983388873137,146.0692245397097,149.49503352132996,147.12865996552446,154.02590102443452,137.277013151041,172.070007,15.769828888731354
2023-05-17,172.690002,154.14983388873137,146.59553467619094,149.49503352132996,147.6587874126357,154.58088030391835,137.277013151041,172.690002,15.769828888731354
2023-05-18,175.050003,156.25646286501245,148.59892574935418,149.49503352132996,149.6767090173422,156.6934000090147,137.277013151041,175.050003,17.87645786501244
2023-05-19,175.160004,156.35465404968562,148.69230495615918,149.49503352132996,149.77076550055526,156.79186576393613,137.277013151041,175.160004,17.97464904968561
2023-05-22,174.199997,156.35465404968562,147.87736061758721,148.6756896336368,148.94991039669324,155.93252981258254,136.5246330953515,174.199997,17.97464904968561
2023-05-23,171.559998,153.98510102187177,145.63628087662104,148.6756896336368,146.6925761758588,153.56937407284573,136.5246330953515,171.559998,15.60509602187176
2023-05-24,171.839996,153.98510102187177,145.63628087662104,148.6756896336368,146.93198879198675,153.8200101074862,136.5246330953515,171.839996,15.60509602187176
2023-05-25,172.990005,153.98510102187177,146.61092611424453,148.6756896336368,147.91530532732165,153.8200101074862,136.5246330953515,172.990005,15.60509602187176
2023-05-26,175.429993,153.98510102187177,148.67884269929604,148.6756896336368,150.00161990957164,153.8200101074862,136.5246330953515,175.429993,15.60509602187176
2023-05-30,177.300003,155.62651748571392,150.26369667940256,148.6756896336368,151.60057413883564,153.8200101074862,136.5246330953515,177.300003,17.246512485713907
2023-05-31,177.25,155.5826269463898,150.22131858860772,148.6756896336368,151.55781901542673,153.77662904806567,136.5246330953515,177.25,17.202621946389797
2023-06-01,180.089996,158.07545649898353,152.62824633984255,151.05785247627023,153.98616090412932,156.24052191909524,138.71210509474372,180.089996,19.695451498983516
2023-06-02,180.949997,158.83032936079746,153.357106617459,151.77921350171798,154.72150576117352,156.9866322421303,139.3745102907191,180.949997,20.450324360797453
2023-06-05,179.580002,157.62780512382474,152.19602083263646,150.6300741425099,153.55008994023115,155.79806686603607,138.3192884869534,179.580002,19.24780012382473
2023-06-06,179.210007,157.62780512382474,151.88244601305286,150.6300741425099,153.2337252843969,155.47707062420452,138.3192884869534,179.210007,19.24780012382473
2023-06-14,183.949997,157.62780512382474,155.89963951317594,150.6300741425099,157.2866592564981,159.58933964491845,138.3192884869534,183.949997,19.24780012382473
2023-06-15,186.009995,159.3930291988187,157.6455104065463,152.31693283527423,159.04806294651866,161.37653032636138,139.8682825738875,186.009995,21.013024198818698
2023-06-16,184.919998,158.4590045317699,156.7217259969687,151.42437327233432,158.1160597417042,160.4308825727224,139.0486706578682,184.919998,20.07899953176988
2023-06-20,185.009995,158.4590045317699,156.79799944130733,151.42437327233432,158.19301178141046,160.50896119209867,139.0486706578682,185.009995,20.07899953176988
2023-06-21,183.960007,157.55970147924936,155.90812309793796,151.42437327233432,157.29521831866083,159.59802401195242,139.0486706578682,183.960007,19.179696479249344
2023-06-22,187.0,157.55970147924936,158.48455049968769,151.42437327233432,159.8945678752316,162.23542810712712,139.0486706578682,187.0,19.179696479249344
2023-06-23,186.679993,157.2900747017559,158.21334105823448,151.16524568186503,159.6209455170388,161.9577999111791,138.81072120358365,186.679993,18.9100697017559
2023-06-26,185.270004,157.2900747017559,157.01835991986815,151.16524568186503,158.41533277979906,160.73453697512917,138.81072120358365,185.270004,18.9100697017559
2023-06-27,188.059998,157.2900747017559,159.38291042781907,151.16524568186503,160.80092040014392,163.15504965430733,138.81072120358365,188.059998,18.9100697017559
2023-06-28,189.25,158.28537144463493,160.39145017147538,152.1217858637484,161.818432996725,164.1874586592182,139.68908469188756,189.25,19.90536644463492
2023-06-29,189.589996,158.56973811913795,160.67960050961278,152.3950793839943,162.10914697265713,164.48242869459102,139.940042314286,189.589996,20.18973311913794
2023-06-30,193.970001,162.2330972649998,164.39170277491428,155.91578840746666,165.8542753510868,168.28238584050735,143.17300870475304,193.970001,23.853092264999788
2023-07-03,192.460007,160.97016484138462,163.11196630246923,154.70203419915202,164.56315322208044,166.97236165318546,142.05845293328545,192.460007,22.590159841384605
2023-07-05,191.330002,160.97016484138462,162.15427467419437,153.7937204415036,163.59694113025236,165.99200419362293,141.22437439089572,191.330002,22.590159841384605
2023-07-17,193.990005,160.97016484138462,164.40865638426294,153.7937204415036,165.87137979459365,168.29974069346915,141.22437439089572,193.990005,22.590159841384605
2023-07-18,193.729996,160.75441304741852,164.18829590570212,153.7937204415036,165.64905879620503,168.07416491043864,141.22437439089572,193.729996,22.374408047418513
2023-07-19,195.100006,161.89122798556107,165.34939440318917,153.7937204415036,166.82048744291492,169.2627433000699,141.22437439089572,195.100006,23.511222985561062
2023-07-20,193.130005,160.25654899419916,163.67979695415744,153.7937204415036,165.1360357926006,167.55363123800322,141.22437439089572,193.130005,21.876543994199153
2023-07-21,191.940002,160.25654899419916,162.67125636299014,153.7937204415036,164.11852234096835,166.5212213655232,141.22437439089572,191.940002,21.876543994199153
2023-07-24,192.75,160.25654899419916,163.35773854981178,153.7937204415036,164.81111207460367,166.5212213655232,141.22437439089572,192.75,21.876543994199153
2023-07-25,193.619995,160.97988178974887,164.09506885201486,153.7937204415036,165.55500231299195,166.5212213655232,141.22437439089572,193.619995,22.599876789748862
2023-07-26,194.5,161.7115371173631,164.84088273897999,153.7937204415036,166.307451613543,166.5212213655232,141.22437439089572,194.5,23.331532117363082
2023-07-27,193.220001,160.64731806441353,163.75606955098505,153.7937204415036,165.21298697725567,165.42534991654298,141.22437439089572,193.220001,22.267313064413514
2023-07-28,195.830002,160.64731806441353,165.96807401776974,153.7937204415036,167.44467137323923,167.65990289487326,141.22437439089572,195.830002,22.267313064413514
2023-07-31,196.449997,161.15592518766394,166.49352657866308,153.7937204415036,167.9747988203505,168.1907117619196,141.22437439089572,196.449997,22.775920187663928
2023-08-01,195.610001,160.46684229328275,165.7816207579062,153.7937204415036,167.25655926186425,167.47154898627872,141.22437439089572,195.610001,22.08683729328274
2023-08-23,181.119995,160.46684229328275,153.5011817865277,153.7937204415036,154.86686274913959,155.0659268952054,141.22437439089572,181.119995,22.08683729328274
2023-08-24,176.380005,156.26735439134387,153.5011817865277,153.7937204415036,154.86686274913959,155.0659268952054,141.22437439089572,176.380005,17.88734939134386
2023-08-25,178.610001,156.26735439134387,153.5011817865277,153.7937204415036,154.86686274913959,155.0659268952054,141.22437439089572,178.610001,17.88734939134386
2023-08-28,180.190002,157.64971022149516,153.5011817865277,155.15419427124897,154.86686274913959,155.0659268952054,141.22437439089572,180.190002,19.269705221495144
2023-08-29,184.119995,157.64971022149516,153.5011817865277,158.5381494887346,154.86686274913959,158.4479569771889,141.22437439089572,184.119995,19.269705221495144
2023-08-30,187.649994,160.67221366785995,153.5011817865277,161.57768633619696,154.86686274913959,161.48576462910373,141.22437439089572,187.649994,22.29220866785994
2023-08-31,187.869995,160.86058589705993,153.68114669233108,161.7671201422628,154.86686274913959,161.67509066608815,141.22437439089572,187.869995,22.480580897059923
2023-09-01,189.460007,162.22200745830156,154.98180605208978,163.13621403206483,154.86686274913959,163.04340567700922,141.22437439089572,189.460007,23.84200245830155
2023-09-05,189.699997,162.42749493920257,155.1781223313056,163.3428595433022,154.86686274913959,163.24993362740895,141.22437439089572,189.699997,24.047489939202563
2023-09-06,182.910004,156.6136753762812,149.62378189353157,157.49627604072575,154.86686274913959,157.40667625202494,141.22437439089572,182.910004,18.233670376281196
2023-10-06,177.490005,156.6136753762812,149.62378189353157,157.49627604072575,154.86686274913959,152.74239322090492,141.22437439089572,177.490005,18.233670376281196
2023-10-09,178.990005,157.93724575459305,149.62378189353157,157.49627604072575,154.86686274913959,154.0332466964646,141.22437439089572,178.990005,19.55724075459304
2023-10-10,178.389999,157.4078123089868,149.12221664200362,156.9683208032135,154.86686274913959,153.5169001428268,141.22437439089572,178.389999,19.02780730898678
2023-10-11,179.800003,158.65197199412094,149.12221664200362,158.20900672420964,154.86686274913959,154.73030585212888,141.22437439089572,179.800003,20.27196699412093
2023-10-12,180.710007,159.45494155315114,149.87695419132996,159.00973434686188,154.86686274913959,155.5134270695777,141.22437439089572,180.710007,21.074936553151133
2023-10-13,178.850006,157.81371340166422,148.3343097672565,157.37308859710606,154.86686274913959,153.9127678993147,141.22437439089572,178.850006,19.433708401664205
2023-10-16,178.720001,157.81371340166422,148.3343097672565,157.37308859710606,154.86686274913959,153.80088962858792,141.22437439089572,178.720001,19.433708401664205
2023-10-17,177.149994,156.4273624988539,148.3343097672565,157.37308859710606,154.86686274913959,152.4497903001859,141.22437439089572,177.149994,18.0473574988539
2023-10-18,175.839996,156.4273624988539,148.3343097672565,157.37308859710606,154.86686274913959,151.32244665266842,141.22437439089572,175.839996,18.0473574988539
2023-10-19,175.460007,156.4273624988539,148.3343097672565,157.37308859710606,154.86686274913959,150.99543990511876,141.22437439089572,175.460007,18.0473574988539
2023-11-02,177.570007,156.4273624988539,148.3343097672565,157.37308859710606,154.86686274913959,150.99543990511876,141.22437439089572,177.570007,18.0473574988539
2023-11-03,176.649994,155.61689225398501,147.56577066745288,157.37308859710606,154.86686274913959,150.99543990511876,141.22437439089572,176.649994,17.236887253985003
2023-11-06,179.229996,157.88970236938795,147.56577066745288,159.67154824679454,154.86686274913959,153.200752954527,141.22437439089572,179.229996,19.509697369387936
2023-11-07,181.820007,160.17132974789575,149.6982093093205,161.9789246657854,154.86686274913959,155.41462141525335,141.22437439089572,181.820007,21.791324747895743
2023-11-08,182.889999,161.11392151371615,150.57916784088243,162.93215394137877,154.86686274913959,156.3292204428364,141.22437439089572,182.889999,22.73391651371614
2023-11-09,182.410004,160.69107785260937,150.18397265217348,162.50453832730088,154.86686274913959,155.91893423486033,141.22437439089572,182.410004,22.311072852609357
2023-11-10,186.399994,160.69107785260937,153.46905864472927,166.05912123757014,154.86686274913959,159.32946531739762,141.22437439089572,186.399994,22.311072852609357
2023-11-13,184.800003,159.31176301022546,152.15173503682166,164.63372902726772,154.86686274913959,157.96183807089326,141.22437439089572,184.800003,20.93175801022545
2023-11-14,187.440002,159.31176301022546,154.32533039301583,164.63372902726772,154.86686274913959,160.2184348662154,141.22437439089572,187.440002,20.93175801022545
2023-11-15,188.009995,159.7962198431564,154.7946238048176,165.13436961683325,155.33780292603402,160.70564882999193,141.65382863744546,188.009995,21.416214843156382
2023-11-16,189.710007,161.24111904273354,156.19429789131323,165.13436961683325,156.7423885121774,162.15877121042053,141.65382863744546,189.710007,22.861114042733533
2023-11-17,189.690002,161.2241160989381,156.17782713693012,165.13436961683325,156.72585996140788,162.14167149981822,141.65382863744546,189.690002,22.8441110989381
2023-11-20,191.449997,161.2241160989381,157.62688713995476,165.13436961683325,158.1800047607884,163.646065659355,141.65382863744546,191.449997,22.8441110989381
2023-11-21,190.639999,160.54199954820288,156.9599899588094,165.13436961683325,157.51076741681376,162.95370218080166,141.65382863744546,190.639999,22.16199454820287
2023-11-22,191.309998,160.54199954820288,157.51162149922087,165.13436961683325,158.06433464935714,163.5263984569249,141.65382863744546,191.309998,22.16199454820287
2023-11-24,189.970001,159.41751154434752,156.40835924172978,165.13436961683325,156.95720101049142,162.3810067594503,141.65382863744546,189.970001,21.037506544347508
2023-11-27,189.789993,159.41751154434752,156.26015291556158,165.13436961683325,156.8084746237421,162.22714099058737,141.65382863744546,189.789993,21.037506544347508
2023-11-28,190.399994,159.9298928344378,156.76238618946576,165.13436961683325,157.31247024973356,162.74855266602484,141.65382863744546,190.399994,21.549887834437783
2023-12-05,193.419998,162.46659940639057,159.24885177906935,165.13436961683325,159.80766092397317,165.32996703332574,141.65382863744546,193.419998,24.08659440639056
2023-12-06,192.320007,161.54264221997994,158.3431941142538,165.13436961683325,158.89882527840865,164.3897257053998,141.65382863744546,192.320007,23.162637219979928
2023-12-07,194.270004,161.54264221997994,159.9486888223172,165.13436961683325,160.50995371704488,166.05652822354006,141.65382863744546,194.270004,23.162637219979928
2023-12-08,195.710007,162.7400575936096,161.13428920841798,165.13436961683325,161.69971441155954,167.28740223336138,141.65382863744546,195.710007,24.360052593609595
2023-12-11,193.179993,160.63625804659594,159.05124800972575,162.99961793286974,159.60936375689298,165.12481751854892,139.8226183937795,193.179993,22.25625304659593
2023-12-12,194.710007,160.63625804659594,160.31095732223386,162.99961793286974,160.8734934283292,166.43263039620456,139.8226183937795,194.710007,22.25625304659593
2023-12-13,197.960007,163.31751643025692,162.98678595233224,162.99961793286974,163.55871162382783,169.2106388669642,139.8226183937795,197.960007,24.937511430256905
2023-12-14,198.110001,163.44126186717966,163.11028079526858,163.12312249857843,163.6826398139865,169.3388495139067,139.92856178174551,198.110001,25.06125686717965
2023-12-15,197.570007,162.9957654242176,162.66568651672046,162.67849321703855,163.236485440368,168.87727785047304,139.54715456651476,197.570007,24.615760424217598
2023-12-18,195.889999,162.9957654242176,161.28248236127604,162.67849321703855,161.84842757877314,167.4412543258749,139.54715456651476,195.889999,24.615760424217598
2023-12-19,196.940002,163.86944985709528,162.146983311765,162.67849321703855,162.71596208982797,168.33876731920506,139.54715456651476,196.940002,25.489444857095265
2023-12-20,194.830002,162.11376520345917,160.40975303191652,162.67849321703855,160.97263581521193,166.5351987428042,139.54715456651476,194.830002,23.733760203459155
2024-01-11,185.589996,162.11376520345917,152.80216146358393,162.67849321703855,153.33834897283757,158.6371018388443,139.54715456651476,185.589996,23.733760203459155
2024-01-12,185.919998,162.11376520345917,152.80216146358393,162.67849321703855,153.61100354974553,158.6371018388443,139.54715456651476,185.919998,23.733760203459155
2024-01-16,183.630005,162.11376520345917,152.80216146358393,162.67849321703855,151.7189632816949,158.6371018388443,139.54715456651476,183.630005,23.733760203459155
2024-01-18,188.630005,162.11376520345917,152.80216146358393,162.67849321703855,155.85006819784667,158.6371018388443,139.54715456651476,188.630005,23.733760203459155
2024-01-19,191.559998,162.11376520345917,152.80216146358393,162.67849321703855,155.85006819784667,158.6371018388443,139.54715456651476,191.559998,23.733760203459155
2024-01-22,193.889999,164.08560295132668,154.66073941685949,164.6571999190202,155.85006819784667,158.6371018388443,139.54715456651476,193.889999,25.705597951326666
2024-01-23,195.179993,165.17730156592924,155.68973228349677,165.75270149748138,155.85006819784667,159.69255034369215,139.54715456651476,195.179993,26.79729656592923
2024-01-24,194.5,164.60183577613532,155.14732049990454,165.17523105588046,155.85006819784667,159.13619303105583,139.54715456651476,194.5,26.221830776135306
2024-01-25,194.169998,164.60183577613532,154.88408694689883,164.8949834641123,155.85006819784667,158.8661916841528,139.54715456651476,194.169998,26.221830776135306
2024-01-26,192.419998,164.60183577613532,153.48815989869917,163.40883099959925,155.85006819784667,157.4343750373438,139.54715456651476,192.419998,26.221830776135306
2024-01-29,191.729996,164.60183577613532,152.93776421006382,163.40883099959925,155.85006819784667,156.8698285516687,139.54715456651476,191.729996,26.221830776135306
2024-01-30,188.039993,164.60183577613532,152.93776421006382,163.40883099959925,155.85006819784667,153.8507384247115,139.54715456651476,188.039993,26.221830776135306
2024-03-14,173.0,164.60183577613532,152.93776421006382,163.40883099959925,155.85006819784667,141.54530279883113,139.54715456651476,173.0,26.221830776135306
2024-03-15,172.619995,164.60183577613532,152.93776421006382,163.40883099959925,155.85006819784667,141.54530279883113,139.54715456651476,172.619995,26.221830776135306
2024-03-18,173.720001,164.60183577613532,152.93776421006382,163.40883099959925,155.85006819784667,141.54530279883113,139.54715456651476,173.720001,26.221830776135306
2024-03-19,176.080002,164.60183577613532,152.93776421006382,165.62875387749452,155.85006819784667,141.54530279883113,139.54715456651476,176.080002,26.221830776135306
2024-03-20,178.669998,167.02299713126095,152.93776421006382,168.06502037655835,155.85006819784667,141.54530279883113,139.54715456651476,178.669998,28.64299213126094
2024-03-21,171.369995,160.1988610492356,152.93776421006382,161.1983098673662,155.85006819784667,141.54530279883113,139.54715456651476,171.369995,21.818856049235592
2024-04-11,175.039993,160.1988610492356,152.93776421006382,161.1983098673662,155.85006819784667,141.54530279883113,139.54715456651476,175.039993,21.818856049235592
2024-04-12,176.550003,161.58084169278462,152.93776421006382,161.1983098673662,155.85006819784667,141.54530279883113,139.54715456651476,176.550003,23.200836692784605
2024-04-15,172.690002,158.04811895182272,149.59400939410602,157.67395061098972,155.85006819784667,138.450627063545,139.54715456651476,172.690002,19.668113951822704
2024-04-16,169.380005,158.04811895182272,149.59400939410602,157.67395061098972,155.85006819784667,135.79690562674492,139.54715456651476,169.380005,19.668113951822704
2024-04-29,173.5,158.04811895182272,149.59400939410602,157.67395061098972,155.85006819784667,135.79690562674492,139.54715456651476,173.5,19.668113951822704
2024-04-30,170.330002,155.16044044472739,146.8607949238392,157.67395061098972,155.85006819784667,135.79690562674492,139.54715456651476,170.330002,16.780435444727374
2024-05-01,169.300003,155.16044044472739,146.8607949238392,157.67395061098972,155.85006819784667,135.79690562674492,139.54715456651476,169.300003,16.780435444727374
2024-05-02,173.029999,155.16044044472739,146.8607949238392,157.67395061098972,155.85006819784667,135.79690562674492,139.54715456651476,173.029999,16.780435444727374
2024-05-03,183.380005,164.44155642950858,146.8607949238392,167.1054153529357,155.85006819784667,135.79690562674492,139.54715456651476,183.380005,26.06155142950857
2024-05-06,181.710007,162.94402636697984,145.52336866626425,165.58362616207722,155.85006819784667,134.56023557210696,139.54715456651476,181.710007,24.56402136697983
2024-05-07,182.399994,163.56275541650805,146.07594820898547,166.21237826742876,155.85006819784667,135.07118604090363,139.54715456651476,182.399994,25.182750416508043
2024-05-08,182.740005,163.56275541650805,146.34824772028088,166.5222140064973,155.85006819784667,135.32297162504653,139.54715456651476,182.740005,25.182750416508043
2024-05-09,184.570007,165.20071186472924,147.8138139821654,168.18980717897378,157.4107879565125,136.67812814219656,140.94461305925714,184.570007,26.82070686472923
2024-05-10,183.050003,163.8402213553626,146.59651117029443,166.8047003361742,156.11445042461304,135.55253192607543,139.78388072191413,183.050003,25.460216355362576
2024-05-13,186.279999,163.8402213553626,149.1832696348327,166.8047003361742,158.86915701925702,137.94441462880937,139.78388072191413,186.279999,25.460216355362576
2024-05-14,187.429993,164.85168405951117,150.10424808609648,166.8047003361742,159.84993100646966,138.79601034497986,139.78388072191413,187.429993,26.47167905951116
2024-05-15,189.720001,166.86583168480482,151.93821245566858,166.8047003361742,161.8029675239723,140.49181136898184,139.78388072191413,189.720001,28.485826684804806
2024-05-16,189.839996,166.97137177213077,152.03431105206073,166.91020175885677,161.90530542712276,140.58067029169092,139.8722918893125,189.839996,28.591366772130755
2024-05-17,189.869995,166.97137177213077,152.05833590137252,166.91020175885677,161.9308901161232,140.60288520749862,139.8722918893125,189.869995,28.591366772130755
2024-05-20,191.039993,168.0002661534186,152.99533465616753,166.91020175885677,162.9287245426427,141.46929432330973,139.8722918893125,191.039993,29.620261153418596
2024-05-21,192.350006,169.15228950312863,154.044465124566,166.91020175885677,164.04597095724176,142.43938760982047,139.8722918893125,192.350006,30.772284503128617
2024-05-22,190.899994,167.877151255371,152.88321575624414,166.91020175885677,162.80932620018544,141.36562200096006,139.8722918893125,190.899994,29.49714625537098
2024-05-23,186.880005,167.877151255371,149.66378744329865,166.91020175885677,159.38087297340246,138.38873219853286,139.8722918893125,186.880005,29.49714625537098
2024-05-24,189.979996,167.877151255371,152.1464307528391,166.91020175885677,162.02470462243141,140.68434335456243,139.8722918893125,189.979996,29.49714625537098
2024-05-28,189.990005,167.88599577817493,152.15444651058974,166.91020175885677,162.03324081204457,140.69175523803585,139.8722918893125,189.990005,29.50599077817492
2024-05-29,190.289993,167.88599577817493,152.39469340199764,166.91020175885677,162.2890859963464,140.91390291506946,139.8722918893125,190.289993,29.50599077817492
2024-05-30,191.289993,167.88599577817493,153.19554840755748,166.91020175885677,163.14193739140816,141.65442479272315,139.8722918893125,191.289993,29.50599077817492
2024-05-31,192.25,168.72854759503352,153.96437481887997,166.91020175885677,163.96068070062722,142.36533097892382,139.8722918893125,192.25,30.348542595033507
2024-06-03,194.029999,170.29076681995218,155.3898959279215,166.91020175885677,165.4787553309858,143.68345918062553,139.8722918893125,194.029999,31.91076181995217
2024-06-04,194.350006,170.57162152127984,155.64617513568567,166.91020175885677,165.75167374736534,143.92043136512788,139.8722918893125,194.350006,32.191616521279826
2024-06-05,195.869995,171.9056425164966,156.86346593473158,166.91020175885677,167.0479984864939,145.04601647342082,139.8722918893125,195.869995,33.5256375164966
2024-06-06,194.479996,170.68570747135462,155.7502782778584,165.72571705238292,165.86253590020942,144.01669180400407,138.8796827566383,194.479996,32.30570247135461
2024-06-07,196.889999,170.68570747135462,157.68034124382262,165.72571705238292,167.9179103208625,145.80135175071513,138.8796827566383,196.889999,32.30570247135461
2024-06-11,207.149994,179.58018923336408,165.8971095965916,174.36173227390194,176.66816136993938,153.39910251283268,146.1167433382918,207.149994,41.20018423336407
2024-06-12,213.070007,184.7123016427131,170.63818164062096,179.34470959305176,181.71705271577326,157.783001655327,150.29252439132117,213.070007,46.33229664271309
2024-06-13,214.240005,185.72658341113382,171.57518039541597,180.3295171428748,182.71488714229275,158.6494107711381,151.11780222102902,214.240005,47.346578411133805
2024-06-14,212.490005,184.20949270265717,170.17368413568624,178.85651187945527,181.22239720093464,157.3534974852441,149.8834101947275,212.490005,45.82948770265716
2024-06-17,216.669998,184.20949270265717,173.52125245294133,182.3748842737735,184.7873100623331,160.44887375018342,152.8318387828396,216.669998,45.82948770265716
2024-06-18,214.289993,182.1860491353582,171.6152135354339,180.37159290693643,182.7575194778291,158.68642797875825,151.1530621002352,214.289993,43.80604413535818
2024-06-20,209.679993,178.26669819061294,167.923271959803,180.37159290693643,178.8258745465943,155.27262212277466,151.1530621002352,209.679993,39.88669319061293
2024-06-21,207.490005,178.26669819061294,166.16940910788702,180.37159290693643,176.95814022562573,153.6508880969756,151.1530621002352,207.490005,39.88669319061293
2024-06-24,208.139999,178.26669819061294,166.68996005637086,180.37159290693643,177.5124885153075,154.13222287431924,151.1530621002352,208.139999,39.88669319061293
2024-06-25,209.070007,179.06322675911196,167.43476161838157,180.37159290693643,178.30564713552613,154.13222287431924,151.1530621002352,209.070007,40.683221759111944
2024-06-26,213.25,182.6432861141131,170.78232993563668,180.37159290693643,181.8705599969246,154.13222287431924,151.1530621002352,213.25,44.263281114113084
2024-06-27,214.100006,183.37129497252675,171.46306149549258,180.37159290693643,182.5954887998355,154.74658777109067,151.1530621002352,214.100006,44.991289972526744
2024-06-28,210.619995,183.37129497252675,168.67607726673927,180.37159290693643,179.62755656365513,152.23131540974444,151.1530621002352,210.619995,44.991289972526744
2024-07-01,216.75,183.37129497252675,173.58532245509613,180.37159290693643,184.85553987964084,156.66194282770783,151.1530621002352,216.75,44.991289972526744
2024-07-02,220.270004,186.3492312668219,176.40433527808682,180.37159290693643,187.8575802016639,159.20612121479573,151.1530621002352,220.270004,47.96922626682189
2024-07-03,221.550003,187.43211511546568,177.42942888434843,181.4197404275098,188.94922913449156,160.13127521782928,152.0314194109076,221.550003,49.052110115465666
2024-07-05,226.339996,191.484466761691,181.26551875499504,185.34210230944393,193.03438134687775,163.59337260888407,155.31839492387255,226.339996,53.104461761691
2024-07-08,227.820007,192.73656149591747,182.45079297262865,186.55403283444537,194.2966107929345,164.66309071115109,156.33400390616515,227.820007,54.35655649591746
2024-07-09,228.679993,192.73656149591747,183.13951706544003,187.25824603588364,195.0300510527681,165.28466892367533,156.92414107828475,228.679993,54.35655649591746
2024-07-10,232.979996,196.36069923429028,186.5831959919124,190.77937182028506,198.69731461008794,168.392612749027,159.87487703273726,232.979996,57.98069423429027
2024-07-11,227.570007,191.8010407179865,182.2505792212387,186.34931636189862,194.08339794416906,164.48239642876618,156.16244960989766,227.570007,53.421035717986484
2024-07-12,230.539993,191.8010407179865,184.62910737578136,186.34931636189862,196.61635464758302,166.629034384619,156.16244960989766,230.539993,53.421035717986484
2024-07-15,234.399994,195.01242369470268,187.72040849809736,186.34931636189862,199.90836188537287,169.41895482741896,156.16244960989766,234.399994,56.632418694702665
2024-07-16,234.820007,195.01242369470268,188.05677801154755,186.68322906418783,200.26657055836696,169.72253061792827,156.44227154089992,234.820007,56.632418694702665
2024-07-17,228.880005,190.07939349182317,183.2996976768121,186.68322906418783,195.2006315659972,165.42923302290882,156.44227154089992,228.880005,51.69938849182316
2024-08-12,217.529999,190.07939349182317,174.2099885585778,186.68322906418783,185.52076311493764,157.22570826597158,156.44227154089992,217.529999,51.69938849182316
2024-08-13,221.270004,193.3474387514399,174.2099885585778,186.68322906418783,188.71043159672567,159.92889834433532,156.44227154089992,221.270004,54.9674337514399
2024-08-14,221.720001,193.7406496061558,174.56427956415575,186.68322906418783,189.09421216594927,160.25414588429675,156.44227154089992,221.720001,55.3606446061558
2024-08-15,224.720001,196.36207278041633,176.92623534771388,186.68322906418783,191.6527663511346,162.42247727291556,156.44227154089992,224.720001,57.982067780416315
2024-08-16,226.050003,197.52423880195397,177.97337065306186,187.78811099244052,192.78706041226957,163.38377230075747,157.36817280962563,226.050003,59.14423380195396
2024-08-19,225.889999,197.3844260707625,177.84739652866438,187.65518974266183,192.6506007776541,163.26812506892261,157.25678357366868,225.889999,59.004421070762476
2024-08-20,226.509995,197.3844260707625,178.33553090799202,188.1702433861819,193.17936523118684,163.71624399812865,157.68840328777804,226.509995,59.004421070762476
2024-08-21,226.399994,197.28856944310147,178.2489250752763,188.07886148074888,193.17936523118684,163.63673779110218,157.68840328777804,226.399994,58.908564443101454
2024-08-22,224.529999,197.28856944310147,176.77664324011803,188.07886148074888,193.17936523118684,162.28514817274876,157.68840328777804,224.529999,58.908564443101454
2024-08-23,226.839996,197.28856944310147,178.595346831502,188.07886148074888,193.17936523118684,163.95476117365385,157.68840328777804,226.839996,58.908564443101454
2024-08-26,227.179993,197.28856944310147,178.86303279168283,188.07886148074888,193.17936523118684,164.20050322936592,157.68840328777804,227.179993,58.908564443101454
2024-08-27,228.029999,198.02673509555862,179.53225832093585,188.07886148074888,193.17936523118684,164.81486812613736,157.68840328777804,228.029999,59.64673009555861
2024-08-28,226.490005,196.68936727016668,178.31979240928757,188.07886148074888,193.17936523118684,163.70179568330917,157.68840328777804,226.490005,58.30936227016667
2024-08-29,229.789993,196.68936727016668,180.9179343233784,188.07886148074888,193.17936523118684,166.08695153746427,157.68840328777804,229.789993,58.30936227016667
2024-08-30,229.0,196.68936727016668,180.29595814493825,187.432266813688,192.5152355870509,165.5159626645679,157.14628771019272,229.0,58.30936227016667
2024-09-19,228.869995,196.68936727016668,180.19360279105774,187.432266813688,192.40594325865575,165.4219980238421,157.14628771019272,228.869995,58.30936227016667
2024-09-20,228.199997,196.11357539892435,179.66610090736697,187.432266813688,191.84269075728957,165.4219980238421,157.14628771019272,228.199997,57.73357039892434
2024-09-23,226.470001,196.11357539892435,178.3040428881228,186.01133308835313,190.38832137954,164.16792528652624,155.95495356151838,226.470001,57.73357039892434
2024-09-24,227.369995,196.11357539892435,179.01262489927868,186.75054394618112,191.14492643166633,164.8203302280104,156.5747200730028,227.369995,57.73357039892434
2024-09-25,226.369995,196.11357539892435,178.2253063047593,185.92919307292198,190.30424854700672,164.09543101592214,155.88608602490422,226.369995,57.73357039892434
2024-09-26,227.520004,196.11357539892435,179.13072977432395,185.92919307292198,191.27103568046624,164.92907163391655,155.88608602490422,227.520004,57.73357039892434
2024-09-27,227.789993,196.346295630893,179.34329713433965,186.14982790074382,191.4980094618676,165.12478644728907,156.07106988452026,227.789993,57.966290630892985
2024-09-30,233.0,196.346295630893,183.4452325230158,186.14982790074382,195.87794712568936,168.90151641656334,156.07106988452026,233.0,57.966290630892985
2024-10-01,226.210007,190.62445025359816,178.09934477745932,180.72512391620623,190.1697501735958,163.97945584077857,151.52290906040693,226.210007,52.244445253598144
2024-10-02,226.779999,190.62445025359816,178.09934477745932,180.72512391620623,190.6489298424287,164.3926425924752,151.52290906040693,226.779999,52.244445253598144
2024-10-03,225.669998,189.691416779134,178.09934477745932,180.72512391620623,189.71577654977864,163.588003742158,151.52290906040693,225.669998,51.31141177913398
2024-10-04,226.800003,189.691416779134,178.09934477745932,180.72512391620623,190.66574676283344,164.4071434763138,151.52290906040693,226.800003,51.31141177913398
2024-10-07,221.690002,189.691416779134,178.09934477745932,180.72512391620623,186.36988193154494,160.7029077776436,151.52290906040693,221.690002,51.31141177913398
2024-10-08,225.770004,189.691416779134,178.09934477745932,180.72512391620623,189.79984938231192,160.7029077776436,151.52290906040693,225.770004,51.31141177913398
2024-10-09,229.539993,189.691416779134,178.09934477745932,180.72512391620623,192.96919576002193,160.7029077776436,151.52290906040693,229.539993,51.31141177913398
2024-10-10,229.039993,189.2782177232746,177.71139638021106,180.72512391620623,192.54885681769213,160.7029077776436,151.52290906040693,229.039993,50.89821272327458
2024-10-11,227.550003,189.2782177232746,176.55531791537913,179.54944003734798,191.29625517632815,160.7029077776436,151.52290906040693,227.550003,50.89821272327458
2024-10-14,231.300003,189.2782177232746,176.55531791537913,179.54944003734798,194.4487972438017,163.3512747133547,151.52290906040693,231.300003,50.89821272327458
2024-10-15,233.850006,191.36494498989293,178.50177958641584,181.5289108752431,196.59252837171735,165.1521663483318,153.19339703127292,233.850006,52.98493998989292
2024-10-16,231.779999,189.6710097086439,176.921707216196,179.922042769308,194.85231926572675,163.690262856201,151.83735086461806,231.779999,51.2910047086439
2024-10-17,232.149994,189.6710097086439,177.20413083921733,179.922042769308,195.16336587966137,163.9515648627019,151.83735086461806,232.149994,51.2910047086439
2024-10-18,235.0,189.6710097086439,179.37959002151027,179.922042769308,197.55930289500859,165.96432797122944,151.83735086461806,235.0,51.2910047086439
2024-10-21,236.479996,189.6710097086439,180.509296726674,181.05516576339485,198.80350280159328,167.00954729693203,152.7936005324063,236.479996,51.2910047086439
2024-10-22,235.860001,189.17373687519753,180.03604375256597,180.580481648898,198.28228671649376,166.57168749471705,152.3930116032603,235.860001,50.79373187519752
2024-10-23,230.759995,185.08322899333785,176.1431204104926,180.580481648898,193.99482446066241,162.96990422476284,152.3930116032603,230.759995,46.70322399333784
2024-10-24,230.570007,185.08322899333785,176.1431204104926,180.580481648898,193.8351057507117,162.83572877479435,152.3930116032603,230.570007,46.70322399333784
2024-10-25,231.410004,185.08322899333785,176.1431204104926,180.580481648898,194.54127265179213,163.42896084970008,152.3930116032603,231.410004,46.70322399333784
2024-10-28,233.399994,186.67483596148108,176.1431204104926,180.580481648898,196.2142132354859,163.42896084970008,152.3930116032603,233.399994,48.29483096148107
2024-10-29,233.669998,186.67483596148108,176.34688796964392,180.580481648898,196.44119962705554,163.61802029391438,152.3930116032603,233.669998,48.29483096148107
2024-10-30,230.100006,183.82283238084256,173.652673972704,180.580481648898,193.4399863042438,161.11827694429914,152.3930116032603,230.100006,45.442827380842544
2024-11-18,228.020004,183.82283238084256,173.652673972704,180.580481648898,191.69137462279605,161.11827694429914,152.3930116032603,228.020004,45.442827380842544
2024-11-19,228.279999,184.03243248814215,173.652673972704,180.580481648898,191.90994666941813,161.11827694429914,152.3930116032603,228.279999,45.65242748814214
2024-11-20,229.0,184.61287552303062,173.652673972704,181.150037141877,191.90994666941813,161.11827694429914,152.3930116032603,229.0,46.23287052303061
2024-11-21,228.520004,184.2259172618972,173.652673972704,180.77033717144926,191.90994666941813,160.78056459294473,152.3930116032603,228.520004,45.84591226189718
2024-11-22,229.869995,184.2259172618972,173.652673972704,181.83824511813572,191.90994666941813,161.7303821641688,152.3930116032603,229.869995,45.84591226189718
2024-11-25,232.869995,186.63022301648553,173.652673972704,184.211389709514,191.90994666941813,163.8411019494653,152.3930116032603,232.869995,48.25021801648552
2024-11-26,235.059998,188.3853686216408,175.28577349228036,185.94378763436478,191.90994666941813,165.38192950345154,152.3930116032603,235.059998,50.00536362164078
2024-11-27,234.929993,188.28117803176568,175.1888279159307,185.8409474134974,191.90994666941813,165.2904614615557,152.3930116032603,234.929993,49.901173031765666
2024-11-29,237.330002,190.20462984835362,176.9785302792968,187.73947020603381,191.90994666941813,166.97904362195226,152.3930116032603,237.330002,51.82462484835361
2024-12-02,239.589996,192.01586870819867,178.66382254403132,189.5272343852496,191.90994666941813,168.5691149721027,152.3930116032603,239.589996,53.635863708198656
2024-12-03,242.649994,194.46825897500824,180.94568300892774,191.94784028635908,191.90994666941813,170.7220477459586,152.3930116032603,242.649994,56.08825397500823
2024-12-04,243.009995,194.7567764669941,181.21413810243538,192.2326184283727,192.19466859160758,170.97533482376747,152.6191053099438,243.009995,56.376771466994086
2024-12-05,243.039993,194.7808179216695,181.23650780667242,192.25634829219007,192.21839377076498,170.9964406144739,152.6379451437584,243.039993,56.400812921669484
2024-12-06,242.839996,194.7808179216695,181.08736873945804,192.25634829219007,192.06021773716475,170.8557280728406,152.6379451437584,242.839996,56.400812921669484
2024-12-09,246.75,194.7808179216695,184.0030842220129,192.25634829219007,195.1526087434353,173.60670234063673,152.6379451437584,246.75,56.400812921669484
2024-12-10,247.770004,195.5859940651482,184.76370785694212,193.05108889718875,195.95932177901278,174.32434988193057,153.2689129840762,247.770004,57.2059890651482
2024-12-11,246.490005,194.57558169570984,183.80920425491135,193.05108889718875,194.94698076973623,173.423776810444,153.2689129840762,246.490005,56.19557669570983
2024-12-12,247.960007,194.57558169570984,184.90539433317892,193.05108889718875,196.1095936376514,174.4580309123858,153.2689129840762,247.960007,56.19557669570983
2024-12-13,248.130005,194.7089800615887,185.03216295044976,193.05108889718875,196.24404370120223,174.57763695973944,153.2689129840762,248.130005,56.32897506158869
2024-12-16,251.039993,194.7089800615887,187.2021599800305,193.05108889718875,198.5455300218186,176.6250267085979,153.2689129840762,251.039993,56.32897506158869
2024-12-17,253.479996,196.60146934108457,189.02168613002428,193.05108889718875,200.47530895106604,178.3417475780255,153.2689129840762,253.479996,58.221464341084555
2024-12-20,254.490005,197.38484182246853,189.7748564282694,193.82031463619325,201.27411702078984,179.05236290456799,153.87962382507737,254.490005,59.00483682246852
2024-12-23,255.270004,197.98981638418732,190.3565067694653,193.82031463619325,201.89101201437555,179.60114934517182,153.87962382507737,255.270004,59.60981138418731
2024-12-24,258.200012,200.2623581510774,192.54143284360987,196.04499855340964,204.2083319934602,181.66262463073085,155.64586553690995,258.200012,61.88235315107738
2024-12-26,259.019989,200.89834002566246,193.1528950401291,196.66758717582547,204.85684526867647,182.23953852319352,156.14015687677772,259.019989,62.51833502566245
2024-12-27,255.589996,198.23800518949798,190.59512689074745,194.06327679057574,202.14409113728146,179.8262871603507,154.0725185945977,255.589996,59.85800018949797
2024-12-30,252.199997,198.23800518949798,188.06718252799348,194.06327679057574,199.4629679417895,177.4411745065389,154.0725185945977,252.199997,59.85800018949797
2025-01-27,229.860001,198.23800518949798,171.4081018167172,194.06327679057574,181.79444312429038,161.72335065299072,154.0725185945977,229.860001,59.85800018949797
2025-01-28,238.259995,198.23800518949798,171.4081018167172,194.06327679057574,181.79444312429038,161.72335065299072,154.0725185945977,238.259995,59.85800018949797
2025-01-29,239.360001,199.15323644826,171.4081018167172,194.06327679057574,181.79444312429038,161.72335065299072,154.0725185945977,239.360001,60.77323144825999
2025-01-30,237.589996,197.68055002276319,171.4081018167172,192.62822929391527,181.79444312429038,160.52744850527748,154.0725185945977,237.589996,59.300545022763174
2025-01-31,236.0,197.68055002276319,171.4081018167172,191.33912571539418,181.79444312429038,159.45316926241912,154.0725185945977,236.0,59.300545022763174
2025-02-03,228.009995,197.68055002276319,171.4081018167172,184.86115719352287,181.79444312429038,154.0547301960099,154.0725185945977,228.009995,59.300545022763174
2025-02-04,232.800003,197.68055002276319,171.4081018167172,184.86115719352287,181.79444312429038,154.0547301960099,154.0725185945977,232.800003,59.300545022763174
2025-02-05,232.470001,197.40033105357094,171.4081018167172,184.59911015396085,181.79444312429038,154.0547301960099,154.0725185945977,232.470001,59.020326053570926
2025-02-06,233.220001,198.03718848744765,171.4081018167172,185.19466799806938,181.79444312429038,154.0547301960099,154.0725185945977,233.220001,59.65718348744764
2025-02-14,244.600006,207.70044286318662,171.4081018167172,194.2312696563953,181.79444312429038,154.0547301960099,154.0725185945977,244.600006,69.32043786318661
2025-02-18,244.470001,207.59004999559843,171.31699834275943,194.12803565969753,181.79444312429038,153.97285004593692,154.0725185945977,244.470001,69.21004499559842
2025-02-19,244.869995,207.92970219880655,171.5973017384923,194.44566174542598,181.79444312429038,154.22477550071397,154.0725185945977,244.869995,69.54969719880654
2025-02-20,245.830002,207.92970219880655,172.27004488470777,195.2079813444248,181.79444312429038,154.82941007039295,154.0725185945977,245.830002,69.54969719880654
2025-02-21,245.550003,207.69287142871218,172.07383026523397,194.98564054336808,181.79444312429038,154.65306023661515,154.0725185945977,245.550003,69.31286642871217
2025-02-24,247.100006,209.00390612575967,173.16002431888504,194.98564054336808,181.79444312429038,155.62928790673223,154.0725185945977,247.100006,70.62390112575966
2025-02-25,247.039993,208.95314549802288,173.117969068836,194.98564054336808,181.79444312429038,155.5914903339748,154.0725185945977,247.039993,70.57314049802287
2025-02-26,240.360001,208.95314549802288,168.4368377491955,194.98564054336808,181.79444312429038,151.38427716950943,154.0725185945977,240.360001,70.57314049802287
2025-02-27,237.300003,208.95314549802288,168.4368377491955,194.98564054336808,181.79444312429038,149.4570197912315,154.0725185945977,237.300003,70.57314049802287
2025-03-24,220.729996,208.95314549802288,168.4368377491955,194.98564054336808,181.79444312429038,139.0208468758024,154.0725185945977,220.729996,70.57314049802287
2025-03-25,223.75,208.95314549802288,168.4368377491955,194.98564054336808,181.79444312429038,139.0208468758024,154.0725185945977,223.75,70.57314049802287
2025-03-26,221.529999,206.87995581329102,168.4368377491955,193.05103354005226,181.79444312429038,139.0208468758024,154.0725185945977,221.529999,68.49995081329101
2025-03-27,223.850006,206.87995581329102,168.4368377491955,195.07279019238788,181.79444312429038,139.0208468758024,154.0725185945977,223.850006,68.49995081329101
2025-03-28,217.899994,201.38101372414695,168.4368377491955,189.88768672396003,181.79444312429038,139.0208468758024,154.0725185945977,217.899994,63.00100872414694
2025-03-31,222.130005,201.38101372414695,168.4368377491955,189.88768672396003,181.79444312429038,139.0208468758024,154.0725185945977,222.130005,63.00100872414694
2025-04-01,223.190002,202.34199722749918,168.4368377491955,190.79382445291895,181.79444312429038,139.6842497358789,154.0725185945977,223.190002,63.96199222749917
2025-04-02,223.889999,202.97660805129968,168.4368377491955,191.39221642181892,181.79444312429038,140.12234532656922,154.0725185945977,223.889999,64.59660305129967
2025-04-14,202.520004,183.6027676897513,168.4368377491955,173.12409043923233,181.79444312429038,126.74785860366269,154.0725185945977,202.520004,45.22276268975128
2025-04-15,202.139999,183.6027676897513,168.4368377491955,173.12409043923233,181.79444312429038,126.74785860366269,154.0725185945977,202.139999,45.22276268975128
2025-04-16,194.270004,183.6027676897513,168.4368377491955,166.38378306376677,181.79444312429038,126.74785860366269,154.0725185945977,194.270004,45.22276268975128
2025-04-17,196.979996,183.6027676897513,168.4368377491955,168.70477298371623,181.79444312429038,126.74785860366269,154.0725185945977,196.979996,45.22276268975128
2025-04-21,193.160004,183.6027676897513,168.4368377491955,165.43311648942117,181.79444312429038,126.74785860366269,154.0725185945977,193.160004,45.22276268975128
2025-04-22,199.740005,183.6027676897513,168.4368377491955,165.43311648942117,181.79444312429038,126.74785860366269,154.0725185945977,199.740005,45.22276268975128
2025-04-23,204.600006,188.07012331325276,168.4368377491955,169.45837478242913,181.79444312429038,126.74785860366269,154.0725185945977,204.600006,49.69011831325275
2025-04-24,208.369995,188.07012331325276,168.4368377491955,172.58083905492595,181.79444312429038,126.74785860366269,154.0725185945977,208.369995,49.69011831325275
2025-04-25,209.279999,188.8914726850544,168.4368377491955,173.33454283969274,181.79444312429038,127.30139827390538,154.0725185945977,209.279999,50.511467685054384
2025-04-28,210.139999,189.66768955855096,168.4368377491955,174.0468311976554,181.79444312429038,127.82452137711007,154.0725185945977,210.139999,51.28768455855095
2025-04-29,211.210007,189.66768955855096,168.4368377491955,174.93305705966344,181.79444312429038,128.47538870898666,154.0725185945977,211.210007,51.28768455855095
2025-04-30,212.5,190.82611001093372,168.4368377491955,176.00148379891147,181.79444312429038,129.26006910581498,154.0725185945977,212.5,52.44610501093371
2025-05-01,213.320007,191.56248058030658,168.4368377491955,176.68064826350204,181.79444312429038,129.75886515987264,154.0725185945977,213.320007,53.18247558030657
2025-05-02,205.350006,184.4053780503619,168.4368377491955,176.68064826350204,181.79444312429038,124.91085160677423,154.0725185945977,205.350006,46.02537305036188
2025-05-05,198.889999,184.4053780503619,168.4368377491955,176.68064826350204,181.79444312429038,120.98134124797869,154.0725185945977,198.889999,46.02537305036188
2025-05-06,198.509995,184.4053780503619,168.4368377491955,176.68064826350204,181.79444312429038,120.75019139715288,154.0725185945977,198.509995,46.02537305036188
2025-05-07,196.25,184.4053780503619,168.4368377491955,176.68064826350204,181.79444312429038,120.75019139715288,154.0725185945977,196.25,46.02537305036188
2025-05-08,197.490005,184.4053780503619,168.4368377491955,176.68064826350204,181.79444312429038,120.75019139715288,154.0725185945977,197.490005,46.02537305036188
2025-05-09,198.529999,184.4053780503619,168.4368377491955,176.68064826350204,181.79444312429038,120.75019139715288,154.0725185945977,198.529999,46.02537305036188
2025-05-12,210.789993,184.4053780503619,168.4368377491955,176.68064826350204,181.79444312429038,120.75019139715288,154.0725185945977,210.789993,46.02537305036188
2025-05-13,212.929993,184.4053780503619,168.4368377491955,178.47436048818003,181.79444312429038,120.75019139715289,154.0725185945977,212.929993,46.02537305036188
2025-05-14,212.330002,183.88576329049192,167.9622189071333,177.9714580622937,181.79444312429038,120.40994328524613,154.0725185945977,212.330002,45.50575829049191
2025-05-15,211.449997,183.88576329049192,167.26609687512118,177.23385258272464,181.79444312429038,119.910902400102,154.0725185945977,211.449997,45.50575829049191
2025-05-16,211.259995,183.88576329049192,167.1157970719083,177.0745960826717,181.79444312429038,119.8031544142847,154.0725185945977,211.259995,45.50575829049191
2025-05-19,208.779999,183.88576329049192,167.1157970719083,177.0745960826717,181.79444312429038,118.39677672439217,154.0725185945977,208.779999,45.50575829049191
2025-05-20,206.860001,183.88576329049192,167.1157970719083,177.0745960826717,181.79444312429038,117.30796756831359,154.0725185945977,206.860001,45.50575829049191
2025-05-21,202.089996,183.88576329049192,167.1157970719083,177.0745960826717,181.79444312429038,114.60295166801542,154.0725185945977,202.089996,45.50575829049191
2025-06-24,200.300003,183.88576329049192,167.1157970719083,177.0745960826717,181.79444312429038,114.60295166801542,154.0725185945977,200.300003,45.50575829049191
2025-06-25,201.559998,183.88576329049192,167.1157970719083,177.0745960826717,181.79444312429038,114.60295166801542,154.0725185945977,201.559998,45.50575829049191
2025-06-26,201.0,183.37486995504375,167.1157970719083,176.58262634343254,181.79444312429038,114.60295166801542,154.0725185945977,201.0,44.99486495504374
2025-06-27,201.080002,183.37486995504375,167.1157970719083,176.65290974279935,181.79444312429038,114.60295166801542,154.0725185945977,201.080002,44.99486495504374
2025-06-30,205.169998,183.37486995504375,167.1157970719083,180.2460551926209,181.79444312429038,114.60295166801544,154.0725185945977,205.169998,44.99486495504374
2025-07-01,207.820007,185.7433695431497,169.2742918352739,182.57414250134593,181.79444312429038,116.08318199558413,154.0725185945977,207.820007,47.363364543149686
2025-07-02,212.440002,189.87258429470393,173.03738660750875,186.63290295305504,181.79444312429038,118.66379840564751,154.0725185945977,212.440002,51.492579294703916
2025-07-03,213.550003,190.86467032584466,173.94150857306832,187.60806161884526,181.79444312429038,119.28381786363107,154.0725185945977,213.550003,52.484665325844645
2025-07-07,209.949997,187.64709154472393,171.00921887175608,184.44538244306358,181.79444312429038,117.27294240598953,154.0725185945977,209.949997,49.267086544723924
2025-07-08,210.009995,187.64709154472393,171.05808865627847,184.44538244306358,181.79444312429038,117.30645582394149,154.0725185945977,210.009995,49.267086544723924
2025-07-09,211.139999,187.64709154472393,171.97850353659857,184.44538244306358,181.79444312429038,117.93764846935285,154.0725185945977,211.139999,49.267086544723924
2025-07-10,212.410004,188.7757869393718,173.0129525297711,184.44538244306358,181.79444312429038,118.6470422552471,154.0725185945977,212.410004,50.3957819393718
2025-07-11,211.160004,187.6648706490345,171.9947980804062,184.44538244306358,181.79444312429038,117.94882277393181,154.0725185945977,211.160004,49.28486564903449
2025-07-21,212.479996,188.83799114176645,173.06996266274706,184.44538244306358,182.93086671788208,118.68613807759608,154.0725185945977,212.479996,50.45798614176644
2025-07-22,214.399994,190.5443567862585,174.6338462679244,184.44538244306358,184.58385478663467,119.7586020837452,154.0725185945977,214.399994,52.16435178625849
2025-07-23,214.149994,190.32217352819103,174.43021537805143,184.2303108623677,184.36862174098144,119.61895818748214,153.89286313411924,214.149994,51.94216852819102
2025-07-24,213.759995,189.97556853433883,174.11255200437316,183.89480005676847,184.03285905069455,119.40111426788737,153.6126013343947,213.759995,51.59556353433882
2025-07-25,213.880005,190.08222538554153,174.21030297674778,183.89480005676847,184.13617952192996,119.46814892384948,153.6126013343947,213.880005,51.70222038554152
2025-07-28,214.050003,190.08222538554153,174.34877035281428,183.89480005676847,184.2825362711098,119.56310565615719,153.6126013343947,214.050003,51.70222038554152
2025-07-29,211.270004,187.61351065027668,172.08439567195032,183.89480005676847,181.88914566437782,118.01026608828757,153.6126013343947,211.270004,49.23350565027667
2025-08-06,213.25,187.61351065027668,172.08439567195032,183.89480005676847,183.59378794222283,119.11624351238865,153.6126013343947,213.25,49.23350565027667
2025-08-07,220.029999,193.57843170347886,177.55558925024542,183.89480005676847,189.43090727940682,119.11624351238865,153.6126013343947,220.029999,55.198426703478845
2025-08-08,229.350006,201.77800606481605,185.0764697766386,191.68419619175953,197.45480124788529,124.16175652604443,160.1193073573528,229.350006,63.39800106481604
2025-08-11,227.179993,199.86886769629675,183.32535429853647,189.87056119394455,195.5865672194967,122.98699036639431,158.60432602128756,227.179993,61.488862696296735
2025-08-12,229.649994,199.86886769629675,185.31854834024392,191.9349176094305,197.71307057148297,124.3241591248773,160.32874214923817,229.649994,61.488862696296735
2025-08-13,233.330002,203.07165041473792,188.28817062745586,195.01056337793005,200.8813078909563,126.31638169019912,162.89791728163175,233.330002,64.6916454147379
2025-08-14,232.779999,202.5929720793944,187.84433975349214,194.55088655124598,200.4077926077226,126.0186300582476,162.5139360429111,232.779999,64.21296707939439
2025-08-15,231.589996,202.5929720793944,186.88405395230666,193.5563159711136,199.38328072761658,125.37440568987648,161.6831427090179,231.589996,64.21296707939439
2025-08-18,230.889999,202.5929720793944,186.31918379654027,193.5563159711136,198.780630782584,124.99545275850849,161.6831427090179,230.889999,64.21296707939439
2025-08-19,230.559998,202.5929720793944,186.05288591773072,193.5563159711136,198.49652230138955,124.8168022124285,161.6831427090179,230.559998,64.21296707939439
2025-08-20,226.009995,202.5929720793944,182.3812117486308,193.5563159711136,194.57927828770383,122.35359597785455,161.6831427090179,226.009995,64.21296707939439
2025-08-21,224.899994,202.5929720793944,181.48548442726965,193.5563159711136,193.62364270407122,121.75268178426317,161.6831427090179,224.899994,64.21296707939439
2025-08-22,227.759995,202.5929720793944,183.79339319025289,193.5563159711136,196.0859096072766,123.30098236650186,161.6831427090179,227.759995,64.21296707939439
2025-08-25,227.160004,202.0592788822599,183.30922395862984,193.5563159711136,195.56935804609842,122.97616904838135,161.6831427090179,227.160004,63.67927388225988
2025-08-26,229.309998,203.9717028547528,185.04418488800064,193.5563159711136,197.4203570731233,124.140097649109,161.6831427090179,229.309998,65.5916978547528
2025-08-27,230.490005,205.02132144648348,185.9964043087916,193.5563159711136,198.4362630751319,124.77891054642816,161.6831427090179,230.490005,66.64131644648347
2025-08-28,232.559998,206.86258436912073,187.66680756529883,193.5563159711136,200.21838666661557,125.89952951373971,161.6831427090179,232.559998,68.48257936912071
2025-08-29,232.139999,206.48899441676593,187.32788482627035,193.5563159711136,199.85679601085027,125.672157321828,161.6831427090179,232.139999,68.10898941676592
2025-09-02,229.720001,206.48899441676593,185.37504124663457,193.5563159711136,197.77334185079118,124.36205836996874,161.6831427090179,229.720001,68.10898941676592
2025-09-03,238.470001,206.48899441676593,192.43594845474507,193.5563159711136,205.30649844865493,129.09899031320526,161.6831427090179,238.470001,68.10898941676592
2025-09-04,239.779999,207.6233097124998,193.49306551998055,194.61958760170134,206.43431788601362,129.8081756128368,162.57132400098058,239.779999,69.24330471249979
2025-09-05,239.690002,207.54538213270948,193.42044146672245,194.546540729158,206.356836572375,129.75945450836875,162.51030585306526,239.690002,69.16537713270947
2025-09-08,237.880005,207.54538213270948,191.95984479655579,193.07744042400572,204.798551904642,128.77958792477307,161.28312422843027,237.880005,69.16537713270947
2025-09-09,234.350006,207.54538213270948,189.1112738955589,193.07744042400572,201.7594621609503,126.86857477932244,161.28312422843027,234.350006,69.16537713270947
2025-09-16,238.149994,207.54538213270948,192.17771534240842,193.07744042400572,205.0309941236935,128.92575015544992,161.28312422843027,238.149994,69.16537713270947
2025-09-17,238.990005,208.27744347380983,192.85557131095607,193.07744042400572,205.75418662734245,129.38050157700079,161.28312422843027,238.990005,69.89743847380981
2025-09-18,237.880005,207.31008936937386,191.95984479655579,193.07744042400572,204.798551904642,128.77958792477307,161.28312422843027,237.880005,68.93008436937384
2025-09-19,245.5,207.31008936937386,198.10888223898618,193.07744042400572,211.35885083149216,132.9047762359505,161.28312422843027,245.5,68.93008436937384
2025-09-22,256.079987,216.24425658117352,206.6465172641308,201.3982420927603,220.4675021314194,138.63239662215935,168.2337285366021,256.079987,77.8642515811735
